Observer,Analysis Date,SampleID,SampleCode,Site,Location,Replicate,Date,Day,Month,Year,Sample no,liters of seawater sampled,/L to /m3,Sample quality,notes,exuviae,#ind total_COPEPODA,total_COPEPODA,#ind Copepod nauplii,Copepod nauplii,#ind Copepods,Copepods,#ind Appendicularia,Appendicularia,#ind total_Balanoid,total_BALANOID,#ind Balanoid nauplii,Balanoid nauplii,#ind Balanoid cypris,Balanoid cypris,#ind Sagitta,Sagitta,#ind Total_POLYCHAETAE,Total_POLYCHAETAE,#ind Sabellariidae,Sabellariidae,#ind  other Polychaetae larvae,other Polychaetae larvae,#ind Spionida,Spionida,#ind Total_BRANCHIOPODA,Total_BRANCHIOPODA,#ind Evadne,Evadne,#ind Podon,Podon,#ind Gastropoda,Gastropoda,#ind Bryozoa larvae,Bryozoa larvae,#ind Bivalvia,Bivalvia,#ind Fish egg,Fish egg,#ind Fish larvae,Fish larvae,#ind Total_HYDROZOA,Total_HYDROZOA,#ind Obelia,Obelia,#ind Rathkea Octopunctata,Rathkea Octopunctata,#ind Clytia,Clytia,#ind unknown Jellies,unknown Jellies,#ind Hydroids,Hydroids,#ind Lizzia blondina,Lizzia blondina,#ind Stauridiosarsia gemmifera,Stauridiosarsia gemmifera,#ind Solmaris corona,Solmaris corona,#ind Euphysa sp.,Euphysa sp.,#ind Siphonophorae,Siphonophorae,#ind Total_MALACOSTRACA,Total_MALACOSTRACA,#ind Decapoda larvae,Decapoda larvae,#ind Amphipod,Amphipod,#ind Ophiura larvae,Ophiura larvae,#ind Asteroida larvae,Asteroida larvae,#ind Sea urchin larvae,Sea urchin larvae,#ind Ascidian larvae,Ascidian larvae,#ind Anemone larvae,Anemone larvae,#ind Nemertini larvae,Nemertini larvae,#ind Phoronida larvae,Phoronida larvae,#ind Ctenophore,Ctenophore,#ind Holothuria larvae,Holothuria larvae,#ind Total_Zooplankton,Total_Zooplankton,#ind Meroplankton,Meroplankton,#ind Holoplankton,Holoplankton,#ind MP Fragments,MP Fragments,#ind Microfibers,Microfibers
Eleni,17/01/2022,Pabay_NE_15/6/2021,Pabay_NE_1,Pabay,NE,,15/06/2021,15,6,2021,1,491,0.491,bad,U-unknownGPS point,TRUE,963,1961,250,509,713,1451,1,2,0,0,0,0,0,0,1,2,0,52,25,52,0,0,0,0,38,76,38,76,0,0,1,2,0,0,1,2,1,2,1,2,0,0,0,0,0,0,0,0,0,0,0,0,0,0,0,0,0,0,0,0,0,0,0,0,0,0,0,0,13,25,0,0,0,0,0,0,0,0,0,0,0,0,0,0,0,0,1019,2075,15,30,1003,2043,0,0,13,25
Eleni,,Pabay_NW_15/6/2021,Pabay_NW_1,Pabay,NW,,15/06/2021,15,6,2021,1,491,0.491,bad,,TRUE,4800,9778,3350,6825,1450,2954,50,102,0,0,0,0,0,0,0,0,0,53,25,51,0,0,1,2,0,0,0,0,0,0,250,509,0,0,1638,3336,13,25,0,0,1,2,0,0,0,0,0,0,1,2,0,0,0,0,0,0,0,0,0,0,0,0,0,0,0,0,0,0,0,0,0,0,0,0,0,0,0,0,0,0,0,0,0,0,0,0,6751,13753,1889,3847,4863,9906,13,25,38,76
Eleni,27/01/2022,Scalpay_SW_15/6/2021,Scalpay_SW_1,Scalpay,SW,1,15/06/2021,15,6,2021,1,491,0.491,bad,,TRUE,3900,7945,3000,6112,900,1833,100,204,0,0,0,0,0,0,0,0,0,2,1,2,0,0,0,0,13,25,13,25,0,0,63,127,,0,900,1833,0,0,0,0,0,0,0,0,0,0,0,0,0,0,0,0,0,0,0,0,0,0,0,0,0,0,0,0,0,0,0,0,1,2,0,0,0,0,0,0,0,0,0,0,0,0,0,0,0,0,4976,10137,964,1963,4013,8174,1,2,13,25
Eleni,23/03/2022,Scalpay_U_15/6/2021,Scalpay_U_1,Scalpay,U,2,15/06/2021,15,6,2021,1,491,0.491,good,,TRUE,3425,6977,2713,5526,713,1451,50,102,13,25,13,25,0,0,0,0,0,0,0,0,0,0,0,0,13,25,13,25,0,0,13,25,13,25,588,1197,38,76,0,0,0,0,0,0,0,0,0,0,0,0,0,0,0,0,0,0,0,0,0,0,0,0,1,2,1,2,0,0,38,76,0,0,1,2,0,0,0,0,0,0,0,0,0,0,0,0,4190,8535,652,1328,3538,7207,0,0,13,25
Eleni,14/04/2022,Scalpay_NW_15/6/2021,Scalpay_NW_1,Scalpay,NW,3,15/06/2021,15,6,2021,1,491,0.491,bad,,TRUE,2188,4456,1725,3514,463,942,88,178,0,0,0,0,0,0,0,0,38,76,38,76,0,0,0,0,1,2,1,2,0,0,25,51,0,0,325,662,0,0,0,0,0,0,0,0,0,0,0,0,0,0,0,0,0,0,0,0,0,0,0,0,0,0,0,0,0,0,0,0,25,51,0,0,0,0,1,2,0,0,0,0,0,0,0,0,0,0,2690,5479,414,842,2276,4637,0,0,63,127
Eleni,15/03/2022,Scalpay_4_15/6/2021,Scalpay_4_1,Scalpay,4,4,15/06/2021,15,6,2021,1,491,0.491,good,,TRUE,3163,6443,2463,5017,700,1426,25,51,1,2,1,2,0,0,1,2,13,25,0,0,13,25,0,0,2,4,1,2,1,2,25,51,0,0,575,1171,100,204,0,0,0,0,0,0,0,0,0,0,0,0,0,0,0,0,0,0,0,0,0,0,0,0,1,2,0,0,1,2,13,25,0,0,13,25,0,0,0,0,0,0,0,0,0,0,0,0,3930,8006,639,1301,3291,6703,0,0,0,0
Eleni,03/03/2022,Scalpay_5_15/6/2021,Scalpay_5_1,Scalpay,5,5,15/06/2021,15,6,2021,1,491,0.491,good,,TRUE,2850,5806,2000,4074,850,1732,25,51,0,0,0,0,0,0,0,0,0,0,0,0,0,0,0,0,0,0,0,0,0,0,88,178,0,0,613,1248,25,51,0,0,0,0,0,0,0,0,0,0,0,0,0,0,0,0,0,0,0,0,0,0,0,0,1,2,1,2,0,0,1,2,0,0,0,0,0,0,0,0,0,0,0,0,0,0,0,0,3602,7338,702,1430,2900,5908,13,25,13,25
Eleni,15/02/2022,Pabay_NE_16/9/2021,Pabay_NE_2,Pabay,NE,1,16/09/2021,16,9,2021,2,491,0.491,bad,,TRUE,8063,16425,5413,11026,2650,5399,2113,4304,38,76,38,76,0,0,0,0,152,310,150,306,1,2,1,2,39,78,38,76,1,2,825,1681,1,2,375,764,25,51,0,0,1,2,1,2,0,0,0,0,0,0,0,0,0,0,0,0,0,0,0,0,0,0,88,178,88,178,0,0,1,2,1,2,0,0,0,0,0,0,0,0,0,0,0,0,0,0,11720,23875,1444,2941,10276,20934,0,0,13,25
Eleni,19/01/2022,Pabay_NW_16/9/2021,Pabay_NW_2,Pabay,NW,2,16/09/2021,16,9,2021,2,491,0.491,acceptable,,TRUE,6783,13819,4217,8590,2567,5229,1975,4023,0,0,0,0,0,0,0,0,108,221,108,221,0,0,0,0,9,19,8,17,1,2,300,611,1,2,250,509,17,34,0,0,10,21,1,2,0,0,0,0,0,0,0,0,8,17,1,2,0,0,0,0,0,0,108,221,108,221,0,0,1,2,8,17,0,0,0,0,0,0,0,0,0,0,0,0,0,0,9572,19499,787,1604,8784,17895,0,0,8,17
Eleni,26/01/2021,Pabay_Mid_16/9/2021,Pabay_Mid_2,Pabay,Mid,3,16/09/2021,16,9,2021,2,491,0.491,bad,,FALSE,5738,11688,3588,7308,2150,4380,2238,4558,0,0,0,0,0,0,0,0,13,25,13,25,0,0,0,0,2,4,1,2,1,2,63,127,25,51,75,153,17,34,0,0,17,34,8,17,0,0,0,0,0,0,0,0,8,17,0,0,0,0,0,0,0,0,1,2,1,2,0,0,0,0,1,2,0,0,0,0,0,0,0,0,0,0,0,0,0,0,8187,16679,194,395,7994,16285,0,0,1,2
Eleni,13/11/2021,Pabay_NE_30/10/2021,Pabay_NE_3,Pabay,NE,1,30/10/2021,30,10,2021,3,491,0.491,good,,TRUE,2350,4787,1317,2682,1033,2105,58,119,0,0,0,0,0,0,0,0,33,68,33,68,0,0,0,0,8,17,0,0,8,17,8,17,33,68,25,51,0,0,0,0,1,2,0,0,0,0,0,0,1,2,0,0,0,0,0,0,0,0,0,0,0,0,0,0,0,0,0,0,1,2,0,0,0,0,0,0,0,0,0,0,0,0,0,0,0,0,2519,5131,102,208,2417,4923,0,0,1,2
Eleni,09/02/2022,Pabay_NW_30/10/2021,Pabay_NW_3,Pabay,NW,2,30/10/2021,30,10,2021,3,491,0.491,good,,FALSE,1550,3158,983,2003,567,1154,67,136,0,0,0,0,0,0,0,0,42,85,42,85,0,0,0,0,0,0,0,0,0,0,42,85,17,34,58,119,1,2,0,0,0,0,,0,0,0,0,0,0,0,0,0,0,0,0,0,0,0,0,0,0,0,0,0,0,0,0,0,0,0,0,0,0,0,0,0,0,0,0,0,0,0,0,0,0,0,1776,3618,158,323,1618,3295,0,0,8,17
Eleni,29/11/2021,Pabay_Mid_30/10/2021,Pabay_Mid_3,Pabay,Mid,3,30/10/2021,30,10,2021,3,491,0.491,good,,FALSE,1383,2818,625,1273,758,1545,50,102,0,0,0,0,0,0,0,0,17,34,17,34,0,0,0,0,17,34,8,17,8,17,1,2,1,2,42,85,0,0,0,0,8,17,8,17,0,0,0,0,0,0,0,0,0,0,0,0,0,0,0,0,0,0,1,2,1,2,0,0,0,0,0,0,0,0,0,0,0,0,0,0,0,0,0,0,0,0,1520,3096,70,142,1450,2954,0,0,25,51
Eleni,25/01/2022,Pabay_NE_13/11/2021,Pabay_NE_4,Pabay,NE,1,13/11/2021,13,11,2021,4,491,0.491,good,,FALSE,1400,2852,683,1392,717,1460,33,68,17,34,17,34,0,0,0,0,25,51,25,51,0,0,0,0,0,0,0,0,0,0,17,34,42,85,1,2,1,2,0,0,0,0,0,0,0,0,0,0,0,0,0,0,0,0,0,0,0,0,0,0,0,0,0,0,0,0,0,0,0,0,0,0,0,0,8,17,0,0,0,0,0,0,0,0,0,0,1544,3145,93,189,1451,2956,0,0,0,0
Eleni,25/01/2022,Pabay _NW_13/11/2021,Pabay _NW_4,Pabay ,NW,2,13/11/2021,13,11,2021,4,491,0.491,good,,FALSE,942,1918,408,832,533,1086,25,51,0,0,0,0,0,0,0,0,1,2,1,2,0,0,0,0,1,2,0,0,1,2,17,34,42,85,1,2,0,0,0,0,1,2,1,2,0,0,0,0,0,0,0,0,0,0,0,0,0,0,0,0,0,0,0,0,0,0,0,0,0,0,0,0,0,0,0,0,0,0,0,0,0,0,0,0,0,0,1029,2096,61,125,968,1971,1,2,1,2
Eleni,09/02/2022,Pabay_Mid_13/11/2021,Pabay_Mid_4,Pabay,Mid,3,13/11/2021,13,11,2021,4,491,0.491,good,,FALSE,1483,3022,692,1409,792,1613,17,34,0,0,0,0,0,0,0,0,33,68,33,68,0,0,0,0,0,0,0,0,0,0,50,102,50,102,17,34,17,34,0,0,0,0,0,0,0,0,0,0,0,0,0,0,0,0,0,0,0,0,0,0,0,0,0,0,0,0,0,0,8,17,0,0,0,0,0,0,0,0,0,0,0,0,0,0,0,0,1675,3412,158,323,1517,3090,0,0,1,2
Eleni,20/01/2022,Pabay_NE_29/11/2021,Pabay_NE_5,Pabay,NE,1,29/11/2021,29,11,2021,5,491,0.491,good,,FALSE,208,424,92,187,117,238,1,2,0,0,0,0,0,0,0,0,1,2,1,2,0,0,0,0,0,0,0,0,0,0,1,2,1,2,25,51,0,0,0,0,1,2,0,0,0,0,0,0,0,0,1,2,0,0,0,0,0,0,0,0,0,0,0,0,0,0,0,0,0,0,0,0,0,0,17,34,0,0,0,0,0,0,0,0,0,0,255,519,46,93,209,426,0,0,0,0
Eleni,25/01/2022,Pabay_Mid_29/11/2021,Pabay_Mid_5,Pabay,Mid,3,29/11/2021,29,11,2021,5,491,0.491,good,,FALSE,292,594,108,221,183,373,17,34,8,17,8,17,0,0,0,0,25,51,25,51,0,0,0,0,0,0,0,0,0,0,1,2,25,51,17,34,17,34,0,0,0,0,0,0,0,0,0,0,0,0,0,0,0,0,0,0,0,0,0,0,0,0,0,0,0,0,0,0,1,2,0,0,0,0,8,17,0,0,0,0,0,0,0,0,0,0,410,836,77,157,333,679,1,2,1,2
Eleni,07/02/2022,Pabay_NE_10/12/2021,Pabay_NE_6,Pabay,NE,1,10/12/2021,10,12,2021,6,491,0.491,good,,TRUE,58,119,42,85,17,34,8,17,0,0,0,0,0,0,0,0,1,2,1,2,0,0,0,0,1,2,0,0,1,2,1,2,8,17,8,17,1,2,0,0,0,0,0,0,0,0,0,0,0,0,0,0,0,0,0,0,0,0,0,0,0,0,0,0,0,0,0,0,0,0,0,0,0,0,0,0,0,0,0,0,0,0,0,0,0,0,87,178,19,38,69,140,0,0,1,2
Eleni,09/02/2022,Pabay_NW_10/12/2021,Pabay_NW_6,Pabay,NW,2,10/12/2021,10,12,2021,6,491,0.491,good,,FALSE,175,357,100,204,75,153,1,2,0,0,0,0,0,0,0,0,8,17,8,17,0,0,0,0,0,0,0,0,0,0,17,34,17,34,1,2,8,17,0,0,0,0,0,0,0,0,0,0,0,0,0,0,0,0,0,0,0,0,0,0,0,0,0,0,0,0,0,0,0,0,0,0,0,0,0,0,0,0,0,0,0,0,0,0,0,0,227,462,43,87,184,376,1,2,1,2
Eleni,23/02/2022,Pabay_Mid_10/12/2021,Pabay_Mid_6,Pabay,Mid,3,10/12/2021,10,12,2021,6,491,0.491,good,,FALSE,25,51,17,34,8,17,8,17,0,0,0,0,0,0,0,0,0,0,0,0,0,0,0,0,0,0,0,0,0,0,1,2,1,2,8,17,0,0,0,0,0,0,0,0,0,0,0,0,0,0,0,0,0,0,0,0,0,0,0,0,0,0,0,0,0,0,0,0,8,17,0,0,0,0,0,0,0,0,0,0,0,0,0,0,0,0,52,106,19,38,33,68,0,0,8,17
Eleni,31/01/2022,Scalpay_SW_21/12/2021,Scalpay_SW_7,Scalpay,SW,1,21/12/2021,21,12,2021,7,491,0.491,good,,TRUE,442,900,133,272,308,628,1,2,0,0,0,0,0,0,0,0,83,170,83,170,0,0,0,0,0,0,0,0,0,0,17,34,33,68,17,34,0,0,0,0,0,0,0,0,0,0,0,0,0,0,0,0,0,0,0,0,0,0,0,0,0,0,0,0,0,0,0,0,0,0,0,0,0,0,0,0,0,0,0,0,0,0,0,0,0,0,593,1207,150,306,443,902,0,0,8,17
Eleni,23/02/2022,Scalpay_Mid_21/12/2021,Scalpay_Mid_7,Scalpay,Mid,2,21/12/2021,21,12,2021,7,491,0.491,good,,FALSE,242,492,133,272,108,221,1,2,1,2,1,2,0,0,0,0,8,17,8,17,0,0,0,0,1,2,1,2,0,0,8,17,8,17,50,102,0,0,0,0,0,0,0,0,0,0,0,0,0,0,0,0,0,0,0,0,0,0,0,0,0,0,0,0,0,0,0,0,0,0,0,0,0,0,0,0,0,0,0,0,0,0,0,0,0,0,320,651,75,153,245,498,1,2,0,0
Eleni,24/02/2022,Scalpay_NW_21/12/2021,Scalpay_NW_7,Scalpay,NW,3,21/12/2021,21,12,2021,7,491,0.491,good,,FALSE,358,730,225,458,133,272,17,34,0,0,0,0,0,0,0,0,8,17,8,17,0,0,0,0,0,0,0,0,0,0,1,2,25,51,25,51,8,17,0,0,0,0,0,0,0,0,0,0,0,0,0,0,0,0,0,0,0,0,0,0,0,0,0,0,0,0,0,0,0,0,0,0,0,0,0,0,0,0,0,0,0,0,0,0,0,0,443,902,59,121,383,781,0,0,17,34
Eleni,10/02/2022,Pabay_NE_21/12/2021,Pabay_NE_7,Pabay,NE,1,21/12/2021,21,12,2021,7,491,0.491,good,,TRUE,300,611,108,221,192,390,1,2,0,0,0,0,0,0,0,0,1,2,1,2,0,0,0,0,0,0,0,0,0,0,17,34,17,34,1,2,0,0,0,0,0,0,0,0,0,0,0,0,0,0,0,0,0,0,0,0,0,0,0,0,0,0,0,0,0,0,0,0,0,0,0,0,0,0,0,0,0,0,0,0,0,0,0,0,0,0,336,685,35,72,301,613,0,0,1,2
Eleni,07/02/2022,Pabay_NW_21/12/2021,Pabay_NW_7,Pabay,NW,2,21/12/2021,21,12,2021,7,491,0.491,good,,FALSE,308,628,167,340,142,289,1,2,0,0,0,0,0,0,0,0,8,17,8,17,0,0,0,0,0,0,0,0,0,0,33,68,17,34,8,17,0,0,0,0,0,0,0,0,0,0,0,0,0,0,0,0,0,0,0,0,0,0,0,0,0,0,0,0,0,0,0,0,0,0,0,0,0,0,0,0,0,0,0,0,0,0,0,0,0,0,376,766,67,136,309,630,0,0,1,2
Eleni,24/02/2022,Pabay_Mid_21/12/2021,Pabay_Mid_7,Pabay,Mid,3,21/12/2021,21,12,2021,7,491,0.491,good,,TRUE,150,306,42,85,108,221,0,0,0,0,0,0,0,0,0,0,1,2,1,2,0,0,0,0,0,0,0,0,0,0,5,10,17,34,8,17,0,0,0,0,0,0,0,0,0,0,0,0,0,0,0,0,0,0,0,0,0,0,0,0,0,0,0,0,0,0,0,0,0,0,0,0,0,0,0,0,0,0,0,0,0,0,0,0,0,0,181,369,31,63,150,306,0,0,1,2
Eleni,28/02/2022,Pabay_NE_14/1/2022,Pabay_NE_8,Pabay,NE,1,14/01/2022,14,1,2022,8,491,0.491,good,,FALSE,283,577,50,102,233,475,17,34,1,2,1,2,0,0,0,0,100,204,100,204,0,0,0,0,0,0,0,0,0,0,17,34,8,17,75,153,0,0,0,0,0,0,0,0,0,0,0,0,0,0,0,0,0,0,0,0,0,0,0,0,0,0,0,0,0,0,0,0,0,0,0,0,8,17,0,0,0,0,0,0,0,0,0,0,0,0,509,1038,208,424,301,613,1,2,1,2
Eleni,24/02/2022,Pabay _NW_14/1/2022,Pabay _NW_8,Pabay ,NW,2,14/01/2022,14,1,2022,8,491,0.491,good,,FALSE,333,679,67,136,267,543,8,17,0,0,0,0,0,0,0,0,83,170,83,170,0,0,0,0,8,17,8,17,0,0,33,68,25,51,117,238,0,0,0,0,0,0,0,0,0,0,0,0,0,0,0,0,0,0,0,0,0,0,0,0,0,0,0,0,0,0,0,0,0,0,0,0,0,0,1,2,0,0,0,0,0,0,0,0,0,0,609,1241,259,528,350,713,0,0,8,17
Eleni,28/02/2022,Pabay_Mid_14/1/2022,Pabay_Mid_8,Pabay,Mid,3,14/01/2022,14,1,2022,8,491,0.491,good,,FALSE,758,1545,200,407,558,1137,8,17,0,0,0,0,0,0,0,0,233,475,233,475,0,0,0,0,0,0,0,0,0,0,50,102,1,2,200,407,0,0,0,0,0,0,0,0,0,0,0,0,0,0,0,0,0,0,0,0,0,0,0,0,0,0,8,17,0,0,8,17,0,0,0,0,1,2,0,0,0,0,0,0,0,0,0,0,0,0,1260,2568,494,1006,767,1562,1,2,0,0
Eleni,02/03/2022,Pabay_NE_30/1/2022,Pabay_NE_9,Pabay,NE,1,30/01/2022,30,1,2022,9,491,0.491,good,,TRUE,50,102,17,34,33,68,0,0,0,0,0,0,0,0,0,0,25,51,25,51,0,0,0,0,0,0,0,0,0,0,1,2,8,17,8,17,8,17,0,0,0,0,0,0,0,0,0,0,0,0,0,0,0,0,0,0,0,0,0,0,0,0,0,0,0,0,0,0,0,0,0,0,0,0,0,0,0,0,0,0,0,0,0,0,0,0,101,206,43,87,58,119,0,0,0,0
Eleni,01/03/2022,Pabay_NW_30/1/2022,Pabay_NW_9,Pabay,NW,2,30/01/2022,30,1,2022,9,491,0.491,good,,FALSE,283,577,133,272,150,306,1,2,0,0,0,0,0,0,0,0,42,85,42,85,0,0,0,0,0,0,0,0,0,0,33,68,1,2,42,85,1,2,0,0,0,0,0,0,0,0,0,0,0,0,0,0,0,0,0,0,0,0,0,0,0,0,0,0,0,0,0,0,0,0,1,2,0,0,1,2,0,0,0,0,0,0,0,0,0,0,405,825,120,244,285,581,8,17,1,2
Eleni,01/03/2022,Pabay_Mid_30/1/2022,Pabay_Mid_9,Pabay,Mid,3,30/01/2022,30,1,2022,9,491,0.491,good,,FALSE,125,255,75,153,50,102,1,2,0,0,0,0,0,0,0,0,1,2,1,2,0,0,0,0,0,0,0,0,0,0,8,17,1,2,42,85,8,17,0,0,0,0,0,0,0,0,0,0,0,0,0,0,0,0,0,0,0,0,0,0,0,0,0,0,0,0,0,0,0,0,0,0,0,0,0,0,0,0,0,0,0,0,0,0,0,0,186,380,52,106,134,274,0,0,1,2
Eleni,03/03/2022,Pabay_NE_25/2/2022,Pabay_NE_10,Pabay,NE,1,25/02/2022,25,2,2022,10,491,0.491,good,,FALSE,292,594,208,424,83,170,8,17,1,2,1,2,0,0,0,0,1,2,1,2,0,0,0,0,0,0,0,0,0,0,1,2,8,17,25,51,1,2,0,0,0,0,0,0,0,0,0,0,0,0,0,0,0,0,0,0,0,0,0,0,0,0,0,0,0,0,0,0,1,2,0,0,0,0,0,0,0,0,0,0,0,0,0,0,0,0,338,689,36,74,302,615,0,0,1,2
Eleni,07/03/2022,Pabay_NW_25/2/2022,Pabay_NW_10,Pabay,NW,2,25/02/2022,25,2,2022,10,491,0.491,good,,TRUE,350,713,267,543,83,170,1,2,1,2,1,2,0,0,0,0,33,68,33,68,0,0,0,0,0,0,0,0,0,0,50,102,1,2,50,102,0,0,0,0,0,0,0,0,0,0,0,0,0,0,0,0,0,0,0,0,0,0,0,0,0,0,1,2,1,2,0,0,0,0,0,0,0,0,0,0,0,0,0,0,0,0,0,0,0,0,487,993,135,276,352,717,0,0,0,0
Eleni,07/03/2022,Pabay_Mid_25/2/2022,Pabay_Mid_10,Pabay,Mid,3,25/02/2022,25,2,2022,10,491,0.491,good,,FALSE,333,679,267,543,67,136,0,0,1,2,1,2,0,0,0,0,8,17,8,17,0,0,0,0,0,0,0,0,0,0,17,34,8,17,42,85,8,17,0,0,0,0,0,0,0,0,0,0,0,0,0,0,0,0,0,0,0,0,0,0,0,0,1,2,1,2,0,0,1,2,0,0,0,0,0,0,0,0,0,0,0,0,0,0,0,0,420,855,77,157,343,698,1,2,1,2
Eleni,07/03/2022,Pabay_NW_8/2/2022,Pabay_NW_11,Pabay,NW,2,08/02/2022,8,2,2022,11,491,0.491,good,,FALSE,242,492,58,119,183,373,0,0,17,34,17,34,0,0,0,0,67,136,17,34,50,102,0,0,0,0,0,0,0,0,17,34,8,17,67,136,0,0,0,0,0,0,0,0,0,0,0,0,0,0,0,0,0,0,0,0,0,0,0,0,0,0,0,0,0,0,,0,0,0,0,0,0,0,0,0,0,0,0,0,0,0,0,0,0,0,417,849,158,323,258,526,1,2,0,0
Eleni,15/03/2022,Pabay_Mid_8/2/2022,Pabay_Mid_11,Pabay,Mid,3,08/02/2022,8,2,2022,11,491,0.491,good,,FALSE,250,509,142,289,108,221,1,2,1,2,1,2,0,0,0,0,17,34,17,34,0,0,0,0,0,0,0,0,0,0,33,68,0,0,42,85,8,17,0,0,0,0,0,0,0,0,0,0,0,0,0,0,0,0,0,0,0,0,0,0,0,0,1,2,0,0,1,2,0,0,0,0,0,0,0,0,0,0,0,0,0,0,0,0,0,0,353,719,93,189,260,530,0,0,1,2
Eleni,15/03/2022,Pabay_NE_8/2/2022,Pabay_NE_11,Pabay,NE,1,08/02/2022,8,2,2022,11,491,0.491,good,,FALSE,42,85,8,17,33,68,0,0,0,0,0,0,0,0,0,0,17,34,17,34,0,0,0,0,0,0,0,0,0,0,17,34,0,0,1,2,0,0,0,0,0,0,0,0,0,0,0,0,0,0,0,0,0,0,0,0,0,0,0,0,0,0,0,0,0,0,0,0,0,0,0,0,0,0,0,0,0,0,0,0,0,0,0,0,0,0,76,155,34,70,42,85,0,0,0,0
Eleni,05/04/2022,Pabay_NE_8/3/2022,Pabay_NE_12,Pabay,NE,1,08/03/2022,8,3,2022,12,491,0.491,good,,FALSE,158,323,67,136,92,187,0,0,1100,2241,1100,2241,0,0,0,0,108,221,100,204,8,17,0,0,1,2,1,2,0,0,42,85,8,17,142,289,1,2,0,0,0,0,0,0,0,0,0,0,0,0,0,0,0,0,0,0,0,0,0,0,0,0,1,2,1,2,0,0,0,0,0,0,0,0,0,0,0,0,0,0,0,0,0,0,0,0,1561,3181,301,613,1260,2568,0,0,0,0
Eleni,05/04/2022,Pabay_NW_8/3/2022,Pabay_NW_12,Pabay,NW,2,08/03/2022,8,3,2022,12,491,0.491,good,,FALSE,383,781,167,340,217,441,0,0,1775,3616,1775,3616,0,0,0,0,125,255,125,255,0,0,0,0,1,2,1,2,0,0,67,136,17,34,100,204,0,0,0,0,0,0,0,0,0,0,0,0,0,0,0,0,0,0,0,0,0,0,0,0,0,0,0,0,0,0,0,0,0,0,0,0,8,17,0,0,0,0,0,0,0,0,0,0,0,0,2476,5044,317,645,2159,4399,0,0,1,2
Eleni,04/04/2022,Pabay_Mid_8/3/2022,Pabay_Mid_12,Pabay,Mid,3,08/03/2022,8,3,2022,12,491,0.491,good,,FALSE,125,255,25,51,100,204,0,0,2925,5959,2925,5959,0,0,0,0,43,87,42,85,1,2,0,0,1,2,1,2,0,0,50,102,25,51,17,34,8,17,0,0,1,2,1,2,0,0,0,0,0,0,0,0,0,0,0,0,0,0,0,0,0,0,1,2,1,2,0,0,0,0,0,0,0,0,0,0,0,0,0,0,0,0,0,0,0,0,3196,6510,136,278,3059,6232,0,0,0,0
Eleni,04/04/2022,Pabay_NE_21/3/2022,Pabay_NE_13,Pabay,NE,1,21/03/2022,21,3,2022,13,491,0.491,good,,TRUE,200,407,150,306,50,102,63,127,713,1451,713,1451,0,0,0,0,113,229,50,102,63,127,0,0,1,2,1,2,0,0,25,51,25,51,163,331,0,0,0,0,1,2,1,2,0,0,0,0,0,0,0,0,0,0,0,0,0,0,0,0,0,0,1,2,1,2,0,0,1,2,0,0,1,2,0,0,0,0,0,0,0,0,0,0,0,0,1305,2659,329,670,976,1988,13,25,13,25
Eleni,05/03/2022,Pabay_NW_21/3/2022,Pabay_NW_13,Pabay,NW,2,21/03/2022,21,3,2022,13,491,0.491,good,,TRUE,463,942,263,535,200,407,75,153,1600,3259,1600,3259,0,0,0,0,338,688,263,535,75,153,0,0,0,0,0,0,0,0,113,229,13,25,300,611,38,76,0,0,0,0,0,0,0,0,0,0,0,0,0,0,0,0,0,0,0,0,0,0,0,0,1,2,1,2,0,0,0,0,0,0,25,51,0,0,1,2,13,25,0,0,0,0,0,0,2977,6065,802,1634,2175,4431,0,0,0,0
Eleni,01/04/2022,Pabay_Mid_21/3/2022,Pabay_Mid_13,Pabay,Mid,3,21/03/2022,21,3,2022,13,491,0.491,good,,TRUE,325,662,225,458,100,204,138,280,1413,2878,1413,2878,0,0,0,0,163,331,113,229,50,102,0,0,1,2,1,2,0,0,25,51,38,76,300,611,13,25,0,0,1,2,1,2,0,0,0,0,0,0,0,0,0,0,0,0,0,0,0,0,0,0,14,28,13,25,1,2,1,2,25,51,13,25,0,0,13,25,0,0,0,0,0,0,0,0,2479,5050,591,1203,1889,3847,0,0,13,25
Eleni,10/04/2022,Pabay_NE_10/4/2022,Pabay_NE_14,Pabay,NE,1,10/04/2022,10,4,2022,14,491,0.491,good,,FALSE,175,357,63,127,113,229,50,102,38,76,0,0,38,76,0,0,38,76,0,0,38,76,0,0,113,229,100,204,13,25,1,2,0,0,1,2,13,25,0,0,1,2,1,2,0,0,0,0,0,0,0,0,0,0,0,0,0,0,0,0,0,0,1,2,1,2,0,0,0,0,1,2,1,2,0,0,0,0,0,0,0,0,0,0,0,0,431,878,44,89,388,789,0,0,0,0
Eleni,25/04/2022,Pabay_NW_10/4/2022,Pabay_NW_14,Pabay,NW,2,10/04/2022,10,4,2022,14,491,0.491,good,,TRUE,150,306,25,51,125,255,0,0,25,51,13,25,13,25,0,0,13,25,0,0,13,25,0,0,1,2,1,2,0,0,0,0,0,0,0,0,1,2,0,0,0,0,0,0,0,0,0,0,0,0,0,0,0,0,0,0,0,0,0,0,0,0,25,51,25,51,0,0,0,0,0,0,0,0,0,0,0,0,0,0,0,0,0,0,0,0,215,437,38,76,177,361,0,0,0,0
Eleni,28/04/2022,Pabay_Mid_10/4/2022,Pabay_Mid_14,Pabay,Mid,3,10/04/2022,10,4,2022,14,491,0.491,good,,FALSE,138,280,50,102,88,178,5,10,50,102,25,51,25,51,0,0,225,458,0,0,225,458,0,0,125,255,125,255,0,0,38,76,0,0,13,25,13,25,0,0,9,19,1,2,0,0,8,17,0,0,0,0,0,0,0,0,0,0,0,0,0,0,13,25,13,25,0,0,0,0,1,2,50,102,0,0,0,0,1,2,1,2,0,0,0,0,680,1385,350,713,330,672,0,0,0,0
Lotta,01/06/2022,Pabay_MID_7/5/2022,Pabay_Mid_15,Pabay,Mid,3,07/05/2022,7,5,2022,15,491,0.491,bad,,TRUE,2150,4380,1092,2224,1058,2156,200,407,17,34,0,0,17,34,0,0,25,51,25,51,0,0,0,0,1058,2156,1050,2139,8,17,17,34,0,0,0,0,0,0,8,17,8,17,8,17,0,0,0,0,0,0,0,0,0,0,0,0,0,0,0,0,0,0,225,458,67,136,158,323,0,0,17,34,0,0,0,0,1,2,0,0,0,0,0,0,0,0,3726,7591,293,596,3433,6994,0,0,0,0
Lotta,06/06/2022,Pabay_NW_7/5/2022,Pabay_NW_15,Pabay,NW,2,07/05/2022,7,5,2022,15,491,0.491,bad,,FALSE,4230,8617,1360,2771,2870,5847,880,1793,30,61,0,0,30,61,0,0,30,61,30,61,0,0,0,0,2080,4237,2070,4217,10,20,50,102,0,0,260,530,0,0,0,0,13,26,1,2,10,20,0,0,1,2,1,2,0,0,0,0,0,0,0,0,0,0,50,102,30,61,20,41,0,0,40,81,0,0,0,0,1,2,0,0,0,0,0,0,0,0,7664,15613,444,905,7220,14708,0,0,0,0
Lotta,07/06/2022,Pabay_NE_7/5/2022,Pabay_NE_15,Pabay,NE,1,07/05/2022,7,5,2022,15,491,0.491,acceptable,,FALSE,2542,5178,1192,2428,1350,2750,908,1850,25,51,0,0,25,51,0,0,33,68,25,51,0,0,8,17,2767,5636,2767,5636,0,0,1,2,0,0,300,611,0,0,0,0,27,55,25,51,1,2,0,0,1,2,0,0,0,0,0,0,0,0,0,0,0,0,42,85,25,51,17,34,0,0,33,68,8,17,0,0,1,2,0,0,0,0,0,0,0,0,6687,13623,446,908,6242,12715,0,0,0,0
Lotta,08/06/2022,Pabay_NE_22/5/2022,Pabay_NE_16,Pabay,NE,1,22/05/2022,22,5,2022,16,491,0.491,good,,FALSE,7808,15907,3217,6553,4592,9354,58,119,252,514,8,17,244,497,0,0,18,36,17,34,1,2,0,0,25,51,25,51,0,0,100,204,0,0,442,900,0,0,0,0,1,2,0,0,0,0,0,0,1,2,0,0,0,0,0,0,0,0,0,0,0,0,131,266,131,266,0,0,0,0,33,68,0,0,0,0,0,0,0,0,0,0,0,0,0,0,8868,18066,724,1476,8144,16590,0,0,1,2
Lotta,09/06/2022,Pabay_NW_22/5/2022,Pabay_NW_16,Pabay,NW,2,22/05/2022,22,5,2022,16,491,0.491,good,,FALSE,7433,15143,3308,6740,4125,8403,33,68,42,85,0,0,42,85,0,0,25,51,25,51,0,0,0,0,33,68,33,68,0,0,75,153,0,0,192,390,0,0,0,0,0,0,0,0,0,0,0,0,0,0,0,0,0,0,0,0,0,0,0,0,0,0,43,87,42,85,1,2,0,0,0,0,0,0,0,0,0,0,0,0,0,0,0,0,0,0,7876,16045,334,681,7542,15364,0,0,0,0
Lotta,09/06/2022,Pabay_MID_22/5/2022,Pabay_MID_16,Pabay,Mid,3,22/05/2022,22,5,2022,16,491,0.491,good,,FALSE,10000,20372,4590,9351,5410,11021,100,204,70,143,0,0,70,143,0,0,40,81,40,81,0,0,0,0,91,185,90,183,1,2,80,163,0,0,110,224,0,0,0,0,1,2,0,0,0,0,0,0,1,2,0,0,0,0,0,0,0,0,0,0,0,0,50,102,40,81,10,20,0,0,1,2,0,0,0,0,10,20,0,0,0,0,0,0,0,0,10553,21498,292,595,10261,20903,0,0,0,0
Meri,15/01/2023,Pabay_NW_30/6/2022,Pabay_NE_17,Pabay,NE,1,30/06/2022,30,6,2022,17,491,0.491,good,,FALSE,5017,10221,2192,4465,2825,5755,242,493,0,0,0,0,0,0,0,0,16,33,8,16,0,0,8,16,133,271,125,255,8,16,25,51,8,16,133,271,0,0,0,0,150,306,150,306,0,0,0,0,0,0,0,0,0,0,0,0,0,0,0,0,0,0,9,18,8,16,1,2,25,51,8,16,25,51,0,0,0,0,0,0,0,0,1,2,0,0,5791,11797,399,813,5392,10984,0,0,0,0
Meri,15/01/2023,Pabay_Mid_30/6/2023,Pabay_NW_17,Pabay,NW,2,30/06/2022,30,6,2022,17,491,0.491,good,,TRUE,7442,15161,3000,6112,4442,9049,383,780,0,0,0,0,0,0,1,2,241,491,133,271,8,16,100,204,92,187,92,187,0,0,67,136,17,35,667,1359,0,0,0,0,225,458,225,458,0,0,0,0,0,0,0,0,0,0,0,0,0,0,0,0,0,0,18,37,17,35,1,2,158,322,0,0,108,220,0,0,0,0,0,0,1,2,1,2,33,67,9420,19190,1502,3060,7917,16128,0,0,0,0
Meri,15/01/2023,Pabay_Mid_30/6/2023,Pabay_Mid_17,Pabay,Mid,3,30/06/2022,30,6,2022,17,491,0.491,good,,TRUE,6067,12360,3100,6315,2967,6044,334,680,25,51,17,35,8,16,0,0,92,187,67,136,8,16,17,35,33,67,33,67,0,0,100,204,42,86,267,544,0,0,0,0,159,324,158,322,0,0,0,0,0,0,1,2,0,0,0,0,0,0,0,0,0,0,11,22,3,6,8,16,100,204,33,67,42,86,0,0,0,0,0,0,0,0,17,35,0,0,7305,14882,846,1723,6459,13158,0,0,0,0
Meri,14/02/2023,Pabay_NE_15/7/2022,Pabay_NE_18,Pabay,NE,1,15/07/2022,15,7,2022,18,491,0.491,good,,TRUE,5192,10577,917,1868,4275,8709,292,595,8,16,8,16,0,0,0,0,68,139,25,51,0,0,43,88,1475,3005,1475,3005,0,0,50,102,50,102,1367,2785,1,2,0,0,35,71,17,35,0,0,0,0,0,0,1,2,17,35,0,0,0,0,0,0,0,0,8,16,0,0,8,16,1,2,0,0,0,0,0,0,0,0,0,0,0,0,1,2,0,0,8547,17412,1579,3217,6968,14195,0,0,0,0
Meri,15/01/2023,Pabay_NW_15/7/2023,Pabay_NW_18,Pabay,NW,2,15/07/2022,15,7,2022,18,491,0.491,good,,TRUE,5325,10848,1200,2445,4125,8403,158,322,25,51,25,51,0,0,0,0,25,51,8,16,0,0,17,35,1033,2104,1025,2088,8,16,33,67,67,136,900,1833,17,35,0,0,19,39,17,35,0,0,0,0,0,0,1,2,1,2,0,0,8,16,0,0,0,0,16,33,8,16,8,16,42,86,8,16,0,0,0,0,0,0,0,0,0,0,8,16,0,0,7668,15621,1110,2261,6558,13360,0,0,0,0
Meri,03/02/2023,Pabay_Mid_15/7/2023,Pabay_Mid_18,Pabay,Mid,3,15/07/2022,15,7,2022,18,491,0.491,good,,TRUE,8175,16654,1508,3072,6667,13582,308,627,25,51,25,51,0,0,1,2,93,189,17,35,1,2,75,153,1217,2479,1217,2479,0,0,117,238,100,204,883,1799,0,0,0,0,16,33,8,16,0,0,0,0,0,0,8,16,0,0,0,0,17,35,0,0,0,0,8,16,0,0,8,16,17,35,0,0,1,2,0,0,0,0,8,16,0,0,8,16,0,0,10969,22346,1243,2532,9725,19812,0,0,0,0
Meri,07/02/2023,Pabay_NE_15/7/2022,Pabay_NE_18,Pabay,NE,1,30/07/2022,30,7,2022,19,491,0.491,good,,TRUE,2200,4482,758,1544,1442,2938,308,627,8,16,8,16,0,0,0,0,83,169,75,153,0,0,8,16,208,424,208,424,0,0,33,67,17,35,133,271,0,0,0,0,16,33,0,0,0,0,0,0,0,0,8,16,8,16,0,0,1,2,1,2,0,0,2,4,1,2,1,2,8,16,0,0,8,16,0,0,0,0,0,0,0,0,0,0,0,0,3024,6160,300,611,2724,5549,0,0,0,0
Meri,07/02/2023,Pabay_NW_15/7/2023,Pabay_NW_18,Pabay,NW,2,30/07/2022,30,7,2022,19,491,0.491,good,,TRUE,4600,9371,1200,2445,3400,6926,267,544,0,0,0,0,0,0,0,0,150,306,133,271,0,0,17,35,141,287,133,271,8,16,192,391,0,0,417,850,1,2,0,0,40,81,8,16,0,0,8,16,0,0,8,16,8,16,8,16,8,16,0,0,1,2,17,35,17,35,0,0,8,16,0,0,0,0,0,0,0,0,0,0,0,0,17,35,0,0,5833,11883,824,1679,5009,10204,0,0,0,0
Meri,07/02/2023,Pabay_Mid_15/7/2023,Pabay_Mid_18,Pabay,Mid,3,30/07/2022,30,7,2022,19,491,0.491,good,,TRUE,1920,3911,293,597,1627,3314,120,244,0,0,0,0,0,0,0,0,15,31,13,26,1,2,1,2,53,108,53,108,0,0,53,108,0,0,280,570,0,0,0,0,44,90,1,2,0,0,0,0,0,0,17,35,13,26,13,26,1,2,1,2,1,2,28,57,27,55,1,2,0,0,0,0,0,0,0,0,0,0,0,0,0,0,0,0,0,0,2513,5119,420,856,2093,4264,0,0,0,0
