number,date_time,acc_x,acc_y,acc_z
1,11/21/24 06:00:00 PM,-1.075,-0.35,0.225
2,11/21/24 06:15:00 PM,-0.875,-0.1,-0.3
3,11/21/24 06:30:00 PM,-1,0.05,-0.1
4,11/21/24 06:45:00 PM,-1,-0.175,0.125
5,11/21/24 07:00:00 PM,-1,-0.15,0.1
6,11/21/24 07:15:00 PM,-1,-0.175,0.175
7,11/21/24 07:30:00 PM,-0.825,-0.025,0.225
8,11/21/24 07:45:00 PM,-1.075,-0.2,-0.075
9,11/21/24 08:00:00 PM,-1.1,0.025,0.175
10,11/21/24 08:15:00 PM,-1.025,-0.15,0.25
11,11/21/24 08:30:00 PM,-1.025,-0.25,0.15
12,11/21/24 08:45:00 PM,-0.975,-0.275,0.15
13,11/21/24 09:00:00 PM,-1,-0.025,0.275
14,11/21/24 09:15:00 PM,-1,-0.3,0.225
15,11/21/24 09:30:00 PM,-0.925,-0.15,0.275
16,11/21/24 09:45:00 PM,-0.975,-0.175,0.25
17,11/21/24 10:00:00 PM,-1.025,-0.175,0.125
18,11/21/24 10:15:00 PM,-0.975,-0.175,0
19,11/21/24 10:30:00 PM,-1.025,-0.25,0.075
20,11/21/24 10:45:00 PM,-1.025,-0.2,0.075
21,11/21/24 11:00:00 PM,-1.1,-0.275,0.075
22,11/21/24 11:15:00 PM,-1.025,-0.175,0.125
23,11/21/24 11:30:00 PM,-1.025,-0.25,0.175
24,11/21/24 11:45:00 PM,-1.05,-0.225,0.1
25,11/22/24 12:00:00 AM,-1.025,0,0.05
26,11/22/24 12:15:00 AM,-1,-0.125,0.1
27,11/22/24 12:30:00 AM,-0.975,-0.2,0.175
28,11/22/24 12:45:00 AM,-1.05,-0.175,0.125
29,11/22/24 01:00:00 AM,-0.675,-0.375,0.475
30,11/22/24 01:15:00 AM,-1,-0.175,0.05
31,11/22/24 01:30:00 AM,-1.025,-0.25,0.075
32,11/22/24 01:45:00 AM,-1.1,-0.175,0.05
33,11/22/24 02:00:00 AM,-0.975,-0.175,0.075
34,11/22/24 02:15:00 AM,-1,-0.5,0.025
35,11/22/24 02:30:00 AM,-0.95,-0.175,0.125
36,11/22/24 02:45:00 AM,-1.125,-0.225,0.05
37,11/22/24 03:00:00 AM,-0.975,-0.2,0.2
38,11/22/24 03:15:00 AM,-1.025,-0.275,0.2
39,11/22/24 03:30:00 AM,-1.05,-0.175,0.125
40,11/22/24 03:45:00 AM,-1.025,-0.3,0.175
41,11/22/24 04:00:00 AM,-1,-0.25,0.175
42,11/22/24 04:15:00 AM,-1,-0.45,0.175
43,11/22/24 04:30:00 AM,-0.8,-0.675,-0.3
44,11/22/24 04:45:00 AM,-0.95,-0.475,0.25
45,11/22/24 05:00:00 AM,-1,0.15,0.225
46,11/22/24 05:15:00 AM,-1,-0.375,0.125
47,11/22/24 05:30:00 AM,-0.9,-0.2,0.525
48,11/22/24 05:45:00 AM,-1.05,-0.325,0.25
49,11/22/24 06:00:00 AM,-1.1,-0.15,0.025
50,11/22/24 06:15:00 AM,-0.95,-0.2,0.25
51,11/22/24 06:30:00 AM,-1,-0.075,0.225
52,11/22/24 06:45:00 AM,-1.05,-0.1,0.075
53,11/22/24 07:00:00 AM,-0.975,-0.15,0.25
54,11/22/24 07:15:00 AM,-1.025,-0.325,0.275
55,11/22/24 07:30:00 AM,-1.125,-0.15,-0.025
56,11/22/24 07:45:00 AM,-0.95,0.05,-0.1
57,11/22/24 08:00:00 AM,-1.05,-0.125,0.1
58,11/22/24 08:15:00 AM,-1.05,-0.25,0.125
59,11/22/24 08:30:00 AM,-0.975,-0.15,0.075
60,11/22/24 08:45:00 AM,-1.025,-0.175,0.05
61,11/22/24 09:00:00 AM,-1.025,-0.125,0.025
62,11/22/24 09:15:00 AM,-0.975,-0.25,0.275
63,11/22/24 09:30:00 AM,-1.025,-0.225,0.175
64,11/22/24 09:45:00 AM,-1.075,-0.025,0.225
65,11/22/24 10:00:00 AM,0.025,0.1,1
66,11/22/24 10:15:00 AM,-0.8,-0.475,-0.35
67,11/22/24 10:30:00 AM,-0.975,0.15,-0.1
68,11/22/24 10:45:00 AM,-0.875,-0.025,0.4
69,11/22/24 11:00:00 AM,-1.025,-0.25,0.025
70,11/22/24 11:15:00 AM,-1.15,0.125,0.025
71,11/22/24 11:30:00 AM,-1.025,-0.475,-0.2
72,11/22/24 11:45:00 AM,-0.825,-0.175,0.7
73,11/22/24 12:00:00 PM,-1.025,-0.425,0.275
74,11/22/24 12:15:00 PM,-0.325,-0.75,0.65
75,11/22/24 12:30:00 PM,-1.025,-0.25,0.3
76,11/22/24 12:45:00 PM,-1.175,-0.3,0.15
77,11/22/24 01:00:00 PM,-1.05,-0.225,0.025
78,11/22/24 01:15:00 PM,-0.875,-0.725,0.275
79,11/22/24 01:30:00 PM,-0.675,-0.35,0.625
80,11/22/24 01:45:00 PM,-1,-0.225,0.05
81,11/22/24 02:00:00 PM,-0.95,-0.55,0.175
82,11/22/24 02:15:00 PM,-1,-0.225,0.1
83,11/22/24 02:30:00 PM,-1.025,-0.25,0.125
84,11/22/24 02:45:00 PM,-0.95,-0.15,0.225
85,11/22/24 03:00:00 PM,-0.9,0.1,0.35
86,11/22/24 03:15:00 PM,-1.1,0.225,0.2
87,11/22/24 03:30:00 PM,-0.95,-0.075,0.275
88,11/22/24 03:45:00 PM,-1.025,-0.175,0.175
89,11/22/24 04:00:00 PM,-0.8,-0.675,0.4
90,11/22/24 04:15:00 PM,-0.95,-0.2,0.325
91,11/22/24 04:30:00 PM,-1,-0.3,0.25
92,11/22/24 04:45:00 PM,-1.025,-0.175,0.1
93,11/22/24 05:00:00 PM,-1.05,-0.175,0.075
94,11/22/24 05:15:00 PM,-1.075,-0.2,0.075
95,11/22/24 05:30:00 PM,-1.025,-0.175,0.075
96,11/22/24 05:45:00 PM,-1.025,-0.225,0.1
97,11/22/24 06:00:00 PM,-1.05,-0.125,0.075
98,11/22/24 06:15:00 PM,-1.05,-0.225,0.075
99,11/22/24 06:30:00 PM,-1.05,-0.2,0.125
100,11/22/24 06:45:00 PM,-1.025,-0.175,0.125
101,11/22/24 07:00:00 PM,-1.025,-0.175,0.1
102,11/22/24 07:15:00 PM,-1.025,-0.15,0.075
103,11/22/24 07:30:00 PM,-1.05,-0.15,0.125
104,11/22/24 07:45:00 PM,-1.025,-0.15,0.1
105,11/22/24 08:00:00 PM,-1,-0.175,0.1
106,11/22/24 08:15:00 PM,-1.1,-0.25,0.1
107,11/22/24 08:30:00 PM,-1.05,-0.2,0.125
108,11/22/24 08:45:00 PM,-1.05,-0.15,0.075
109,11/22/24 09:00:00 PM,-1.025,-0.225,0.05
110,11/22/24 09:15:00 PM,-1.075,-0.2,0.05
111,11/22/24 09:30:00 PM,-1.05,-0.175,0.075
112,11/22/24 09:45:00 PM,-1.05,-0.2,0.05
113,11/22/24 10:00:00 PM,-1.025,-0.2,0.025
114,11/22/24 10:15:00 PM,-1,-0.2,0.05
115,11/22/24 10:30:00 PM,-1.025,-0.2,0.1
116,11/22/24 10:45:00 PM,-1.025,-0.175,0.05
117,11/22/24 11:00:00 PM,-1.1,-0.175,0.075
118,11/22/24 11:15:00 PM,-1.075,-0.325,0.175
119,11/22/24 11:30:00 PM,-0.975,-0.2,0.075
120,11/22/24 11:45:00 PM,-1.1,-0.2,0.05
121,11/23/24 12:00:00 AM,-0.775,-0.2,0.3
122,11/23/24 12:15:00 AM,-1.1,-0.2,0.05
123,11/23/24 12:30:00 AM,-1.025,-0.15,0.025
124,11/23/24 12:45:00 AM,-1.025,-0.175,0.075
125,11/23/24 01:00:00 AM,-1,-0.25,0
126,11/23/24 01:15:00 AM,-1.025,-0.275,0.125
127,11/23/24 01:30:00 AM,-1.075,-0.2,-0.1
128,11/23/24 01:45:00 AM,-1.1,-0.325,-0.025
129,11/23/24 02:00:00 AM,-1.05,-0.25,-0.1
130,11/23/24 02:15:00 AM,-1,-0.25,0.1
131,11/23/24 02:30:00 AM,-1,-0.2,0.025
132,11/23/24 02:45:00 AM,-0.9,-0.175,-0.125
133,11/23/24 03:00:00 AM,-1,-0.225,0.05
134,11/23/24 03:15:00 AM,-1,-0.25,-0.05
135,11/23/24 03:30:00 AM,-1.05,-0.375,-0.1
136,11/23/24 03:45:00 AM,-1.05,-0.3,-0.225
137,11/23/24 04:00:00 AM,-0.925,-0.45,0.425
138,11/23/24 04:15:00 AM,-1,0.025,-0.175
139,11/23/24 04:30:00 AM,-0.975,-0.275,0
140,11/23/24 04:45:00 AM,-0.825,-0.125,-0.525
141,11/23/24 05:00:00 AM,-1.125,-0.225,0
142,11/23/24 05:15:00 AM,-0.975,-0.55,0.025
143,11/23/24 05:30:00 AM,-1.1,-0.375,-0.025
144,11/23/24 05:45:00 AM,-0.95,-0.475,0.1
145,11/23/24 06:00:00 AM,-0.85,-0.625,0.275
146,11/23/24 06:15:00 AM,-1.075,-0.125,0.475
147,11/23/24 06:30:00 AM,-0.575,-0.5,-0.675
148,11/23/24 06:45:00 AM,-0.9,-0.525,-0.175
149,11/23/24 07:00:00 AM,-1,-0.1,-0.4
150,11/23/24 07:15:00 AM,-0.75,0.025,-0.625
151,11/23/24 07:30:00 AM,-0.925,-0.25,-0.45
152,11/23/24 07:45:00 AM,-0.975,-0.475,-0.25
153,11/23/24 08:00:00 AM,0.025,-1.3,-0.075
154,11/23/24 08:15:00 AM,-0.425,-0.5,-0.775
155,11/23/24 08:30:00 AM,0.15,0.525,0.85
156,11/23/24 08:45:00 AM,-0.925,-0.375,-0.4
157,11/23/24 09:00:00 AM,-0.175,0.025,1.05
158,11/23/24 09:15:00 AM,-0.8,-0.375,0.5
159,11/23/24 09:30:00 AM,-0.525,-0.325,0.875
160,11/23/24 09:45:00 AM,-0.575,-0.975,0.125
161,11/23/24 10:00:00 AM,-1.075,-0.15,-0.3
162,11/23/24 10:15:00 AM,-0.6,-0.15,-0.825
163,11/23/24 10:30:00 AM,-0.975,-0.3,-0.425
164,11/23/24 10:45:00 AM,-1.025,-0.475,-0.075
165,11/23/24 11:00:00 AM,-0.975,0.025,-0.425
166,11/23/24 11:15:00 AM,-0.975,0.075,-0.45
167,11/23/24 11:30:00 AM,-0.825,-0.325,-0.525
168,11/23/24 11:45:00 AM,-1,-0.275,-0.325
169,11/23/24 12:00:00 PM,-0.975,-0.3,-0.1
170,11/23/24 12:15:00 PM,-0.95,-0.475,-0.2
171,11/23/24 12:30:00 PM,-1.025,-0.325,0.025
172,11/23/24 12:45:00 PM,-1.05,-0.4,-0.225
173,11/23/24 01:00:00 PM,-0.975,-0.25,-0.175
174,11/23/24 01:15:00 PM,-1.025,-0.25,-0.025
175,11/23/24 01:30:00 PM,-1,-0.225,-0.25
176,11/23/24 01:45:00 PM,-1,-0.25,-0.175
177,11/23/24 02:00:00 PM,-1.075,-0.275,0
178,11/23/24 02:15:00 PM,-1.125,-0.275,0.025
179,11/23/24 02:30:00 PM,-1.075,-0.225,0.075
180,11/23/24 02:45:00 PM,-1.025,-0.15,0.075
181,11/23/24 03:00:00 PM,-0.975,-0.175,0.025
182,11/23/24 03:15:00 PM,-1,-0.25,0.075
183,11/23/24 03:30:00 PM,-1,-0.125,-0.075
184,11/23/24 03:45:00 PM,-1.05,-0.275,-0.225
185,11/23/24 04:00:00 PM,-0.975,0.05,-0.15
186,11/23/24 04:15:00 PM,-0.95,-0.35,-0.15
187,11/23/24 04:30:00 PM,-0.9,-0.225,-0.3
188,11/23/24 04:45:00 PM,-1.075,-0.35,-0.125
189,11/23/24 05:00:00 PM,-1,-0.075,-0.125
190,11/23/24 05:15:00 PM,-1,-0.3,-0.125
191,11/23/24 05:30:00 PM,-1.05,-0.25,0.025
192,11/23/24 05:45:00 PM,-1.1,-0.175,-0.075
193,11/23/24 06:00:00 PM,-1.025,-0.2,0.025
194,11/23/24 06:15:00 PM,-0.975,-0.225,0
195,11/23/24 06:30:00 PM,-1.075,-0.25,0
196,11/23/24 06:45:00 PM,-1,-0.1,-0.125
197,11/23/24 07:00:00 PM,-1.025,-0.325,0.025
198,11/23/24 07:15:00 PM,-1.025,-0.225,-0.125
199,11/23/24 07:30:00 PM,-1.1,-0.225,0
200,11/23/24 07:45:00 PM,-0.975,-0.175,0.1
201,11/23/24 08:00:00 PM,0.35,-0.425,-0.45
202,11/23/24 08:15:00 PM,-0.975,-0.375,-0.075
203,11/23/24 08:30:00 PM,-0.925,-0.425,0.2
204,11/23/24 08:45:00 PM,-0.675,-0.525,-0.625
205,11/23/24 09:00:00 PM,-0.95,-0.275,0.3
206,11/23/24 09:15:00 PM,-0.975,-0.3,-0.025
207,11/23/24 09:30:00 PM,-1.175,-0.175,0.15
208,11/23/24 09:45:00 PM,-0.85,-0.2,0.475
209,11/23/24 10:00:00 PM,-0.85,-0.6,0.325
210,11/23/24 10:15:00 PM,-0.575,-0.95,-0.325
211,11/23/24 10:30:00 PM,-1,-0.2,0.1
212,11/23/24 10:45:00 PM,-1.05,-0.075,0.1
213,11/23/24 11:00:00 PM,-1.1,-0.1,-0.025
214,11/23/24 11:15:00 PM,0.325,-0.8,-0.575
215,11/23/24 11:30:00 PM,-1,-0.1,0.025
216,11/23/24 11:45:00 PM,-0.6,-0.725,0.55
217,11/24/24 12:00:00 AM,-0.825,-0.325,0.425
218,11/24/24 12:15:00 AM,-1.075,0.15,-0.175
219,11/24/24 12:30:00 AM,0.95,0.175,-0.075
220,11/24/24 12:45:00 AM,0.75,0.025,0.9
221,11/24/24 01:00:00 AM,-1.175,-0.35,0.025
222,11/24/24 01:15:00 AM,-0.65,-0.5,0.575
223,11/24/24 01:30:00 AM,-0.425,-0.425,0.875
224,11/24/24 01:45:00 AM,-1.05,0.175,0.2
225,11/24/24 02:00:00 AM,-1.075,-0.2,-0.125
226,11/24/24 02:15:00 AM,-1.075,-0.275,0.125
227,11/24/24 02:30:00 AM,-1,-0.2,0.2
228,11/24/24 02:45:00 AM,-0.675,-0.5,0.65
229,11/24/24 03:00:00 AM,-1.1,0.075,0.375
230,11/24/24 03:15:00 AM,-1.1,0.225,-0.1
231,11/24/24 03:30:00 AM,0.875,-0.7,-0.475
232,11/24/24 03:45:00 AM,-0.575,-0.75,0.475
233,11/24/24 04:00:00 AM,-0.7,-0.55,0.525
234,11/24/24 04:15:00 AM,-1.125,-0.025,0.175
235,11/24/24 04:30:00 AM,-0.925,-0.6,-0.05
236,11/24/24 04:45:00 AM,0.525,-0.975,-0.275
237,11/24/24 05:00:00 AM,-0.975,-0.5,0.175
238,11/24/24 05:15:00 AM,0.45,-0.35,0.8
239,11/24/24 05:30:00 AM,-0.825,0.025,0.525
240,11/24/24 05:45:00 AM,-0.075,-0.25,1
241,11/24/24 06:00:00 AM,-0.975,0.25,0.25
242,11/24/24 06:15:00 AM,-1.075,-0.275,0.025
243,11/24/24 06:30:00 AM,-1.275,-0.15,-0.325
244,11/24/24 06:45:00 AM,-0.925,-0.275,0.425
245,11/24/24 07:00:00 AM,-0.9,-0.5,0.35
246,11/24/24 07:15:00 AM,-0.875,0.225,-0.1
247,11/24/24 07:30:00 AM,0.2,-0.625,-0.775
248,11/24/24 07:45:00 AM,-0.575,-0.125,-0.875
249,11/24/24 08:00:00 AM,-1.025,-0.125,-0.4
250,11/24/24 08:15:00 AM,-0.9,-0.55,-0.375
251,11/24/24 08:30:00 AM,-1.25,0.2,-0.15
252,11/24/24 08:45:00 AM,-0.4,-0.425,-0.9
253,11/24/24 09:00:00 AM,-1.075,-0.45,0.1
254,11/24/24 09:15:00 AM,-0.45,-0.825,-0.5
255,11/24/24 09:30:00 AM,-0.725,0.125,-0.125
256,11/24/24 09:45:00 AM,-0.5,-0.55,0.7
257,11/24/24 10:00:00 AM,-0.375,-0.1,0.975
258,11/24/24 10:15:00 AM,-0.95,-0.025,-0.475
259,11/24/24 10:30:00 AM,-0.825,-0.8,0.275
260,11/24/24 10:45:00 AM,-0.325,-0.6,0.825
261,11/24/24 11:00:00 AM,-0.475,-0.975,-0.325
262,11/24/24 11:15:00 AM,-0.65,-0.625,-0.575
263,11/24/24 11:30:00 AM,-0.975,-0.425,0.075
264,11/24/24 11:45:00 AM,-1.025,-0.425,-0.2
265,11/24/24 12:00:00 PM,-0.2,-0.1,0.975
266,11/24/24 12:15:00 PM,-0.925,0,0.6
267,11/24/24 12:30:00 PM,-1.3,0.05,0.175
268,11/24/24 12:45:00 PM,0.225,-0.475,-1
269,11/24/24 01:00:00 PM,0.8,0.025,0.55
270,11/24/24 01:15:00 PM,-1.025,-0.55,0.425
271,11/24/24 01:30:00 PM,-0.425,0.175,-0.875
272,11/24/24 01:45:00 PM,-1.15,-0.55,-0.7
273,11/24/24 02:00:00 PM,-1.1,0.125,-0.175
274,11/24/24 02:15:00 PM,-0.7,0.225,0.875
275,11/24/24 02:30:00 PM,-0.9,-0.675,-0.075
276,11/24/24 02:45:00 PM,-1,0.075,-0.3
277,11/24/24 03:00:00 PM,0.075,-0.675,0.775
278,11/24/24 03:15:00 PM,-0.875,-0.1,-0.475
279,11/24/24 03:30:00 PM,-0.575,-0.425,-0.775
280,11/24/24 03:45:00 PM,-0.425,-0.175,0.925
281,11/24/24 04:00:00 PM,-1.225,0.1,-0.15
282,11/24/24 04:15:00 PM,-0.9,-0.075,-0.475
283,11/24/24 04:30:00 PM,-0.825,-0.225,-0.475
284,11/24/24 04:45:00 PM,-1.1,-0.15,0.375
285,11/24/24 05:00:00 PM,-1,-0.475,0.475
286,11/24/24 05:15:00 PM,0.7,-0.125,0.6
287,11/24/24 05:30:00 PM,-1.025,-0.425,-0.175
288,11/24/24 05:45:00 PM,-0.675,0.3,0.825
289,11/24/24 06:00:00 PM,-0.575,-0.575,-0.725
290,11/24/24 06:15:00 PM,-1.35,-0.1,0.425
291,11/24/24 06:30:00 PM,-0.675,0.55,0.65
292,11/24/24 06:45:00 PM,-0.875,0.9,-0.375
293,11/24/24 07:00:00 PM,-0.4,-0.275,0.9
294,11/24/24 07:15:00 PM,-0.025,0.15,-0.1
295,11/24/24 07:30:00 PM,-0.7,-1.25,0.575
296,11/24/24 07:45:00 PM,-0.525,-0.875,0.3
297,11/24/24 08:00:00 PM,0.875,-0.975,-0.2
298,11/24/24 08:15:00 PM,-0.25,-1.05,-0.325
299,11/24/24 08:30:00 PM,-0.975,0.125,0.625
300,11/24/24 08:45:00 PM,0.9,0,0.725
301,11/24/24 09:00:00 PM,0.525,-0.75,-0.875
302,11/24/24 09:15:00 PM,-0.975,0.375,-0.125
303,11/24/24 09:30:00 PM,-1.15,-0.3,0.3
304,11/24/24 09:45:00 PM,-0.275,-1.025,-0.4
305,11/24/24 10:00:00 PM,0.075,0.075,-0.95
306,11/24/24 10:15:00 PM,-0.125,0.15,1
307,11/24/24 10:30:00 PM,0.125,-0.25,1.025
308,11/24/24 10:45:00 PM,-0.675,-0.675,-0.375
309,11/24/24 11:00:00 PM,0.05,-0.75,0.825
310,11/24/24 11:15:00 PM,-1.05,0.475,-0.475
311,11/24/24 11:30:00 PM,-0.725,0.775,0.1
312,11/24/24 11:45:00 PM,-0.85,-0.675,0.45
313,11/25/24 12:00:00 AM,-0.15,-0.7,-0.825
314,11/25/24 12:15:00 AM,-0.65,-0.925,-0.05
315,11/25/24 12:30:00 AM,-0.875,-0.75,0.05
316,11/25/24 12:45:00 AM,-0.225,-0.45,0.925
317,11/25/24 01:00:00 AM,0.475,-0.5,-0.925
318,11/25/24 01:15:00 AM,-1.1,-0.175,0.175
319,11/25/24 01:30:00 AM,-1.075,0.025,0.425
320,11/25/24 01:45:00 AM,-0.95,-0.6,0.625
321,11/25/24 02:00:00 AM,-0.675,0.025,0.3
322,11/25/24 02:15:00 AM,-0.85,-0.075,-0.525
323,11/25/24 02:30:00 AM,-0.975,-0.175,-0.325
324,11/25/24 02:45:00 AM,0.425,-0.7,0.65
325,11/25/24 03:00:00 AM,0.125,-0.975,-0.525
326,11/25/24 03:15:00 AM,-1.025,0.2,-0.1
327,11/25/24 03:30:00 AM,-0.25,0.2,-0.875
328,11/25/24 03:45:00 AM,0.975,-0.3,-0.375
329,11/25/24 04:00:00 AM,-1.125,0.025,0.4
330,11/25/24 04:15:00 AM,-0.325,-0.525,-0.7
331,11/25/24 04:30:00 AM,0.5,-1.1,-0.775
332,11/25/24 04:45:00 AM,-1.05,0.025,-0.125
333,11/25/24 05:00:00 AM,-1.075,-0.375,-0.325
334,11/25/24 05:15:00 AM,-0.4,-0.975,0.325
335,11/25/24 05:30:00 AM,-0.175,0.3,-0.925
336,11/25/24 05:45:00 AM,-0.2,-0.3,-0.975
337,11/25/24 06:00:00 AM,-0.9,-0.15,0.5
338,11/25/24 06:15:00 AM,-1.025,-0.475,0.25
339,11/25/24 06:30:00 AM,-1.2,-0.35,0.05
340,11/25/24 06:45:00 AM,-0.9,-0.3,0.1
341,11/25/24 07:00:00 AM,-1.025,0.1,0.4
342,11/25/24 07:15:00 AM,-0.2,0.05,1.15
343,11/25/24 07:30:00 AM,0.525,0.375,-0.775
344,11/25/24 07:45:00 AM,-1,-0.35,-0.325
345,11/25/24 08:00:00 AM,-1.025,-0.125,-0.15
346,11/25/24 08:15:00 AM,-0.575,-0.075,0.25
347,11/25/24 08:30:00 AM,-0.675,-0.075,-0.625
348,11/25/24 08:45:00 AM,-0.7,0.275,-0.1
349,11/25/24 09:00:00 AM,0.075,0.525,0.95
350,11/25/24 09:15:00 AM,-0.975,-0.2,0.15
351,11/25/24 09:30:00 AM,-0.15,-0.925,-0.425
352,11/25/24 09:45:00 AM,-1.15,-0.425,0.05
353,11/25/24 10:00:00 AM,-0.9,-0.4,0.15
354,11/25/24 10:15:00 AM,0.875,-0.175,0.625
355,11/25/24 10:30:00 AM,-1,-0.125,0.4
356,11/25/24 10:45:00 AM,-1.3,-0.025,-0.25
357,11/25/24 11:00:00 AM,-0.85,-0.625,-0.125
358,11/25/24 11:15:00 AM,-0.85,-0.8,0.175
359,11/25/24 11:30:00 AM,-1.05,0.325,0.35
360,11/25/24 11:45:00 AM,1,-0.225,-0.3
361,11/25/24 12:00:00 PM,-0.575,0.05,0.775
362,11/25/24 12:15:00 PM,-0.625,-0.3,-0.8
363,11/25/24 12:30:00 PM,-1.2,-0.325,0.025
364,11/25/24 12:45:00 PM,0.725,-0.5,-0.475
365,11/25/24 01:00:00 PM,-0.975,0.2,0.45
366,11/25/24 01:15:00 PM,-0.8,-0.425,-0.575
367,11/25/24 01:30:00 PM,-0.95,-0.35,0.6
368,11/25/24 01:45:00 PM,-0.9,-0.225,-0.175
369,11/25/24 02:00:00 PM,0.85,-0.45,-0.175
370,11/25/24 02:15:00 PM,-0.3,-0.925,-0.525
371,11/25/24 02:30:00 PM,-0.35,0.025,-0.825
372,11/25/24 02:45:00 PM,-0.25,0.925,0.25
373,11/25/24 03:00:00 PM,0.25,0.075,0.975
374,11/25/24 03:15:00 PM,-0.875,-0.675,0.175
375,11/25/24 03:30:00 PM,-1.1,-0.325,0.325
376,11/25/24 03:45:00 PM,-0.7,-0.75,0.425
377,11/25/24 04:00:00 PM,-0.925,-0.075,0.325
378,11/25/24 04:15:00 PM,-0.975,-0.225,-0.2
379,11/25/24 04:30:00 PM,-1.025,-0.6,0
380,11/25/24 04:45:00 PM,-0.75,-0.925,0.075
381,11/25/24 05:00:00 PM,-1.025,-0.1,0.425
382,11/25/24 05:15:00 PM,-0.925,-0.325,0.375
383,11/25/24 05:30:00 PM,-0.825,-0.775,-0.075
384,11/25/24 05:45:00 PM,-0.525,-0.225,-0.675
385,11/25/24 06:00:00 PM,-1.025,-0.3,0.35
386,11/25/24 06:15:00 PM,-0.75,-0.875,0.1
387,11/25/24 06:30:00 PM,-0.95,-0.225,0.575
388,11/25/24 06:45:00 PM,-1,-0.325,0.425
389,11/25/24 07:00:00 PM,-1.075,-0.025,-0.025
390,11/25/24 07:15:00 PM,-1.125,-0.15,0.1
391,11/25/24 07:30:00 PM,-0.95,-0.55,-0.25
392,11/25/24 07:45:00 PM,-0.9,-0.775,-0.2
393,11/25/24 08:00:00 PM,-0.8,0.1,-0.175
394,11/25/24 08:15:00 PM,-1,-0.025,-0.225
395,11/25/24 08:30:00 PM,-1.025,-0.2,0.175
396,11/25/24 08:45:00 PM,-1,-0.2,0.275
397,11/25/24 09:00:00 PM,-1.075,-0.2,-0.075
398,11/25/24 09:15:00 PM,-0.975,-0.35,0.1
399,11/25/24 09:30:00 PM,-1.05,-0.25,0.25
400,11/25/24 09:45:00 PM,-0.925,-0.475,0.3
401,11/25/24 10:00:00 PM,-0.925,-0.25,0.275
402,11/25/24 10:15:00 PM,-1.05,-0.025,0.025
403,11/25/24 10:30:00 PM,-1.075,-0.175,-0.1
404,11/25/24 10:45:00 PM,-1.05,-0.1,0.075
405,11/25/24 11:00:00 PM,-1.025,-0.225,-0.1
406,11/25/24 11:15:00 PM,-0.4,-0.825,-0.325
407,11/25/24 11:30:00 PM,-0.925,-0.175,-0.25
408,11/25/24 11:45:00 PM,-0.95,-0.525,-0.15
409,11/26/24 12:00:00 AM,-1.075,-0.3,0
410,11/26/24 12:15:00 AM,-1.025,-0.025,-0.1
411,11/26/24 12:30:00 AM,-1,-0.125,0.125
412,11/26/24 12:45:00 AM,-1.05,-0.025,0.025
413,11/26/24 01:00:00 AM,-1,-0.15,0.125
414,11/26/24 01:15:00 AM,-1.1,-0.25,0
415,11/26/24 01:30:00 AM,-1.1,-0.325,0.125
416,11/26/24 01:45:00 AM,-1,-0.225,0.075
417,11/26/24 02:00:00 AM,-0.975,-0.225,0.075
418,11/26/24 02:15:00 AM,-1.025,-0.3,0.075
419,11/26/24 02:30:00 AM,-1.075,-0.225,0.05
420,11/26/24 02:45:00 AM,-1.025,-0.275,0.125
421,11/26/24 03:00:00 AM,-1.05,-0.175,0.025
422,11/26/24 03:15:00 AM,-1.025,-0.2,0
423,11/26/24 03:30:00 AM,-1.025,-0.15,0.025
424,11/26/24 03:45:00 AM,-1.025,-0.2,0.05
425,11/26/24 04:00:00 AM,-1.025,-0.175,0.025
426,11/26/24 04:15:00 AM,-1.05,-0.2,0.05
427,11/26/24 04:30:00 AM,-1.025,-0.2,0.025
428,11/26/24 04:45:00 AM,-1.025,-0.175,0.05
429,11/26/24 05:00:00 AM,-1.025,-0.2,0.075
430,11/26/24 05:15:00 AM,-1.025,-0.2,0.05
431,11/26/24 05:30:00 AM,-1.025,-0.225,0.075
432,11/26/24 05:45:00 AM,-1.025,-0.175,0.05
433,11/26/24 06:00:00 AM,-1.025,-0.175,0.025
434,11/26/24 06:15:00 AM,-1.025,-0.2,0.025
435,11/26/24 06:30:00 AM,-1.025,-0.175,0.025
436,11/26/24 06:45:00 AM,-1.025,-0.2,0.075
437,11/26/24 07:00:00 AM,-1.025,-0.2,0.05
438,11/26/24 07:15:00 AM,-1.025,-0.175,0.075
439,11/26/24 07:30:00 AM,-1.025,-0.175,0.05
440,11/26/24 07:45:00 AM,-1.025,-0.15,0
441,11/26/24 08:00:00 AM,-1.05,-0.225,-0.125
442,11/26/24 08:15:00 AM,-1,-0.125,-0.125
443,11/26/24 08:30:00 AM,-0.975,0.075,-0.275
444,11/26/24 08:45:00 AM,-1.025,-0.075,-0.125
445,11/26/24 09:00:00 AM,-1,-0.075,-0.225
446,11/26/24 09:15:00 AM,-1.05,-0.15,-0.125
447,11/26/24 09:30:00 AM,-1.025,-0.075,-0.075
448,11/26/24 09:45:00 AM,-1.025,-0.225,-0.1
449,11/26/24 10:00:00 AM,-1.025,-0.175,0.025
450,11/26/24 10:15:00 AM,-1.025,-0.15,0
451,11/26/24 10:30:00 AM,-1.025,-0.15,-0.05
452,11/26/24 10:45:00 AM,-1,-0.275,-0.125
453,11/26/24 11:00:00 AM,-0.975,0.1,-0.275
454,11/26/24 11:15:00 AM,-1.05,-0.25,-0.1
455,11/26/24 11:30:00 AM,-1.05,-0.25,-0.15
456,11/26/24 11:45:00 AM,-1.05,-0.25,-0.1
457,11/26/24 12:00:00 PM,-1.025,-0.125,0.025
458,11/26/24 12:15:00 PM,-1.025,-0.25,-0.075
459,11/26/24 12:30:00 PM,-1.025,0,0
460,11/26/24 12:45:00 PM,-1.025,-0.1,-0.075
461,11/26/24 01:00:00 PM,-1.05,-0.15,-0.15
462,11/26/24 01:15:00 PM,-1.025,0.05,0.025
463,11/26/24 01:30:00 PM,-1.025,-0.125,0.15
464,11/26/24 01:45:00 PM,-1,-0.2,0.2
465,11/26/24 02:00:00 PM,-1,-0.25,0.175
466,11/26/24 02:15:00 PM,-1.025,-0.15,0.175
467,11/26/24 02:30:00 PM,-1.025,-0.25,0
468,11/26/24 02:45:00 PM,-1.025,-0.175,0.15
469,11/26/24 03:00:00 PM,-1.025,-0.15,0.125
470,11/26/24 03:15:00 PM,-1.05,-0.225,0.1
471,11/26/24 03:30:00 PM,-1,-0.1,0
472,11/26/24 03:45:00 PM,-1.05,-0.2,0.1
473,11/26/24 04:00:00 PM,-1.025,-0.2,0.1
474,11/26/24 04:15:00 PM,-1.025,-0.2,0.075
475,11/26/24 04:30:00 PM,-1.025,-0.15,0.075
476,11/26/24 04:45:00 PM,-1.025,-0.225,0.075
477,11/26/24 05:00:00 PM,-1.025,-0.175,0.075
478,11/26/24 05:15:00 PM,-1.025,-0.2,0.025
479,11/26/24 05:30:00 PM,-1.025,-0.2,0.1
480,11/26/24 05:45:00 PM,-1.025,-0.15,0.05
481,11/26/24 06:00:00 PM,-1.025,-0.225,0.05
482,11/26/24 06:15:00 PM,-1.025,-0.225,0.025
483,11/26/24 06:30:00 PM,-1.025,-0.2,0.075
484,11/26/24 06:45:00 PM,-1.025,-0.175,0.075
485,11/26/24 07:00:00 PM,-1.05,-0.175,0.075
486,11/26/24 07:15:00 PM,-1.025,-0.2,0.075
487,11/26/24 07:30:00 PM,-1.025,-0.175,0.075
488,11/26/24 07:45:00 PM,-1.025,-0.175,0.075
489,11/26/24 08:00:00 PM,-1.025,-0.2,0.1
490,11/26/24 08:15:00 PM,-1.025,-0.2,0.1
491,11/26/24 08:30:00 PM,-1.025,-0.2,0.1
492,11/26/24 08:45:00 PM,-1.025,-0.175,0.075
493,11/26/24 09:00:00 PM,-1.05,-0.225,0.125
494,11/26/24 09:15:00 PM,-1.05,-0.2,0.1
495,11/26/24 09:30:00 PM,-1.025,-0.225,0.1
496,11/26/24 09:45:00 PM,-1.05,-0.2,0.075
497,11/26/24 10:00:00 PM,-1.025,-0.175,0.125
498,11/26/24 10:15:00 PM,-1.025,-0.15,0.1
499,11/26/24 10:30:00 PM,-1.025,-0.2,0.125
500,11/26/24 10:45:00 PM,-1.025,-0.175,0.125
501,11/26/24 11:00:00 PM,-1.025,-0.2,0.1
502,11/26/24 11:15:00 PM,-1.05,-0.175,0.1
503,11/26/24 11:30:00 PM,-1.05,-0.15,0.075
504,11/26/24 11:45:00 PM,-1.025,-0.175,0.075
505,11/27/24 12:00:00 AM,-1.025,-0.2,0
506,11/27/24 12:15:00 AM,-1.075,-0.125,-0.05
507,11/27/24 12:30:00 AM,-1.025,-0.15,0.05
508,11/27/24 12:45:00 AM,-1.025,-0.175,0.025
509,11/27/24 01:00:00 AM,-1.025,-0.2,0
510,11/27/24 01:15:00 AM,-1.05,-0.225,0.05
511,11/27/24 01:30:00 AM,-1.05,-0.175,0.05
512,11/27/24 01:45:00 AM,-1.025,-0.25,0.025
513,11/27/24 02:00:00 AM,-1.075,-0.25,0.05
514,11/27/24 02:15:00 AM,-1.025,-0.2,0
515,11/27/24 02:30:00 AM,-1.025,-0.25,0
516,11/27/24 02:45:00 AM,-1.025,-0.175,0.025
517,11/27/24 03:00:00 AM,-1.025,-0.175,0.025
518,11/27/24 03:15:00 AM,-1.025,-0.25,0
519,11/27/24 03:30:00 AM,-1.025,-0.2,0.025
520,11/27/24 03:45:00 AM,-1.05,-0.2,0
521,11/27/24 04:00:00 AM,-1.025,-0.25,0.025
522,11/27/24 04:15:00 AM,-1.025,-0.25,0.025
523,11/27/24 04:30:00 AM,-1,-0.125,0.1
524,11/27/24 04:45:00 AM,-1.025,-0.15,0.075
525,11/27/24 05:00:00 AM,-1.025,-0.225,0.125
526,11/27/24 05:15:00 AM,-1.025,-0.175,0.1
527,11/27/24 05:30:00 AM,-1.025,-0.15,-0.075
528,11/27/24 05:45:00 AM,-1.05,-0.125,-0.075
529,11/27/24 06:00:00 AM,-1.025,-0.15,0
530,11/27/24 06:15:00 AM,-1.025,-0.125,-0.025
531,11/27/24 06:30:00 AM,-1.025,-0.15,0.025
532,11/27/24 06:45:00 AM,-1.025,-0.175,-0.025
533,11/27/24 07:00:00 AM,-1.025,-0.15,-0.025
534,11/27/24 07:15:00 AM,-1.025,-0.15,-0.025
535,11/27/24 07:30:00 AM,-1.075,-0.175,0.05
536,11/27/24 07:45:00 AM,-1,-0.15,0.025
537,11/27/24 08:00:00 AM,-1.025,-0.175,0.025
538,11/27/24 08:15:00 AM,-1.025,-0.15,0.075
539,11/27/24 08:30:00 AM,-1.025,-0.225,0.025
540,11/27/24 08:45:00 AM,-1.025,-0.15,0.125
541,11/27/24 09:00:00 AM,-1.025,-0.2,0.15
542,11/27/24 09:15:00 AM,-1.025,-0.15,0.1
543,11/27/24 09:30:00 AM,-1.025,-0.15,0.075
544,11/27/24 09:45:00 AM,-1.025,-0.2,0.1
545,11/27/24 10:00:00 AM,-1.025,-0.2,0.075
546,11/27/24 10:15:00 AM,-1.025,-0.2,0.075
547,11/27/24 10:30:00 AM,-1.025,-0.175,0.075
548,11/27/24 10:45:00 AM,-1.025,-0.15,0.075
549,11/27/24 11:00:00 AM,-1.025,-0.15,0.05
550,11/27/24 11:15:00 AM,-1.025,-0.15,0.075
551,11/27/24 11:30:00 AM,-1.05,-0.15,0.1
552,11/27/24 11:45:00 AM,-1.025,-0.15,0.05
553,11/27/24 12:00:00 PM,-1.025,-0.15,0.1
554,11/27/24 12:15:00 PM,-1.025,-0.2,0.075
555,11/27/24 12:30:00 PM,-1.025,-0.2,0.125
556,11/27/24 12:45:00 PM,-1.025,-0.2,0.125
557,11/27/24 01:00:00 PM,-1.075,-0.15,0.075
558,11/27/24 01:15:00 PM,-1.025,-0.175,0.075
559,11/27/24 01:30:00 PM,-1.05,-0.15,0.125
560,11/27/24 01:45:00 PM,-1.025,-0.225,0.075
561,11/27/24 02:00:00 PM,-1.025,-0.15,0.05
562,11/27/24 02:15:00 PM,-1.025,-0.15,0.05
563,11/27/24 02:30:00 PM,-1.025,-0.175,-0.075
564,11/27/24 02:45:00 PM,-1.025,-0.15,0.05
565,11/27/24 03:00:00 PM,-1.025,-0.175,0.025
566,11/27/24 03:15:00 PM,-1.025,-0.15,0.1
567,11/27/24 03:30:00 PM,-1.025,-0.2,0.125
568,11/27/24 03:45:00 PM,-1.05,-0.075,0.2
569,11/27/24 04:00:00 PM,-1.025,-0.2,0.15
570,11/27/24 04:15:00 PM,-1.05,-0.15,0.125
571,11/27/24 04:30:00 PM,-1.025,-0.175,0.15
572,11/27/24 04:45:00 PM,-1.025,-0.15,0.1
573,11/27/24 05:00:00 PM,-1.025,-0.175,0.025
574,11/27/24 05:15:00 PM,-1.025,-0.15,0.1
575,11/27/24 05:30:00 PM,-1.025,-0.2,0.075
576,11/27/24 05:45:00 PM,-1.05,-0.15,0.075
577,11/27/24 06:00:00 PM,-1.025,-0.175,0.025
578,11/27/24 06:15:00 PM,-1.025,-0.2,0.075
579,11/27/24 06:30:00 PM,-1.05,-0.2,0.1
580,11/27/24 06:45:00 PM,-1.025,-0.15,0.05
581,11/27/24 07:00:00 PM,-1.025,-0.15,0.1
582,11/27/24 07:15:00 PM,-1.025,-0.175,0.1
583,11/27/24 07:30:00 PM,-1.025,-0.15,0.1
584,11/27/24 07:45:00 PM,-1.025,-0.15,0.05
585,11/27/24 08:00:00 PM,-1.025,-0.175,0.05
586,11/27/24 08:15:00 PM,-1.025,-0.175,0.075
587,11/27/24 08:30:00 PM,-1.025,-0.15,0.1
588,11/27/24 08:45:00 PM,-1.025,-0.2,0.075
589,11/27/24 09:00:00 PM,-1.025,-0.2,0.075
590,11/27/24 09:15:00 PM,-1.025,-0.15,0.075
591,11/27/24 09:30:00 PM,-1.025,-0.2,0.075
592,11/27/24 09:45:00 PM,-1.025,-0.2,0.075
593,11/27/24 10:00:00 PM,-1.025,-0.225,0.1
594,11/27/24 10:15:00 PM,-1.025,-0.2,0.075
595,11/27/24 10:30:00 PM,-1.025,-0.15,0.1
596,11/27/24 10:45:00 PM,-1.025,-0.175,0.075
597,11/27/24 11:00:00 PM,-1.075,-0.225,0.025
598,11/27/24 11:15:00 PM,-1.025,-0.175,0.075
599,11/27/24 11:30:00 PM,-1.025,-0.125,0.1
600,11/27/24 11:45:00 PM,-1.025,-0.125,0
601,11/28/24 12:00:00 AM,-1.05,-0.325,-0.125
602,11/28/24 12:15:00 AM,-1,-0.275,-0.125
603,11/28/24 12:30:00 AM,-1.025,0.025,-0.125
604,11/28/24 12:45:00 AM,-1.075,-0.15,-0.025
605,11/28/24 01:00:00 AM,-1.025,-0.275,-0.125
606,11/28/24 01:15:00 AM,-1.025,-0.15,-0.025
607,11/28/24 01:30:00 AM,-1.05,-0.25,-0.1
608,11/28/24 01:45:00 AM,-1,-0.225,-0.15
609,11/28/24 02:00:00 AM,-1.025,-0.2,-0.05
610,11/28/24 02:15:00 AM,-1.025,-0.25,0.025
611,11/28/24 02:30:00 AM,-1.025,-0.15,0.025
612,11/28/24 02:45:00 AM,-1.025,-0.225,-0.125
613,11/28/24 03:00:00 AM,-1.025,-0.125,-0.075
614,11/28/24 03:15:00 AM,-1.025,-0.175,-0.075
615,11/28/24 03:30:00 AM,-1.025,0.075,-0.2
616,11/28/24 03:45:00 AM,-1.05,-0.3,-0.125
617,11/28/24 04:00:00 AM,-1,-0.425,-0.125
618,11/28/24 04:15:00 AM,-1.025,0,-0.05
619,11/28/24 04:30:00 AM,-0.925,-0.4,-0.3
620,11/28/24 04:45:00 AM,-1.05,-0.175,0.05
621,11/28/24 05:00:00 AM,-1.025,-0.15,0.025
622,11/28/24 05:15:00 AM,-1.025,-0.15,0.075
623,11/28/24 05:30:00 AM,-1.05,-0.15,0.175
624,11/28/24 05:45:00 AM,-1.025,-0.15,0.1
625,11/28/24 06:00:00 AM,-1.1,-0.2,0.075
626,11/28/24 06:15:00 AM,-1.025,-0.4,0.075
627,11/28/24 06:30:00 AM,-1,-0.175,0.175
628,11/28/24 06:45:00 AM,-0.95,-0.475,0.325
629,11/28/24 07:00:00 AM,-1,-0.2,0.125
630,11/28/24 07:15:00 AM,-1.025,-0.325,0.35
631,11/28/24 07:30:00 AM,-1,-0.25,0.175
632,11/28/24 07:45:00 AM,-1.05,-0.225,0.275
633,11/28/24 08:00:00 AM,-0.975,-0.175,0.25
634,11/28/24 08:15:00 AM,-1,-0.15,0.275
635,11/28/24 08:30:00 AM,-1.025,-0.15,0.05
636,11/28/24 08:45:00 AM,-0.975,-0.3,0.4
637,11/28/24 09:00:00 AM,-0.95,-0.35,0.375
638,11/28/24 09:15:00 AM,-1.05,-0.15,0.3
639,11/28/24 09:30:00 AM,-1.025,-0.2,0.275
640,11/28/24 09:45:00 AM,-1,-0.025,0.275
641,11/28/24 10:00:00 AM,-0.975,-0.4,0.3
642,11/28/24 10:15:00 AM,-0.975,-0.125,0.375
643,11/28/24 10:30:00 AM,-0.925,-0.175,0.425
644,11/28/24 10:45:00 AM,-1,-0.25,0.3
645,11/28/24 11:00:00 AM,-1,-0.325,0.275
646,11/28/24 11:15:00 AM,-0.95,0.1,0.375
647,11/28/24 11:30:00 AM,-1.025,-0.225,0.175
648,11/28/24 11:45:00 AM,-1.05,-0.325,0.25
649,11/28/24 12:00:00 PM,-1.025,-0.2,0.275
650,11/28/24 12:15:00 PM,-1.1,-0.125,0.225
651,11/28/24 12:30:00 PM,-0.975,-0.325,0.1
652,11/28/24 12:45:00 PM,-0.975,-0.15,0.375
653,11/28/24 01:00:00 PM,-0.9,-0.625,0.425
654,11/28/24 01:15:00 PM,-1,-0.35,0.325
655,11/28/24 01:30:00 PM,-0.9,-0.375,0.425
656,11/28/24 01:45:00 PM,-0.8,-0.425,0.575
657,11/28/24 02:00:00 PM,-0.85,-0.525,0.55
658,11/28/24 02:15:00 PM,-0.975,-0.025,0.4
659,11/28/24 02:30:00 PM,-1.025,-0.275,-0.15
660,11/28/24 02:45:00 PM,-1.1,-0.125,0.125
661,11/28/24 03:00:00 PM,-0.975,-0.15,0.15
662,11/28/24 03:15:00 PM,-1,-0.1,0.325
663,11/28/24 03:30:00 PM,-1.125,-0.2,0.2
664,11/28/24 03:45:00 PM,-1.125,-0.075,0.275
665,11/28/24 04:00:00 PM,-1,-0.2,0.2
666,11/28/24 04:15:00 PM,-1.025,-0.025,0.15
667,11/28/24 04:30:00 PM,-1.125,-0.225,0.075
668,11/28/24 04:45:00 PM,-1.05,-0.25,0.05
669,11/28/24 05:00:00 PM,-1.075,-0.275,0.15
670,11/28/24 05:15:00 PM,-1,-0.15,0.225
671,11/28/24 05:30:00 PM,-1,0,0.175
672,11/28/24 05:45:00 PM,-1,-0.025,0.15
673,11/28/24 06:00:00 PM,-0.9,-0.675,0.175
674,11/28/24 06:15:00 PM,-1.075,-0.35,0.125
675,11/28/24 06:30:00 PM,-0.975,-0.325,0.3
676,11/28/24 06:45:00 PM,-0.55,-0.475,0.8
677,11/28/24 07:00:00 PM,-1.075,-0.3,0.075
678,11/28/24 07:15:00 PM,-0.75,-0.25,0.75
679,11/28/24 07:30:00 PM,-1.075,-0.1,0.025
680,11/28/24 07:45:00 PM,-0.9,-0.7,0
681,11/28/24 08:00:00 PM,-1,-0.275,0.175
682,11/28/24 08:15:00 PM,-1.075,-0.275,-0.175
683,11/28/24 08:30:00 PM,-0.85,-0.05,0.675
684,11/28/24 08:45:00 PM,-0.55,-0.5,-0.775
685,11/28/24 09:00:00 PM,-0.625,-0.225,0.825
686,11/28/24 09:15:00 PM,-0.9,-0.65,0.075
687,11/28/24 09:30:00 PM,-0.1,0.15,1.025
688,11/28/24 09:45:00 PM,-1,-0.4,0.2
689,11/28/24 10:00:00 PM,-0.6,-0.5,0
690,11/28/24 10:15:00 PM,-0.95,0.025,0.375
691,11/28/24 10:30:00 PM,-0.9,-0.275,0.5
692,11/28/24 10:45:00 PM,-0.9,-0.075,0.175
693,11/28/24 11:00:00 PM,-1.15,-0.175,0.175
694,11/28/24 11:15:00 PM,-0.975,0.025,-0.175
695,11/28/24 11:30:00 PM,-0.375,-1,0.175
696,11/28/24 11:45:00 PM,-1.025,-0.575,0.075
697,11/29/24 12:00:00 AM,-1.05,-0.1,-0.1
698,11/29/24 12:15:00 AM,-0.975,-0.1,-0.225
699,11/29/24 12:30:00 AM,-1.1,0.075,0.275
700,11/29/24 12:45:00 AM,-1.1,0.125,0.325
701,11/29/24 01:00:00 AM,-1.025,-0.225,0.25
702,11/29/24 01:15:00 AM,-0.625,-0.575,0.575
703,11/29/24 01:30:00 AM,-0.7,-0.875,0.175
704,11/29/24 01:45:00 AM,-1.15,-0.225,0.275
705,11/29/24 02:00:00 AM,-1.15,0.2,0.075
706,11/29/24 02:15:00 AM,0.225,-1,-0.225
707,11/29/24 02:30:00 AM,-0.5,-0.075,0.9
708,11/29/24 02:45:00 AM,-0.325,-0.05,1.025
709,11/29/24 03:00:00 AM,-1.05,-0.375,0.325
710,11/29/24 03:15:00 AM,-1.1,-0.25,-0.2
711,11/29/24 03:30:00 AM,-1,-0.225,0.25
712,11/29/24 03:45:00 AM,-0.975,-0.475,0.475
713,11/29/24 04:00:00 AM,-1.075,-0.125,0.125
714,11/29/24 04:15:00 AM,-0.95,-0.3,0.475
715,11/29/24 04:30:00 AM,-0.9,-0.275,0.6
716,11/29/24 04:45:00 AM,-1,-0.35,-0.175
717,11/29/24 05:00:00 AM,-1.025,-0.175,-0.025
718,11/29/24 05:15:00 AM,-0.925,-0.7,0.075
719,11/29/24 05:30:00 AM,-0.875,-0.725,0.05
720,11/29/24 05:45:00 AM,-0.65,-0.125,0.75
721,11/29/24 06:00:00 AM,-0.975,-0.3,0.325
722,11/29/24 06:15:00 AM,-0.65,-0.3,0.75
723,11/29/24 06:30:00 AM,-0.925,-0.075,-0.375
724,11/29/24 06:45:00 AM,-0.925,-0.625,-0.1
725,11/29/24 07:00:00 AM,-1.125,0.15,0.075
726,11/29/24 07:15:00 AM,0.5,0.025,1.1
727,11/29/24 07:30:00 AM,-0.025,-1.075,0.4
728,11/29/24 07:45:00 AM,-1.075,-0.125,0.2
729,11/29/24 08:00:00 AM,-1.05,-0.125,0.15
730,11/29/24 08:15:00 AM,-0.875,-0.35,0.475
731,11/29/24 08:30:00 AM,-1.075,-0.1,0.25
732,11/29/24 08:45:00 AM,-0.925,-0.15,-0.4
733,11/29/24 09:00:00 AM,-1.025,-0.225,0.175
734,11/29/24 09:15:00 AM,-0.35,-1.075,0.175
735,11/29/24 09:30:00 AM,-0.7,-0.5,0.375
736,11/29/24 09:45:00 AM,-1.025,-0.2,0.375
737,11/29/24 10:00:00 AM,-0.9,-0.15,0.475
738,11/29/24 10:15:00 AM,-1.05,-0.025,0.025
739,11/29/24 10:30:00 AM,-0.85,-0.45,0.45
740,11/29/24 10:45:00 AM,-1.025,0.15,0.125
741,11/29/24 11:00:00 AM,-0.85,0.1,0.65
742,11/29/24 11:15:00 AM,0.45,-0.25,0.9
743,11/29/24 11:30:00 AM,-0.8,0.1,0.675
744,11/29/24 11:45:00 AM,-1.025,-0.475,0.175
745,11/29/24 12:00:00 PM,-1.075,-0.25,0.1
746,11/29/24 12:15:00 PM,-0.85,-0.125,0.025
747,11/29/24 12:30:00 PM,-1.15,-0.15,-0.025
748,11/29/24 12:45:00 PM,-1.1,-0.025,0.3
749,11/29/24 01:00:00 PM,-0.825,0.15,0
750,11/29/24 01:15:00 PM,-0.875,0.175,0.625
751,11/29/24 01:30:00 PM,-0.55,-0.425,-0.85
752,11/29/24 01:45:00 PM,-0.775,-0.35,0.575
753,11/29/24 02:00:00 PM,-0.75,-0.55,0.45
754,11/29/24 02:15:00 PM,-1.125,-0.025,0
755,11/29/24 02:30:00 PM,-1.025,-0.4,0.125
756,11/29/24 02:45:00 PM,-0.3,0.025,0.425
757,11/29/24 03:00:00 PM,-1.05,0.025,-0.1
758,11/29/24 03:15:00 PM,-1.175,-0.125,-0.075
759,11/29/24 03:30:00 PM,-1.125,0.05,0.025
760,11/29/24 03:45:00 PM,-1.05,-0.275,0.1
761,11/29/24 04:00:00 PM,-1,0.3,0.2
762,11/29/24 04:15:00 PM,-0.8,-0.3,0.5
763,11/29/24 04:30:00 PM,-1.05,0.025,0.125
764,11/29/24 04:45:00 PM,-0.7,-0.825,-0.35
765,11/29/24 05:00:00 PM,-1.1,-0.3,0.075
766,11/29/24 05:15:00 PM,-0.825,-0.7,-0.075
767,11/29/24 05:30:00 PM,0.55,-0.65,0.325
768,11/29/24 05:45:00 PM,-1.1,-0.175,-0.075
769,11/29/24 06:00:00 PM,-1,-0.2,0.475
770,11/29/24 06:15:00 PM,-0.925,-0.15,0.15
771,11/29/24 06:30:00 PM,-1.125,-0.1,0.4
772,11/29/24 06:45:00 PM,-1.125,0.05,0.075
773,11/29/24 07:00:00 PM,-0.9,-0.075,-0.325
774,11/29/24 07:15:00 PM,-1.075,0.225,0.275
775,11/29/24 07:30:00 PM,-0.975,-0.65,0.075
776,11/29/24 07:45:00 PM,0.375,0.925,-0.025
777,11/29/24 08:00:00 PM,-1.05,-0.225,0.05
778,11/29/24 08:15:00 PM,-1.05,0.025,0.225
779,11/29/24 08:30:00 PM,-0.225,-1.075,0.275
780,11/29/24 08:45:00 PM,-1.075,0.1,0.05
781,11/29/24 09:00:00 PM,-1.025,-0.5,-0.075
782,11/29/24 09:15:00 PM,-1.15,-0.15,-0.25
783,11/29/24 09:30:00 PM,-0.525,0.175,0.875
784,11/29/24 09:45:00 PM,-1.1,-0.225,0.2
785,11/29/24 10:00:00 PM,-0.475,-0.95,0.5
786,11/29/24 10:15:00 PM,-0.95,-0.3,0.125
787,11/29/24 10:30:00 PM,-1.125,-0.3,-0.2
788,11/29/24 10:45:00 PM,-0.975,0.025,0.125
789,11/29/24 11:00:00 PM,-0.6,-0.4,0.725
790,11/29/24 11:15:00 PM,-0.875,0.175,0.275
791,11/29/24 11:30:00 PM,-0.8,-0.2,0.375
792,11/29/24 11:45:00 PM,-0.95,0.25,-0.375
793,11/30/24 12:00:00 AM,-0.675,0.025,-0.725
794,11/30/24 12:15:00 AM,-0.95,0.15,-0.225
795,11/30/24 12:30:00 AM,-0.875,-0.75,0.175
796,11/30/24 12:45:00 AM,-0.75,-0.825,0.1
797,11/30/24 01:00:00 AM,-0.1,-0.325,1
798,11/30/24 01:15:00 AM,-0.95,-0.3,0.275
799,11/30/24 01:30:00 AM,-0.825,-0.125,-0.425
800,11/30/24 01:45:00 AM,0.325,0.1,1.025
801,11/30/24 02:00:00 AM,-1,-0.325,-0.125
802,11/30/24 02:15:00 AM,-1,-0.65,0.05
803,11/30/24 02:30:00 AM,-0.125,-0.125,1.025
804,11/30/24 02:45:00 AM,-1.125,-0.2,-0.05
805,11/30/24 03:00:00 AM,0.1,-0.175,1.05
806,11/30/24 03:15:00 AM,-1.05,0.025,0.125
807,11/30/24 03:30:00 AM,-1,-0.55,0.05
808,11/30/24 03:45:00 AM,-1,-0.625,-0.1
809,11/30/24 04:00:00 AM,-0.975,-0.475,-0.275
810,11/30/24 04:15:00 AM,-0.9,-0.325,0.425
811,11/30/24 04:30:00 AM,-0.825,-0.7,-0.075
812,11/30/24 04:45:00 AM,-1.125,-0.25,0.1
813,11/30/24 05:00:00 AM,0.925,-0.175,0.2
814,11/30/24 05:15:00 AM,0.25,-0.225,1
815,11/30/24 05:30:00 AM,-0.875,0.275,-0.075
816,11/30/24 05:45:00 AM,-1.025,-0.3,-0.175
817,11/30/24 06:00:00 AM,-1.05,0.025,-0.05
818,11/30/24 06:15:00 AM,-0.8,0.025,0.6
819,11/30/24 06:30:00 AM,-0.975,-0.125,0.275
820,11/30/24 06:45:00 AM,-0.75,-0.8,0.225
821,11/30/24 07:00:00 AM,-0.4,-0.25,0.9
822,11/30/24 07:15:00 AM,-0.35,-0.075,0.925
823,11/30/24 07:30:00 AM,-0.95,-0.525,-0.05
824,11/30/24 07:45:00 AM,-0.95,0.625,-0.125
825,11/30/24 08:00:00 AM,-0.05,-0.6,0.825
826,11/30/24 08:15:00 AM,-1.1,-0.275,0.175
827,11/30/24 08:30:00 AM,-0.975,0.05,0.575
828,11/30/24 08:45:00 AM,0.175,-0.15,1.05
829,11/30/24 09:00:00 AM,0.325,-0.3,-0.875
830,11/30/24 09:15:00 AM,-0.975,-0.225,-0.225
831,11/30/24 09:30:00 AM,-0.95,-0.25,-0.225
832,11/30/24 09:45:00 AM,-1.025,-0.3,0.175
833,11/30/24 10:00:00 AM,-0.75,-0.275,0.675
834,11/30/24 10:15:00 AM,-0.7,-0.8,0.375
835,11/30/24 10:30:00 AM,-1.1,-0.225,-0.35
836,11/30/24 10:45:00 AM,-0.9,-0.275,-0.35
837,11/30/24 11:00:00 AM,-1,0.15,0.2
838,11/30/24 11:15:00 AM,-0.925,-0.025,0
839,11/30/24 11:30:00 AM,-1.025,-0.125,-0.025
840,11/30/24 11:45:00 AM,-0.625,-0.725,0.5
841,11/30/24 12:00:00 PM,-1.05,-0.25,0.1
842,11/30/24 12:15:00 PM,-0.975,-0.625,0.2
843,11/30/24 12:30:00 PM,-0.975,-0.3,0.175
844,11/30/24 12:45:00 PM,-1.125,-0.325,-0.075
845,11/30/24 01:00:00 PM,-1.1,0.15,0.075
846,11/30/24 01:15:00 PM,-0.25,-0.15,-0.95
847,11/30/24 01:30:00 PM,-0.975,-0.5,0.125
848,11/30/24 01:45:00 PM,-1,-0.25,0.1
849,11/30/24 02:00:00 PM,-0.375,-0.875,0.7
850,11/30/24 02:15:00 PM,-1.025,-0.375,0.15
851,11/30/24 02:30:00 PM,0.1,-0.625,-0.8
852,11/30/24 02:45:00 PM,-1.05,-0.15,0.025
853,11/30/24 03:00:00 PM,-1.025,0.1,0.225
854,11/30/24 03:15:00 PM,-1.075,-0.125,0.025
855,11/30/24 03:30:00 PM,-0.95,-0.45,0.325
856,11/30/24 03:45:00 PM,-1.1,-1.05,0.325
857,11/30/24 04:00:00 PM,-0.275,-0.15,-0.625
858,11/30/24 04:15:00 PM,-0.3,-0.275,0.4
859,11/30/24 04:30:00 PM,-0.9,-0.75,0.225
860,11/30/24 04:45:00 PM,-0.5,-0.1,0.925
861,11/30/24 05:00:00 PM,-1.175,-0.15,0.05
862,11/30/24 05:15:00 PM,-1.2,-0.075,0.35
863,11/30/24 05:30:00 PM,-0.575,0.45,-0.575
864,11/30/24 05:45:00 PM,-0.775,-0.55,-0.45
865,11/30/24 06:00:00 PM,-1.15,0.025,-0.225
866,11/30/24 06:15:00 PM,-0.9,-0.475,0.55
867,11/30/24 06:30:00 PM,-0.075,-1.05,0.325
868,11/30/24 06:45:00 PM,-0.975,-0.025,0.425
869,11/30/24 07:00:00 PM,0.275,-0.175,1
870,11/30/24 07:15:00 PM,-1.125,-0.4,0
871,11/30/24 07:30:00 PM,-1.05,-0.15,0.275
872,11/30/24 07:45:00 PM,-0.475,0.05,0.95
873,11/30/24 08:00:00 PM,0.075,-0.35,0.975
874,11/30/24 08:15:00 PM,-0.75,-0.625,0.225
875,11/30/24 08:30:00 PM,-1.125,-0.05,-0.275
876,11/30/24 08:45:00 PM,-0.275,-0.15,1.025
877,11/30/24 09:00:00 PM,-1.25,-0.1,-0.025
878,11/30/24 09:15:00 PM,-1.175,-0.175,0.125
879,11/30/24 09:30:00 PM,-1,0.125,0.275
880,11/30/24 09:45:00 PM,-0.925,-0.15,-0.025
881,11/30/24 10:00:00 PM,0.275,-0.575,-0.725
882,11/30/24 10:15:00 PM,-0.325,0.2,0.975
883,11/30/24 10:30:00 PM,-0.825,-0.55,-0.175
884,11/30/24 10:45:00 PM,0.775,-0.2,0.525
885,11/30/24 11:00:00 PM,-0.9,-0.225,0.35
886,11/30/24 11:15:00 PM,-1.025,-0.475,0.175
887,11/30/24 11:30:00 PM,0.325,-0.775,-0.675
888,11/30/24 11:45:00 PM,-0.8,-0.6,0.45
889,12/01/2024 00:00,-0.175,-0.6,0.925
890,12/01/2024 00:15,-1,-0.025,0.45
891,12/01/2024 00:30,-1,-0.275,-0.35
892,12/01/2024 00:45,-1,-0.1,-0.275
893,12/01/2024 01:00,-0.9,0.475,0.3
894,12/01/2024 01:15,-0.25,0.05,-0.85
895,12/01/2024 01:30,-1.025,0.075,-0.2
896,12/01/2024 01:45,-0.925,-0.075,0.475
897,12/01/2024 02:00,-0.525,-0.4,0.825
898,12/01/2024 02:15,-0.825,-0.675,0.325
899,12/01/2024 02:30,-0.7,-0.175,0.8
900,12/01/2024 02:45,0.95,-0.225,0.575
901,12/01/2024 03:00,-0.875,-0.5,0.225
902,12/01/2024 03:15,-0.875,-0.425,0.175
903,12/01/2024 03:30,-0.75,-0.125,0.475
904,12/01/2024 03:45,-0.825,-0.8,0.025
905,12/01/2024 04:00,-0.925,-0.225,0.25
906,12/01/2024 04:15,-0.775,-0.85,0.15
907,12/01/2024 04:30,-0.825,-0.275,0.55
908,12/01/2024 04:45,-1.025,-0.125,0.175
909,12/01/2024 05:00,0.4,-0.35,0.825
910,12/01/2024 05:15,-1.125,0.15,0.4
911,12/01/2024 05:30,-0.925,-0.3,0.225
912,12/01/2024 05:45,-0.975,0.175,0.25
913,12/01/2024 06:00,-0.7,0.075,0.55
914,12/01/2024 06:15,-1,-0.15,-0.1
915,12/01/2024 06:30,-0.975,0.05,0.225
916,12/01/2024 06:45,-1.125,-0.3,0
917,12/01/2024 07:00,-1.275,-0.375,-0.075
918,12/01/2024 07:15,-0.5,-0.725,0.6
919,12/01/2024 07:30,-1.025,-0.475,0.4
920,12/01/2024 07:45,-1.125,-0.225,0.025
921,12/01/2024 08:00,-0.875,-0.15,-0.6
922,12/01/2024 08:15,0.225,-0.575,0.85
923,12/01/2024 08:30,-0.775,-0.025,-0.575
924,12/01/2024 08:45,-1.025,0.1,0.3
925,12/01/2024 09:00,-1.025,-0.15,0.1
926,12/01/2024 09:15,-0.875,-0.45,0.075
927,12/01/2024 09:30,-1.025,-0.125,0.025
928,12/01/2024 09:45,-0.925,-0.275,0.475
929,12/01/2024 10:00,-1.1,-0.125,-0.1
930,12/01/2024 10:15,0.325,-0.025,0.975
931,12/01/2024 10:30,-0.225,0.1,0.975
932,12/01/2024 10:45,-1.075,-0.3,0.1
933,12/01/2024 11:00,-0.575,-0.6,0.725
934,12/01/2024 11:15,-1.175,-0.325,0.025
935,12/01/2024 11:30,-0.75,-0.175,0.675
936,12/01/2024 11:45,0.85,-0.325,-0.225
937,12/01/2024 12:00,-0.75,0.025,0.6
938,12/01/2024 12:15,-0.925,-0.3,-0.45
939,12/01/2024 12:30,0.4,-0.225,0.95
940,12/01/2024 12:45,-1,0.15,0
941,12/01/2024 13:00,1.025,-0.525,0.875
942,12/01/2024 13:15,-0.95,-0.25,-0.375
943,12/01/2024 13:30,-1.025,-0.475,0.1
944,12/01/2024 13:45,-0.875,-0.275,-0.375
945,12/01/2024 14:00,-0.2,-1.05,-0.25
946,12/01/2024 14:15,-0.525,-0.975,0.575
947,12/01/2024 14:30,-0.1,-1.075,-0.075
948,12/01/2024 14:45,-0.975,-0.575,0.025
949,12/01/2024 15:00,-0.925,-0.125,0.475
950,12/01/2024 15:15,-0.975,0.1,-0.3
951,12/01/2024 15:30,0.7,-0.3,0.675
952,12/01/2024 15:45,-1.025,-0.225,-0.125
953,12/01/2024 16:00,-0.525,-0.75,-0.425
954,12/01/2024 16:15,-1.025,0.175,0.275
955,12/01/2024 16:30,-0.75,-0.225,0.65
956,12/01/2024 16:45,0.25,0.025,0.925
957,12/01/2024 17:00,-1.125,-0.025,0.225
958,12/01/2024 17:15,-0.975,0.125,-0.25
959,12/01/2024 17:30,-1,0.2,-0.15
960,12/01/2024 17:45,-1.075,-0.35,-0.15
961,12/01/2024 18:00,-0.875,-0.35,0.1
962,12/01/2024 18:15,-1.075,0.025,0.2
963,12/01/2024 18:30,-1,0.225,0.125
964,12/01/2024 18:45,-0.75,-0.125,-0.375
965,12/01/2024 19:00,-0.975,0.2,-0.15
966,12/01/2024 19:15,-1.075,0.1,-0.025
967,12/01/2024 19:30,-1.1,0.05,0.225
968,12/01/2024 19:45,-0.125,-0.2,1.025
969,12/01/2024 20:00,-1,-0.15,0.025
970,12/01/2024 20:15,-0.875,0.025,-0.2
971,12/01/2024 20:30,-1.025,-0.175,0.175
972,12/01/2024 20:45,-1.075,-0.2,0.05
973,12/01/2024 21:00,-1.025,-0.25,0.325
974,12/01/2024 21:15,-0.925,-0.3,0.15
975,12/01/2024 21:30,-1.025,-0.325,0.1
976,12/01/2024 21:45,-0.725,-0.9,0.25
977,12/01/2024 22:00,-1,-0.125,0.3
978,12/01/2024 22:15,-1.125,0.05,0.125
979,12/01/2024 22:30,-1.025,-0.25,0.175
980,12/01/2024 22:45,-1,-0.2,-0.05
981,12/01/2024 23:00,-1.025,-0.15,0.1
982,12/01/2024 23:15,-1.025,-0.15,0.125
983,12/01/2024 23:30,-0.975,-0.3,0.1
984,12/01/2024 23:45,-1.05,-0.25,0.075
985,12/02/2024 00:00,-1,-0.025,0.175
986,12/02/2024 00:15,-1.025,-0.225,0
987,12/02/2024 00:30,-1.075,0.075,0.175
988,12/02/2024 00:45,-1.025,-0.325,0.275
989,12/02/2024 01:00,-1.05,-0.25,0.25
990,12/02/2024 01:15,-1.05,-0.425,0.025
991,12/02/2024 01:30,-1.025,0.025,-0.125
992,12/02/2024 01:45,-0.975,-0.325,0.075
993,12/02/2024 02:00,-1.05,-0.325,0.15
994,12/02/2024 02:15,-0.3,0.3,0.925
995,12/02/2024 02:30,-1.125,-0.2,0.175
996,12/02/2024 02:45,-1,-0.325,-0.05
997,12/02/2024 03:00,-0.95,-0.2,-0.275
998,12/02/2024 03:15,-0.9,-0.075,-0.15
999,12/02/2024 03:30,-1.1,-0.15,-0.075
1000,12/02/2024 03:45,-1.025,-0.225,-0.1
1001,12/02/2024 04:00,-1.075,-0.225,-0.15
1002,12/02/2024 04:15,-1.025,-0.15,-0.225
1003,12/02/2024 04:30,-1.075,-0.175,0.025
1004,12/02/2024 04:45,-1.05,-0.325,0.125
1005,12/02/2024 05:00,-0.975,-0.325,-0.125
1006,12/02/2024 05:15,-1.025,-0.175,-0.075
1007,12/02/2024 05:30,-1.075,-0.25,-0.025
1008,12/02/2024 05:45,-1.025,-0.175,0.025
1009,12/02/2024 06:00,-0.975,-0.275,0.025
1010,12/02/2024 06:15,-1.025,-0.275,0.175
1011,12/02/2024 06:30,-1,-0.15,0.025
1012,12/02/2024 06:45,-1.025,-0.25,0.125
1013,12/02/2024 07:00,-1.025,-0.025,0.05
1014,12/02/2024 07:15,-1.025,-0.2,0.05
1015,12/02/2024 07:30,-1.025,-0.275,0
1016,12/02/2024 07:45,-1.075,-0.2,0.075
1017,12/02/2024 08:00,-1.05,-0.175,0.025
1018,12/02/2024 08:15,-1.05,-0.125,0.125
1019,12/02/2024 08:30,-1.025,-0.075,-0.1
1020,12/02/2024 08:45,-1.025,-0.2,0.05
1021,12/02/2024 09:00,-1.075,-0.125,-0.1
1022,12/02/2024 09:15,-0.975,-0.125,-0.1
1023,12/02/2024 09:30,-1.025,-0.25,-0.075
1024,12/02/2024 09:45,-1.05,-0.1,-0.175
1025,12/02/2024 10:00,-1,-0.3,-0.075
1026,12/02/2024 10:15,-1.025,-0.25,-0.225
1027,12/02/2024 10:30,-1.05,-0.3,-0.075
1028,12/02/2024 10:45,-1.025,-0.125,-0.05
1029,12/02/2024 11:00,-1.05,-0.225,0
1030,12/02/2024 11:15,-1.025,-0.175,0.025
1031,12/02/2024 11:30,-1.025,-0.2,0.025
1032,12/02/2024 11:45,-1.025,-0.15,0.05
1033,12/02/2024 12:00,-1.025,-0.175,0.1
1034,12/02/2024 12:15,-1.025,-0.175,0.075
1035,12/02/2024 12:30,-1.025,-0.25,0.125
1036,12/02/2024 12:45,-1.05,-0.225,0.05
1037,12/02/2024 13:00,-1.025,-0.15,0.1
1038,12/02/2024 13:15,-1.025,-0.15,0.05
1039,12/02/2024 13:30,-1.025,-0.15,0.05
1040,12/02/2024 13:45,-1.025,-0.225,0.025
1041,12/02/2024 14:00,-1.025,-0.125,0.05
1042,12/02/2024 14:15,-1.025,-0.175,0.075
1043,12/02/2024 14:30,-1.05,-0.225,0.125
1044,12/02/2024 14:45,-1.025,-0.15,0.025
1045,12/02/2024 15:00,-1.025,-0.15,0.075
1046,12/02/2024 15:15,-1.025,-0.2,0.125
1047,12/02/2024 15:30,-1.025,-0.2,0
1048,12/02/2024 15:45,-1.05,-0.275,0
1049,12/02/2024 16:00,-1.025,-0.225,0.025
1050,12/02/2024 16:15,-1.025,-0.175,0.025
1051,12/02/2024 16:30,-1.025,-0.15,-0.05
1052,12/02/2024 16:45,-1.05,-0.225,-0.125
1053,12/02/2024 17:00,-1.025,-0.15,-0.1
1054,12/02/2024 17:15,-1,-0.3,-0.1
1055,12/02/2024 17:30,-1.05,-0.125,-0.125
1056,12/02/2024 17:45,-1.05,-0.275,-0.175
1057,12/02/2024 18:00,-0.975,-0.225,-0.175
1058,12/02/2024 18:15,-0.95,-0.475,-0.125
1059,12/02/2024 18:30,-1.025,-0.3,-0.175
1060,12/02/2024 18:45,-0.975,-0.325,-0.25
1061,12/02/2024 19:00,-1.075,-0.1,-0.15
1062,12/02/2024 19:15,-1.025,0.025,-0.325
1063,12/02/2024 19:30,-1.025,-0.125,-0.15
1064,12/02/2024 19:45,-1.025,-0.375,-0.075
1065,12/02/2024 20:00,-1.025,-0.175,0
1066,12/02/2024 20:15,-1.025,-0.225,-0.025
1067,12/02/2024 20:30,-1.025,-0.2,0.05
1068,12/02/2024 20:45,-1.05,-0.275,0.025
1069,12/02/2024 21:00,-1.025,-0.25,0.025
1070,12/02/2024 21:15,-1.05,-0.15,0.025
1071,12/02/2024 21:30,-1.025,-0.15,0.075
1072,12/02/2024 21:45,-1,-0.25,0.025
1073,12/02/2024 22:00,-1.025,-0.2,0
1074,12/02/2024 22:15,-1.025,-0.125,0.05
1075,12/02/2024 22:30,-1,-0.325,0.05
1076,12/02/2024 22:45,-1.025,-0.225,0.05
1077,12/02/2024 23:00,-1.025,-0.225,0.025
1078,12/02/2024 23:15,-1.025,-0.1,0.075
1079,12/02/2024 23:30,-1.05,-0.35,-0.075
1080,12/02/2024 23:45,-1.025,-0.2,-0.125
1081,12/03/2024 00:00,-1.025,-0.175,0.05
1082,12/03/2024 00:15,-1.025,-0.25,-0.05
1083,12/03/2024 00:30,-1.075,-0.175,0.075
1084,12/03/2024 00:45,-1.025,-0.125,0.025
1085,12/03/2024 01:00,-1,-0.15,-0.125
1086,12/03/2024 01:15,-1.025,-0.2,0
1087,12/03/2024 01:30,-1.025,-0.175,-0.05
1088,12/03/2024 01:45,-1,-0.175,-0.175
1089,12/03/2024 02:00,-1.025,-0.275,-0.15
1090,12/03/2024 02:15,-1.075,-0.15,-0.075
1091,12/03/2024 02:30,-1,-0.25,-0.175
1092,12/03/2024 02:45,-1.05,-0.2,-0.075
1093,12/03/2024 03:00,-1.025,-0.225,-0.025
1094,12/03/2024 03:15,-1.05,-0.2,-0.075
1095,12/03/2024 03:30,-0.975,-0.425,-0.125
1096,12/03/2024 03:45,-1.025,-0.275,-0.05
1097,12/03/2024 04:00,-1,-0.3,-0.125
1098,12/03/2024 04:15,-0.975,-0.325,-0.25
1099,12/03/2024 04:30,-1,-0.3,-0.2
1100,12/03/2024 04:45,-1.025,-0.25,-0.025
1101,12/03/2024 05:00,-1.025,-0.325,0.025
1102,12/03/2024 05:15,-1.05,-0.2,-0.15
1103,12/03/2024 05:30,-1.05,-0.075,-0.125
1104,12/03/2024 05:45,-1,-0.325,0
1105,12/03/2024 06:00,-1,-0.3,-0.075
1106,12/03/2024 06:15,-1.025,-0.15,-0.025
1107,12/03/2024 06:30,-1.025,-0.3,0.1
1108,12/03/2024 06:45,-1.025,-0.075,-0.15
1109,12/03/2024 07:00,-1.05,-0.2,-0.1
1110,12/03/2024 07:15,-1.025,-0.125,-0.175
1111,12/03/2024 07:30,-1,-0.4,-0.15
1112,12/03/2024 07:45,-1.05,-0.25,-0.1
1113,12/03/2024 08:00,-1.05,-0.125,0
1114,12/03/2024 08:15,-1.05,-0.275,-0.1
1115,12/03/2024 08:30,-1.075,-0.05,-0.1
1116,12/03/2024 08:45,-0.975,0.1,-0.2
1117,12/03/2024 09:00,-1.025,-0.125,0.025
1118,12/03/2024 09:15,-0.925,0.275,-0.275
1119,12/03/2024 09:30,-1.125,-0.15,0.075
1120,12/03/2024 09:45,-1.075,-0.3,0.075
1121,12/03/2024 10:00,-1.025,0.1,0.025
1122,12/03/2024 10:15,-1.025,-0.325,0.1
1123,12/03/2024 10:30,-0.975,-0.175,0.275
1124,12/03/2024 10:45,-1,-0.475,-0.025
1125,12/03/2024 11:00,-0.9,-0.55,0.025
1126,12/03/2024 11:15,-0.925,-0.475,-0.2
1127,12/03/2024 11:30,-1.025,0.075,-0.2
1128,12/03/2024 11:45,-1,-0.075,-0.325
1129,12/03/2024 12:00,-0.975,-0.325,-0.075
1130,12/03/2024 12:15,-0.925,-0.475,-0.275
1131,12/03/2024 12:30,-1,-0.2,-0.225
1132,12/03/2024 12:45,-1.025,-0.3,-0.1
1133,12/03/2024 13:00,-1,-0.275,-0.175
1134,12/03/2024 13:15,-1.05,-0.25,-0.1
1135,12/03/2024 13:30,-1.05,-0.25,0.275
1136,12/03/2024 13:45,-1.1,-0.25,0.025
1137,12/03/2024 14:00,-1.025,-0.375,0.125
1138,12/03/2024 14:15,0.75,0.5,0.675
1139,12/03/2024 14:30,-0.975,-0.475,0.325
1140,12/03/2024 14:45,-1.075,-0.3,0.025
1141,12/03/2024 15:00,-1.025,0.1,0.125
1142,12/03/2024 15:15,-0.975,0.025,0.175
1143,12/03/2024 15:30,-1.025,-0.35,0.275
1144,12/03/2024 15:45,-0.675,-0.775,-0.1
1145,12/03/2024 16:00,0.075,-0.075,1.05
1146,12/03/2024 16:15,-0.925,-0.2,-0.4
1147,12/03/2024 16:30,-0.925,-0.15,-0.475
1148,12/03/2024 16:45,-0.9,-0.375,0.25
1149,12/03/2024 17:00,0.025,0.225,-0.45
1150,12/03/2024 17:15,-1,-0.325,-0.125
1151,12/03/2024 17:30,0.1,-0.05,-0.925
1152,12/03/2024 17:45,-0.65,0.175,-0.775
1153,12/03/2024 18:00,-0.975,-0.475,-0.35
1154,12/03/2024 18:15,-0.825,-0.45,-0.325
1155,12/03/2024 18:30,-1.15,-0.2,-0.1
1156,12/03/2024 18:45,-1.05,-0.075,-0.175
1157,12/03/2024 19:00,-1,-0.35,0
1158,12/03/2024 19:15,-0.85,0.1,-0.55
1159,12/03/2024 19:30,-0.9,-0.3,-0.4
1160,12/03/2024 19:45,-1.025,-0.175,-0.175
1161,12/03/2024 20:00,-1.025,-0.075,-0.075
1162,12/03/2024 20:15,-0.975,-0.325,-0.1
1163,12/03/2024 20:30,-1.075,-0.25,0.075
1164,12/03/2024 20:45,-1,-0.125,-0.1
1165,12/03/2024 21:00,-1.075,-0.2,0
1166,12/03/2024 21:15,-1.025,-0.225,-0.05
1167,12/03/2024 21:30,-1.025,-0.15,0
1168,12/03/2024 21:45,-1.025,-0.1,-0.025
1169,12/03/2024 22:00,-1.025,-0.2,0
1170,12/03/2024 22:15,-1.025,-0.15,0
1171,12/03/2024 22:30,-1.025,-0.125,0.025
1172,12/03/2024 22:45,-1.025,-0.25,-0.025
1173,12/03/2024 23:00,-1.025,-0.2,0
1174,12/03/2024 23:15,-1.025,-0.225,0.05
1175,12/03/2024 23:30,-1.025,-0.175,0.025
1176,12/03/2024 23:45,-1.025,-0.075,0
1177,12/04/2024 00:00,-1,0.2,0.05
1178,12/04/2024 00:15,-1.025,-0.3,-0.025
1179,12/04/2024 00:30,-1,-0.125,0
1180,12/04/2024 00:45,-1.075,-0.175,0.05
1181,12/04/2024 01:00,-1.075,-0.25,0
1182,12/04/2024 01:15,-1.05,-0.25,0
1183,12/04/2024 01:30,-1.05,-0.1,0.075
1184,12/04/2024 01:45,-1.025,-0.225,0.15
1185,12/04/2024 02:00,-1.05,-0.225,0.075
1186,12/04/2024 02:15,-0.625,-0.2,0.825
1187,12/04/2024 02:30,-1,-0.35,0.075
1188,12/04/2024 02:45,-0.975,-0.025,0.125
1189,12/04/2024 03:00,-0.675,-0.975,-0.175
1190,12/04/2024 03:15,-0.975,-0.125,0.1
1191,12/04/2024 03:30,-1.075,0,-0.025
1192,12/04/2024 03:45,-1,-0.275,0
1193,12/04/2024 04:00,-1.025,-0.4,0.325
1194,12/04/2024 04:15,-1.075,-0.125,0.225
1195,12/04/2024 04:30,-1.025,-0.175,0.125
1196,12/04/2024 04:45,-1.075,-0.1,0.1
1197,12/04/2024 05:00,-0.975,-0.3,0.025
1198,12/04/2024 05:15,-1.05,-0.15,0.125
1199,12/04/2024 05:30,-1.025,-0.225,0.025
1200,12/04/2024 05:45,-1.025,-0.175,0.125
1201,12/04/2024 06:00,-1.025,-0.2,0.05
1202,12/04/2024 06:15,-1.025,-0.175,0.05
1203,12/04/2024 06:30,-1.025,-0.175,0.075
1204,12/04/2024 06:45,-1.025,-0.225,0.05
1205,12/04/2024 07:00,-1.025,-0.15,0.075
1206,12/04/2024 07:15,-1.025,-0.15,0.075
1207,12/04/2024 07:30,-1.05,-0.15,0.05
1208,12/04/2024 07:45,-1.025,-0.175,0.075
1209,12/04/2024 08:00,-1.025,-0.175,0.075
1210,12/04/2024 08:15,-1.025,-0.225,0.1
1211,12/04/2024 08:30,-1.025,-0.125,0.075
1212,12/04/2024 08:45,-0.975,-0.275,0.225
1213,12/04/2024 09:00,-1.075,-0.125,0.025
1214,12/04/2024 09:15,-1.075,-0.375,0.125
1215,12/04/2024 09:30,0.05,0.1,1.025
1216,12/04/2024 09:45,-1.025,-0.25,-0.075
1217,12/04/2024 10:00,-0.875,-0.575,-0.225
1218,12/04/2024 10:15,-1,-0.45,0.475
1219,12/04/2024 10:30,-1.025,-0.225,-0.075
1220,12/04/2024 10:45,-0.525,-1.025,0.025
1221,12/04/2024 11:00,-1,-0.1,0.325
1222,12/04/2024 11:15,-1.025,-0.325,-0.075
1223,12/04/2024 11:30,-0.825,-0.75,0.425
1224,12/04/2024 11:45,-0.625,-0.975,0.1
1225,12/04/2024 12:00,-1.05,0.1,0.05
1226,12/04/2024 12:15,-1.05,-0.225,0.05
1227,12/04/2024 12:30,-0.975,0,0.325
1228,12/04/2024 12:45,-1.075,-0.15,0.075
1229,12/04/2024 13:00,-0.95,0.175,-0.25
1230,12/04/2024 13:15,-1.025,-0.25,-0.325
1231,12/04/2024 13:30,0.05,0.1,-0.95
1232,12/04/2024 13:45,-0.6,-0.075,0.875
1233,12/04/2024 14:00,-0.875,-0.15,0.4
1234,12/04/2024 14:15,-1.05,-0.225,0.05
1235,12/04/2024 14:30,-1,-0.15,0.325
1236,12/04/2024 14:45,-1.1,-0.175,0.025
1237,12/04/2024 15:00,-0.95,-0.325,0.425
1238,12/04/2024 15:15,-1,-0.3,0.225
1239,12/04/2024 15:30,-1.05,-0.35,-0.15
1240,12/04/2024 15:45,-0.725,-0.7,-0.35
1241,12/04/2024 16:00,-1,0.15,0.2
1242,12/04/2024 16:15,-1.025,-0.2,0.35
1243,12/04/2024 16:30,-0.875,0.1,0.575
1244,12/04/2024 16:45,-0.125,-1.125,0.125
1245,12/04/2024 17:00,-1.025,-0.3,-0.275
1246,12/04/2024 17:15,-1.15,0.2,0
1247,12/04/2024 17:30,-0.65,-0.525,0.475
1248,12/04/2024 17:45,-1.175,-0.075,-0.15
1249,12/04/2024 18:00,-0.125,-0.275,1
1250,12/04/2024 18:15,-0.675,-0.225,0.775
1251,12/04/2024 18:30,-0.6,-0.925,0.05
1252,12/04/2024 18:45,-0.85,-0.375,0.525
1253,12/04/2024 19:00,-0.525,-0.225,0.8
1254,12/04/2024 19:15,-1.025,-0.55,-0.15
1255,12/04/2024 19:30,-0.5,0.2,-0.875
1256,12/04/2024 19:45,-1.225,-0.025,-0.25
1257,12/04/2024 20:00,-0.675,-0.425,-0.675
1258,12/04/2024 20:15,-0.85,-0.15,0.1
1259,12/04/2024 20:30,-1.05,-0.275,0.475
1260,12/04/2024 20:45,-1.175,0,-0.05
1261,12/04/2024 21:00,-0.75,-0.45,0.55
1262,12/04/2024 21:15,0.7,-0.675,-0.15
1263,12/04/2024 21:30,-0.575,-0.375,0.8
1264,12/04/2024 21:45,-1.1,-0.125,0.25
1265,12/04/2024 22:00,-1.025,-0.225,-0.15
1266,12/04/2024 22:15,-1.075,-0.475,-0.025
1267,12/04/2024 22:30,-1.125,-0.3,0.025
1268,12/04/2024 22:45,-0.9,0.325,-0.225
1269,12/04/2024 23:00,-0.85,-0.575,0.525
1270,12/04/2024 23:15,-1,-0.3,0.2
1271,12/04/2024 23:30,-0.9,-0.55,0.3
1272,12/04/2024 23:45,0.025,-0.125,1.125
1273,12/05/2024 00:00,-0.9,-0.725,-0.3
1274,12/05/2024 00:15,0.025,0.475,0.95
1275,12/05/2024 00:30,-0.75,-0.075,-0.425
1276,12/05/2024 00:45,-0.4,-0.85,-0.55
1277,12/05/2024 01:00,0.775,0.15,-0.325
1278,12/05/2024 01:15,-1.025,-0.475,-0.125
1279,12/05/2024 01:30,0.2,-0.275,-0.925
1280,12/05/2024 01:45,-0.95,-0.35,0.275
1281,12/05/2024 02:00,-0.975,-0.075,0.25
1282,12/05/2024 02:15,-0.95,-0.675,0.2
1283,12/05/2024 02:30,-1.05,-0.275,-0.075
1284,12/05/2024 02:45,-0.55,-0.15,0.9
1285,12/05/2024 03:00,-0.875,-0.525,0.425
1286,12/05/2024 03:15,-0.925,0.075,0.475
1287,12/05/2024 03:30,-1.025,-0.275,-0.05
1288,12/05/2024 03:45,-1,-0.125,0.05
1289,12/05/2024 04:00,-1.05,0.15,-0.125
1290,12/05/2024 04:15,-1.075,-0.2,0.325
1291,12/05/2024 04:30,-0.975,-0.075,-0.075
1292,12/05/2024 04:45,-1.025,-0.2,-0.125
1293,12/05/2024 05:00,-1.05,0.2,0.025
1294,12/05/2024 05:15,-0.975,-0.075,0.325
1295,12/05/2024 05:30,-0.125,0.025,1.05
1296,12/05/2024 05:45,-1.05,-0.1,0
1297,12/05/2024 06:00,-1.025,0.3,-0.025
1298,12/05/2024 06:15,-1.075,-0.025,0.125
1299,12/05/2024 06:30,-1.025,-0.25,0.15
1300,12/05/2024 06:45,-0.975,-0.075,-0.2
1301,12/05/2024 07:00,-0.9,0.025,-0.025
1302,12/05/2024 07:15,-0.875,0.4,0.425
1303,12/05/2024 07:30,-1.05,-0.15,-0.075
1304,12/05/2024 07:45,-1.025,-0.4,0.275
1305,12/05/2024 08:00,-1.075,-0.1,0.2
1306,12/05/2024 08:15,-1.125,-0.3,0.225
1307,12/05/2024 08:30,-0.925,-0.2,0.325
1308,12/05/2024 08:45,-0.6,-0.025,0.775
1309,12/05/2024 09:00,0.1,0.05,1.025
1310,12/05/2024 09:15,-0.975,-0.275,0.15
1311,12/05/2024 09:30,0.425,-0.25,-0.725
1312,12/05/2024 09:45,-1.025,-0.15,0.1
1313,12/05/2024 10:00,-0.95,-0.1,0.025
1314,12/05/2024 10:15,-0.975,0,0.3
1315,12/05/2024 10:30,-1.075,-0.325,0.25
1316,12/05/2024 10:45,-0.125,-0.15,1.05
1317,12/05/2024 11:00,-1,-0.3,0.425
1318,12/05/2024 11:15,-0.875,-0.725,0.05
1319,12/05/2024 11:30,-1.025,-0.65,0.05
1320,12/05/2024 11:45,-0.925,-0.15,0.475
1321,12/05/2024 12:00,-0.375,-0.525,0.875
1322,12/05/2024 12:15,-0.55,-0.625,-0.225
1323,12/05/2024 12:30,0.2,0.05,1.025
1324,12/05/2024 12:45,-0.85,-0.2,0.6
1325,12/05/2024 13:00,-0.95,0.275,0.3
1326,12/05/2024 13:15,0.925,-0.375,0.025
1327,12/05/2024 13:30,-0.875,0.15,0.175
1328,12/05/2024 13:45,-0.775,-0.375,-0.45
1329,12/05/2024 14:00,-1.075,-0.4,-0.025
1330,12/05/2024 14:15,-0.75,-0.125,-0.525
1331,12/05/2024 14:30,0.575,-0.575,-0.525
1332,12/05/2024 14:45,-1,-0.25,0.1
1333,12/05/2024 15:00,-0.25,-0.075,-0.875
1334,12/05/2024 15:15,-1.025,-0.425,-0.325
1335,12/05/2024 15:30,-0.8,-0.15,0.6
1336,12/05/2024 15:45,-0.9,-0.35,-0.45
1337,12/05/2024 16:00,-0.525,-0.35,0.625
1338,12/05/2024 16:15,-1,-0.475,0.325
1339,12/05/2024 16:30,-0.975,0.275,-0.4
1340,12/05/2024 16:45,-0.95,-0.525,0.15
1341,12/05/2024 17:00,-1.025,-0.375,0.175
1342,12/05/2024 17:15,-0.6,-0.9,0.225
1343,12/05/2024 17:30,-1.05,-0.025,-0.125
1344,12/05/2024 17:45,-1.025,-0.25,0.125
1345,12/05/2024 18:00,-0.8,-0.7,0.325
1346,12/05/2024 18:15,-1.1,-0.275,0.05
1347,12/05/2024 18:30,-0.925,-0.275,-0.075
1348,12/05/2024 18:45,-0.975,-0.2,-0.125
1349,12/05/2024 19:00,-1.075,-0.075,-0.075
1350,12/05/2024 19:15,-0.975,-0.225,-0.05
1351,12/05/2024 19:30,-0.975,-0.25,0.1
1352,12/05/2024 19:45,-1.025,-0.25,0.175
1353,12/05/2024 20:00,-1.025,-0.5,-0.05
1354,12/05/2024 20:15,-1.125,-0.325,0.25
1355,12/05/2024 20:30,-1,-0.25,0
1356,12/05/2024 20:45,-0.975,-0.1,-0.025
1357,12/05/2024 21:00,-1,-0.15,-0.125
1358,12/05/2024 21:15,-0.85,-0.625,-0.175
1359,12/05/2024 21:30,-0.975,-0.4,-0.125
1360,12/05/2024 21:45,-1.15,-0.2,0
1361,12/05/2024 22:00,-0.95,-0.35,-0.375
1362,12/05/2024 22:15,-1.075,-0.2,0.375
1363,12/05/2024 22:30,-1.025,-0.2,0.35
1364,12/05/2024 22:45,-0.975,0.025,-0.25
1365,12/05/2024 23:00,-1.1,-0.375,-0.325
1366,12/05/2024 23:15,-0.9,-0.475,-0.375
1367,12/05/2024 23:30,-0.65,-0.3,0.2
1368,12/05/2024 23:45,-1.125,0.2,0.125
1369,12/06/2024 00:00,-0.975,-0.425,-0.125
1370,12/06/2024 00:15,-1.025,0.225,-0.225
1371,12/06/2024 00:30,-1.075,-0.4,0
1372,12/06/2024 00:45,-1.1,-0.2,-0.2
1373,12/06/2024 01:00,-0.475,0.125,0.875
1374,12/06/2024 01:15,-0.875,-0.425,-0.075
1375,12/06/2024 01:30,-1.1,-0.375,0.025
1376,12/06/2024 01:45,-0.925,-0.45,0.35
1377,12/06/2024 02:00,-1.1,-0.25,0.1
1378,12/06/2024 02:15,-1.025,-0.475,-0.125
1379,12/06/2024 02:30,-1.05,-0.225,0
1380,12/06/2024 02:45,-1,-0.225,0.05
1381,12/06/2024 03:00,-0.9,-0.25,0.325
1382,12/06/2024 03:15,-1.075,-0.3,0.125
1383,12/06/2024 03:30,-0.975,-0.3,0.025
1384,12/06/2024 03:45,-0.925,-0.25,0.3
1385,12/06/2024 04:00,-1,-0.25,0.075
1386,12/06/2024 04:15,-1.025,-0.3,0.05
1387,12/06/2024 04:30,-0.875,-0.6,0.025
1388,12/06/2024 04:45,-0.95,-0.25,0.05
1389,12/06/2024 05:00,-1.025,-0.275,0.025
1390,12/06/2024 05:15,-1.125,-0.225,-0.1
1391,12/06/2024 05:30,-0.975,-0.25,0
1392,12/06/2024 05:45,-1.025,-0.225,-0.025
1393,12/06/2024 06:00,-1.025,-0.2,0.025
1394,12/06/2024 06:15,-1.025,-0.125,0.025
1395,12/06/2024 06:30,-1.025,-0.2,0.025
1396,12/06/2024 06:45,-1.05,-0.175,0.05
1397,12/06/2024 07:00,-1.025,-0.2,0.05
1398,12/06/2024 07:15,-1.025,-0.175,0.025
1399,12/06/2024 07:30,-1.05,-0.25,0.025
1400,12/06/2024 07:45,-1.025,-0.15,0.075
1401,12/06/2024 08:00,-1,-0.1,0.1
1402,12/06/2024 08:15,-1.05,-0.125,0.075
1403,12/06/2024 08:30,-1.025,-0.075,0.125
1404,12/06/2024 08:45,-1.075,-0.225,0.075
1405,12/06/2024 09:00,-1.075,-0.125,0.125
1406,12/06/2024 09:15,-1.025,-0.2,0.15
1407,12/06/2024 09:30,-1.075,-0.175,0.125
1408,12/06/2024 09:45,-1.025,-0.175,0.075
1409,12/06/2024 10:00,-1.025,-0.2,0.125
1410,12/06/2024 10:15,-1.025,-0.3,0.175
1411,12/06/2024 10:30,-1.025,-0.25,0.125
1412,12/06/2024 10:45,-1.025,-0.15,0.125
1413,12/06/2024 11:00,-1.05,-0.225,0.125
1414,12/06/2024 11:15,-1.025,-0.2,0.125
1415,12/06/2024 11:30,-1.025,-0.15,0.05
1416,12/06/2024 11:45,-1.025,-0.225,-0.275
1417,12/06/2024 12:00,-1.025,-0.375,-0.075
1418,12/06/2024 12:15,-0.925,-0.275,-0.325
1419,12/06/2024 12:30,-0.95,-0.65,0
1420,12/06/2024 12:45,-1.025,-0.2,-0.325
1421,12/06/2024 13:00,-1.025,-0.275,-0.225
1422,12/06/2024 13:15,-0.95,-0.275,-0.225
1423,12/06/2024 13:30,-0.975,-0.225,-0.15
1424,12/06/2024 13:45,-1.05,-0.15,0.025
1425,12/06/2024 14:00,-1.025,-0.125,0.1
1426,12/06/2024 14:15,-1.05,-0.3,0.1
1427,12/06/2024 14:30,-0.95,-0.3,-0.275
1428,12/06/2024 14:45,-0.95,-0.15,-0.45
1429,12/06/2024 15:00,-1.025,-0.2,-0.225
1430,12/06/2024 15:15,-1,-0.15,0.325
1431,12/06/2024 15:30,-0.875,-0.5,-0.225
1432,12/06/2024 15:45,-1.1,-0.125,-0.1
1433,12/06/2024 16:00,-1.1,-0.2,0.1
1434,12/06/2024 16:15,-1.025,-0.425,0.2
1435,12/06/2024 16:30,-0.975,-0.075,-0.15
1436,12/06/2024 16:45,-0.7,-0.725,0.35
1437,12/06/2024 17:00,-1.025,0.025,0.05
1438,12/06/2024 17:15,-1.025,-0.3,0.025
1439,12/06/2024 17:30,-1.025,-0.1,-0.35
1440,12/06/2024 17:45,-0.9,-0.325,-0.425
1441,12/06/2024 18:00,-1,-0.625,0.125
1442,12/06/2024 18:15,-1.05,-0.55,0.225
1443,12/06/2024 18:30,-1.125,-0.05,0.1
1444,12/06/2024 18:45,-0.85,-0.625,0.125
1445,12/06/2024 19:00,-0.925,-0.525,0.45
1446,12/06/2024 19:15,-1.025,-0.225,0
1447,12/06/2024 19:30,-0.725,-0.125,-0.5
1448,12/06/2024 19:45,-0.925,-0.5,-0.225
1449,12/06/2024 20:00,-1.075,-0.325,0.125
1450,12/06/2024 20:15,-0.975,-0.4,0
1451,12/06/2024 20:30,-0.8,-0.5,0.575
1452,12/06/2024 20:45,-0.85,-0.775,0.15
1453,12/06/2024 21:00,-0.9,-0.15,-0.525
1454,12/06/2024 21:15,-1.025,-0.175,-0.3
1455,12/06/2024 21:30,-0.9,-0.425,-0.4
1456,12/06/2024 21:45,-0.775,-0.425,-0.55
1457,12/06/2024 22:00,-0.8,-0.5,-0.375
1458,12/06/2024 22:15,-0.9,-0.125,-0.65
1459,12/06/2024 22:30,-0.625,-0.175,-0.7
1460,12/06/2024 22:45,-0.725,0.125,-0.675
1461,12/06/2024 23:00,-0.7,-0.6,-0.5
1462,12/06/2024 23:15,-0.725,-0.625,-0.5
1463,12/06/2024 23:30,-0.7,-0.4,-0.625
1464,12/06/2024 23:45,-0.7,-0.3,-0.675
1465,12/07/2024 00:00,-0.725,-0.6,-0.45
1466,12/07/2024 00:15,-0.875,-0.45,-0.45
1467,12/07/2024 00:30,-1.05,-0.35,-0.2
1468,12/07/2024 00:45,-0.8,0.175,-0.425
1469,12/07/2024 01:00,-0.975,0,-0.2
1470,12/07/2024 01:15,-1.1,-0.325,-0.025
1471,12/07/2024 01:30,-1.05,-0.2,-0.05
1472,12/07/2024 01:45,-1.025,-0.125,0.075
1473,12/07/2024 02:00,-1.05,-0.15,0.025
1474,12/07/2024 02:15,-1.025,-0.175,0.025
1475,12/07/2024 02:30,-0.975,-0.1,-0.05
1476,12/07/2024 02:45,-1.025,-0.15,-0.15
1477,12/07/2024 03:00,-1.025,-0.2,-0.075
1478,12/07/2024 03:15,-1,-0.275,-0.2
1479,12/07/2024 03:30,-1.1,-0.125,-0.225
1480,12/07/2024 03:45,-1.125,-0.075,-0.1
1481,12/07/2024 04:00,-0.925,-0.525,-0.075
1482,12/07/2024 04:15,-1.075,-0.225,-0.025
1483,12/07/2024 04:30,-1.025,-0.25,0.275
1484,12/07/2024 04:45,-1.075,-0.225,-0.25
1485,12/07/2024 05:00,-1,-0.3,-0.15
1486,12/07/2024 05:15,-0.775,-0.475,-0.5
1487,12/07/2024 05:30,-1.175,-0.075,0.325
1488,12/07/2024 05:45,-0.925,0.025,0.5
1489,12/07/2024 06:00,-0.775,-0.475,-0.375
1490,12/07/2024 06:15,-0.825,-0.325,-0.625
1491,12/07/2024 06:30,-0.925,-0.4,-0.075
1492,12/07/2024 06:45,-0.975,-0.275,-0.35
1493,12/07/2024 07:00,-1.025,-0.125,-0.3
1494,12/07/2024 07:15,-1.025,-0.2,-0.05
1495,12/07/2024 07:30,-1,-0.325,-0.15
1496,12/07/2024 07:45,-0.95,-0.3,-0.125
1497,12/07/2024 08:00,-0.975,-0.35,0
1498,12/07/2024 08:15,-0.525,-0.875,0.575
1499,12/07/2024 08:30,-1.05,-0.35,-0.2
1500,12/07/2024 08:45,-0.9,-0.15,-0.35
1501,12/07/2024 09:00,-1.15,-0.1,-0.125
1502,12/07/2024 09:15,-1.125,-0.15,-0.075
1503,12/07/2024 09:30,-1.125,-0.325,0.025
1504,12/07/2024 09:45,-0.9,-0.375,0.475
1505,12/07/2024 10:00,-0.825,-0.425,-0.575
1506,12/07/2024 10:15,-0.875,-0.225,0.475
1507,12/07/2024 10:30,-0.575,-0.85,0.425
1508,12/07/2024 10:45,-0.975,-0.5,0.15
1509,12/07/2024 11:00,-0.975,-0.125,0.225
1510,12/07/2024 11:15,-0.925,-0.55,0.1
1511,12/07/2024 11:30,-1.1,-0.075,-0.25
1512,12/07/2024 11:45,-1.175,-0.125,0.125
1513,12/07/2024 12:00,-0.975,0.1,-0.125
1514,12/07/2024 12:15,-0.75,0.1,-0.675
1515,12/07/2024 12:30,-0.625,-0.25,-0.8
1516,12/07/2024 12:45,-0.775,-0.125,-0.6
1517,12/07/2024 13:00,-1.025,-0.4,0.2
1518,12/07/2024 13:15,-1,-0.3,-0.275
1519,12/07/2024 13:30,-0.925,-0.25,-0.375
1520,12/07/2024 13:45,-0.85,-0.25,0.525
1521,12/07/2024 14:00,-1.025,-0.325,-0.15
1522,12/07/2024 14:15,0.15,-0.775,-0.75
1523,12/07/2024 14:30,-1.125,0,-0.225
1524,12/07/2024 14:45,-0.85,-0.5,0.525
1525,12/07/2024 15:00,-1.05,-0.125,-0.35
1526,12/07/2024 15:15,-0.925,-0.675,0.075
1527,12/07/2024 15:30,-0.85,0.325,-0.525
1528,12/07/2024 15:45,-1,-0.075,0.05
1529,12/07/2024 16:00,-0.9,-0.425,0.4
1530,12/07/2024 16:15,-1.125,-0.3,0.175
1531,12/07/2024 16:30,-1.025,-0.425,0.1
1532,12/07/2024 16:45,-0.8,-0.25,0.7
1533,12/07/2024 17:00,-1.075,-0.325,-0.025
1534,12/07/2024 17:15,-1.05,-0.2,0.125
1535,12/07/2024 17:30,-0.85,0.1,0.625
1536,12/07/2024 17:45,-1.025,-0.075,-0.15
1537,12/07/2024 18:00,-0.8,-0.45,-0.275
1538,12/07/2024 18:15,-1.025,-0.25,0.025
1539,12/07/2024 18:30,-0.675,-0.2,0.05
1540,12/07/2024 18:45,-1.025,-0.175,0.3
1541,12/07/2024 19:00,-0.975,-0.2,-0.125
1542,12/07/2024 19:15,-1,0.25,-0.275
1543,12/07/2024 19:30,-1.025,-0.3,-0.125
1544,12/07/2024 19:45,-0.75,-0.5,0.575
1545,12/07/2024 20:00,-1,-0.2,-0.15
1546,12/07/2024 20:15,-0.975,-0.275,0.025
1547,12/07/2024 20:30,-0.925,-0.225,-0.35
1548,12/07/2024 20:45,-1.025,-0.325,0.025
1549,12/07/2024 21:00,-1.075,-0.25,0.025
1550,12/07/2024 21:15,-1.075,-0.25,-0.075
1551,12/07/2024 21:30,-0.925,0.15,-0.175
1552,12/07/2024 21:45,-1.1,-0.35,0.125
1553,12/07/2024 22:00,-1.025,-0.225,-0.025
1554,12/07/2024 22:15,-0.975,-0.45,-0.175
1555,12/07/2024 22:30,-0.775,0.15,-0.525
1556,12/07/2024 22:45,-0.975,-0.225,-0.25
1557,12/07/2024 23:00,-1,-0.325,-0.1
1558,12/07/2024 23:15,-1.075,-0.25,0.025
1559,12/07/2024 23:30,-1.025,-0.325,0.075
1560,12/07/2024 23:45,-1.125,-0.175,-0.125
1561,12/08/2024 00:00,-1.025,-0.15,-0.1
1562,12/08/2024 00:15,-1.075,-0.075,-0.1
1563,12/08/2024 00:30,-0.85,-0.35,-0.2
1564,12/08/2024 00:45,-1.075,-0.225,-0.025
1565,12/08/2024 01:00,-1.05,-0.325,0.05
1566,12/08/2024 01:15,-1.075,-0.2,-0.225
1567,12/08/2024 01:30,-0.95,-0.225,-0.425
1568,12/08/2024 01:45,-1,0.05,-0.35
1569,12/08/2024 02:00,-0.975,-0.3,-0.175
1570,12/08/2024 02:15,-0.9,0.025,-0.325
1571,12/08/2024 02:30,-0.925,-0.05,-0.425
1572,12/08/2024 02:45,-0.975,-0.125,-0.3
1573,12/08/2024 03:00,-1.125,-0.125,-0.075
1574,12/08/2024 03:15,-1.025,-0.175,-0.25
1575,12/08/2024 03:30,-1,-0.225,-0.175
1576,12/08/2024 03:45,-0.95,-0.15,-0.25
1577,12/08/2024 04:00,-1.025,-0.125,-0.025
1578,12/08/2024 04:15,-1.025,-0.225,0.025
1579,12/08/2024 04:30,-1.025,-0.15,0
1580,12/08/2024 04:45,-1.05,-0.2,0
1581,12/08/2024 05:00,-1,-0.2,0.025
1582,12/08/2024 05:15,-1.025,-0.25,0.025
1583,12/08/2024 05:30,-1.025,-0.175,0.025
1584,12/08/2024 05:45,-1.025,-0.125,0.025
1585,12/08/2024 06:00,-1.05,-0.2,0.125
1586,12/08/2024 06:15,-1.025,-0.225,0.05
1587,12/08/2024 06:30,-1.05,-0.25,0.2
1588,12/08/2024 06:45,-1,-0.175,0.225
1589,12/08/2024 07:00,-0.975,-0.275,0.275
1590,12/08/2024 07:15,-1.05,-0.325,0.15
1591,12/08/2024 07:30,-1.05,-0.2,0.175
1592,12/08/2024 07:45,-1,-0.275,0.175
1593,12/08/2024 08:00,-1,-0.2,0.225
1594,12/08/2024 08:15,-1,-0.225,0.175
1595,12/08/2024 08:30,-1.025,-0.175,0.175
1596,12/08/2024 08:45,-1,-0.4,-0.2
1597,12/08/2024 09:00,-0.95,-0.475,-0.15
1598,12/08/2024 09:15,-0.975,-0.225,-0.275
1599,12/08/2024 09:30,-1,-0.25,-0.125
1600,12/08/2024 09:45,-1.05,-0.275,-0.025
1601,12/08/2024 10:00,-1.05,-0.25,0
1602,12/08/2024 10:15,-1.025,-0.175,-0.15
1603,12/08/2024 10:30,-1.025,-0.225,0.05
1604,12/08/2024 10:45,-1.025,-0.15,0.025
1605,12/08/2024 11:00,-1.025,-0.15,0.025
1606,12/08/2024 11:15,-1.025,-0.2,0.075
1607,12/08/2024 11:30,-1.05,-0.25,0.05
1608,12/08/2024 11:45,-1,-0.05,-0.15
1609,12/08/2024 12:00,-1.025,-0.15,0.075
1610,12/08/2024 12:15,-1,-0.2,0.1
1611,12/08/2024 12:30,-1.025,-0.2,0.1
1612,12/08/2024 12:45,-1,-0.2,0.1
1613,12/08/2024 13:00,-1.05,-0.175,0.125
1614,12/08/2024 13:15,-1.05,-0.175,0.1
1615,12/08/2024 13:30,-1,-0.225,0.075
1616,12/08/2024 13:45,-1.075,-0.225,0.075
1617,12/08/2024 14:00,-1.025,-0.15,-0.1
1618,12/08/2024 14:15,-0.975,-0.225,-0.15
1619,12/08/2024 14:30,-1.125,-0.25,0.025
1620,12/08/2024 14:45,-0.975,-0.1,0.1
1621,12/08/2024 15:00,-1.025,-0.15,0.075
1622,12/08/2024 15:15,-1.025,-0.125,0.075
1623,12/08/2024 15:30,-1.075,-0.175,0.025
1624,12/08/2024 15:45,-1.025,-0.05,-0.1
1625,12/08/2024 16:00,-1.05,-0.25,0.025
1626,12/08/2024 16:15,-1.025,-0.125,-0.025
1627,12/08/2024 16:30,-1,-0.125,0
1628,12/08/2024 16:45,-1.025,-0.15,0
1629,12/08/2024 17:00,-1.05,-0.275,0.025
1630,12/08/2024 17:15,-1.025,-0.175,0
1631,12/08/2024 17:30,-1.025,-0.2,-0.05
1632,12/08/2024 17:45,-1.025,-0.2,0
1633,12/08/2024 18:00,-1.025,-0.15,0.025
1634,12/08/2024 18:15,-1.025,-0.2,-0.125
1635,12/08/2024 18:30,-1.05,-0.2,0.025
1636,12/08/2024 18:45,-1.05,-0.2,0.025
1637,12/08/2024 19:00,-1.025,-0.25,0.025
1638,12/08/2024 19:15,-1.1,-0.1,0.025
1639,12/08/2024 19:30,-1.025,-0.125,-0.075
1640,12/08/2024 19:45,-1.025,-0.225,-0.075
1641,12/08/2024 20:00,-1.075,-0.3,0
1642,12/08/2024 20:15,-1.025,-0.25,-0.125
1643,12/08/2024 20:30,-1.025,-0.175,0
1644,12/08/2024 20:45,-1.075,-0.15,-0.05
1645,12/08/2024 21:00,-1,-0.2,-0.125
1646,12/08/2024 21:15,-0.975,-0.125,-0.225
1647,12/08/2024 21:30,-1.025,-0.225,0
1648,12/08/2024 21:45,-1.025,-0.2,-0.075
1649,12/08/2024 22:00,-1,-0.2,-0.05
1650,12/08/2024 22:15,-1.025,-0.2,0.025
1651,12/08/2024 22:30,-1,-0.175,0.025
1652,12/08/2024 22:45,-1.025,-0.275,-0.025
1653,12/08/2024 23:00,-0.975,-0.3,-0.25
1654,12/08/2024 23:15,-1.05,-0.25,0.1
1655,12/08/2024 23:30,-1.025,-0.25,0.125
1656,12/08/2024 23:45,-1.025,-0.175,0.1
1657,12/09/2024 00:00,-1.05,-0.25,0.1
1658,12/09/2024 00:15,-1.025,-0.25,0.05
1659,12/09/2024 00:30,-1.025,-0.2,-0.05
1660,12/09/2024 00:45,-1.025,-0.35,-0.075
1661,12/09/2024 01:00,-1.05,-0.3,0
1662,12/09/2024 01:15,-1.025,-0.2,0
1663,12/09/2024 01:30,-1.025,-0.15,0.025
1664,12/09/2024 01:45,-1.025,-0.175,0
1665,12/09/2024 02:00,-1.025,-0.15,0.025
1666,12/09/2024 02:15,-1,-0.3,-0.15
1667,12/09/2024 02:30,-1.05,-0.25,-0.025
1668,12/09/2024 02:45,-1.025,-0.25,0.025
1669,12/09/2024 03:00,-1.025,-0.25,0.025
1670,12/09/2024 03:15,-1.025,-0.2,0.05
1671,12/09/2024 03:30,-1.025,-0.125,-0.125
1672,12/09/2024 03:45,-1.025,-0.25,0.025
1673,12/09/2024 04:00,-1.025,-0.2,0.075
1674,12/09/2024 04:15,-1.05,-0.25,-0.1
1675,12/09/2024 04:30,-1.05,-0.275,-0.075
1676,12/09/2024 04:45,-1.025,-0.25,0.05
1677,12/09/2024 05:00,-1.025,-0.25,-0.075
1678,12/09/2024 05:15,-1.025,-0.225,0
1679,12/09/2024 05:30,-1.025,-0.225,0.05
1680,12/09/2024 05:45,-1.025,-0.225,0.075
1681,12/09/2024 06:00,-1.025,-0.175,0.075
1682,12/09/2024 06:15,-1.025,-0.2,0.05
1683,12/09/2024 06:30,-1.025,-0.175,0.05
1684,12/09/2024 06:45,-1.025,-0.2,0.075
1685,12/09/2024 07:00,-1.025,-0.175,0.075
1686,12/09/2024 07:15,-1.025,-0.15,0.075
1687,12/09/2024 07:30,-1.025,-0.15,0.075
1688,12/09/2024 07:45,-1.025,-0.15,0.075
1689,12/09/2024 08:00,-1.025,-0.15,0.075
1690,12/09/2024 08:15,-1.025,-0.2,0.075
1691,12/09/2024 08:30,-1.025,-0.1,0
1692,12/09/2024 08:45,-1.025,-0.175,0.075
1693,12/09/2024 09:00,-1.075,-0.2,0.025
1694,12/09/2024 09:15,-1.025,-0.175,0.1
1695,12/09/2024 09:30,-1.025,-0.175,0.125
1696,12/09/2024 09:45,-1.025,-0.2,0.1
1697,12/09/2024 10:00,-1.025,-0.175,0.125
1698,12/09/2024 10:15,-1.025,-0.15,0.1
1699,12/09/2024 10:30,-1.025,-0.2,0.075
1700,12/09/2024 10:45,-1.025,-0.15,0.075
1701,12/09/2024 11:00,-1.025,-0.25,0.075
1702,12/09/2024 11:15,-1.025,-0.15,0.075
1703,12/09/2024 11:30,-1.025,-0.175,0.075
1704,12/09/2024 11:45,-1.025,-0.15,0.075
1705,12/09/2024 12:00,-1.025,-0.15,0.05
1706,12/09/2024 12:15,-1.025,-0.25,0.075
1707,12/09/2024 12:30,-1.025,-0.225,0.075
1708,12/09/2024 12:45,-1.025,-0.175,0.025
1709,12/09/2024 13:00,-1.025,-0.175,0.075
1710,12/09/2024 13:15,-1.025,-0.2,0.05
1711,12/09/2024 13:30,-1.025,-0.225,0.075
1712,12/09/2024 13:45,-1.025,-0.225,0.025
1713,12/09/2024 14:00,-1.025,-0.225,0.05
1714,12/09/2024 14:15,-1.05,-0.2,-0.075
1715,12/09/2024 14:30,-1.05,-0.25,-0.075
1716,12/09/2024 14:45,-1.075,-0.175,0.025
1717,12/09/2024 15:00,-1.025,-0.25,0.025
1718,12/09/2024 15:15,-1.025,-0.25,0.025
1719,12/09/2024 15:30,-1.025,-0.2,0
1720,12/09/2024 15:45,-1.025,-0.25,0.025
1721,12/09/2024 16:00,-1.025,-0.15,0
1722,12/09/2024 16:15,-1.075,-0.225,0.025
1723,12/09/2024 16:30,-1.075,-0.15,0.075
1724,12/09/2024 16:45,-1.025,-0.2,0.025
1725,12/09/2024 17:00,-1.025,-0.2,0.025
1726,12/09/2024 17:15,-1.025,-0.175,0.05
1727,12/09/2024 17:30,-1.025,-0.2,0.05
1728,12/09/2024 17:45,-1.025,-0.225,0.075
1729,12/09/2024 18:00,-1.025,-0.175,0.05
1730,12/09/2024 18:15,-1.025,-0.25,0.05
1731,12/09/2024 18:30,-1.025,-0.2,0.075
1732,12/09/2024 18:45,-1.025,-0.2,0.025
1733,12/09/2024 19:00,-1.025,-0.2,0.075
1734,12/09/2024 19:15,-1.025,-0.15,0.05
1735,12/09/2024 19:30,-1.025,-0.175,0.075
1736,12/09/2024 19:45,-1.025,-0.175,0.025
1737,12/09/2024 20:00,-1.025,-0.2,0.075
1738,12/09/2024 20:15,-1.025,-0.2,0.05
1739,12/09/2024 20:30,-1.025,-0.2,0.05
1740,12/09/2024 20:45,-1.025,-0.15,0.025
1741,12/09/2024 21:00,-1.025,-0.175,0.05
1742,12/09/2024 21:15,-1.025,-0.225,0.075
1743,12/09/2024 21:30,-1.025,-0.2,0.05
1744,12/09/2024 21:45,-1.025,-0.175,0.075
1745,12/09/2024 22:00,-1.05,-0.25,0.175
1746,12/09/2024 22:15,-1.025,-0.175,0.025
1747,12/09/2024 22:30,-1.025,-0.2,0.075
1748,12/09/2024 22:45,-1.025,-0.225,0.05
1749,12/09/2024 23:00,-1.025,-0.175,0.075
1750,12/09/2024 23:15,-1.025,-0.2,0.05
1751,12/09/2024 23:30,-1.025,-0.175,0.025
1752,12/09/2024 23:45,-1.025,-0.2,0.05
1753,12/10/2024 00:00,-1.025,-0.175,0.075
1754,12/10/2024 00:15,-1.025,-0.175,0.075
1755,12/10/2024 00:30,-1.025,-0.225,0.05
1756,12/10/2024 00:45,-1.025,-0.2,0.025
1757,12/10/2024 01:00,-1.025,-0.175,0.025
1758,12/10/2024 01:15,-1.075,-0.175,0.05
1759,12/10/2024 01:30,-1.025,-0.175,0.05
1760,12/10/2024 01:45,-1.025,-0.2,0.025
1761,12/10/2024 02:00,-1.025,-0.2,0.025
1762,12/10/2024 02:15,-1.025,-0.175,0
1763,12/10/2024 02:30,-1.025,-0.2,0.05
1764,12/10/2024 02:45,-1.025,-0.225,0.025
1765,12/10/2024 03:00,-1.025,-0.175,0.025
1766,12/10/2024 03:15,-1.025,-0.2,0.05
1767,12/10/2024 03:30,-1.025,-0.225,0.075
1768,12/10/2024 03:45,-1.025,-0.2,0.025
1769,12/10/2024 04:00,-1.025,-0.175,0.05
1770,12/10/2024 04:15,-1.025,-0.175,0.05
1771,12/10/2024 04:30,-1.025,-0.2,0
1772,12/10/2024 04:45,-1.025,-0.2,0
1773,12/10/2024 05:00,-1.025,-0.225,0.025
1774,12/10/2024 05:15,-1.025,-0.2,0.025
1775,12/10/2024 05:30,-1.025,-0.2,0.025
1776,12/10/2024 05:45,-1.025,-0.225,0.025
1777,12/10/2024 06:00,-1.025,-0.175,0.05
1778,12/10/2024 06:15,-1.025,-0.2,0.025
1779,12/10/2024 06:30,-1.025,-0.175,0.05
1780,12/10/2024 06:45,-1.025,-0.175,0.075
1781,12/10/2024 07:00,-1.025,-0.2,0.05
1782,12/10/2024 07:15,-1.025,-0.2,0.075
1783,12/10/2024 07:30,-1.025,-0.225,0.075
1784,12/10/2024 07:45,-1.025,-0.175,0.05
1785,12/10/2024 08:00,-1.025,-0.175,0.05
1786,12/10/2024 08:15,-1.025,-0.175,0.05
1787,12/10/2024 08:30,-1.05,-0.175,0.05
1788,12/10/2024 08:45,-1.025,-0.225,0.075
1789,12/10/2024 09:00,-1.025,-0.175,0.025
1790,12/10/2024 09:15,-1.025,-0.175,0.05
1791,12/10/2024 09:30,-1.025,-0.2,0.05
1792,12/10/2024 09:45,-1.025,-0.25,0.05
1793,12/10/2024 10:00,-1.025,-0.175,0.025
1794,12/10/2024 10:15,-1.025,-0.2,0.025
1795,12/10/2024 10:30,-1.025,-0.175,0.05
1796,12/10/2024 10:45,-1.025,-0.225,0.025
1797,12/10/2024 11:00,-1.025,-0.2,0.025
1798,12/10/2024 11:15,-1.025,-0.2,0.025
1799,12/10/2024 11:30,-1.025,-0.15,0.05
1800,12/10/2024 11:45,-1.025,-0.2,0.175
1801,12/10/2024 12:00,-1.025,-0.2,0.15
1802,12/10/2024 12:15,-1.025,-0.175,0.1
1803,12/10/2024 12:30,-1.025,-0.15,0.15
1804,12/10/2024 12:45,-1.025,-0.15,0.1
1805,12/10/2024 13:00,-1.025,-0.2,0.1
1806,12/10/2024 13:15,-1.05,-0.225,0.125
1807,12/10/2024 13:30,-1,-0.325,0.05
1808,12/10/2024 13:45,-1.025,-0.2,0.1
1809,12/10/2024 14:00,-1.025,-0.175,0.1
1810,12/10/2024 14:15,-1.025,-0.15,0.05
1811,12/10/2024 14:30,-1,-0.35,0.025
1812,12/10/2024 14:45,-1.025,-0.225,0.1
1813,12/10/2024 15:00,-1.025,-0.25,0.1
1814,12/10/2024 15:15,-1.025,-0.25,0.05
1815,12/10/2024 15:30,-1.025,-0.15,0.025
1816,12/10/2024 15:45,-1.025,-0.175,0.15
1817,12/10/2024 16:00,-1.025,-0.25,0.1
1818,12/10/2024 16:15,-1.025,-0.175,0.075
1819,12/10/2024 16:30,-1.025,-0.1,0.1
1820,12/10/2024 16:45,-1.025,-0.175,0.125
1821,12/10/2024 17:00,-1.025,-0.175,0.125
1822,12/10/2024 17:15,-1.025,-0.175,0.1
1823,12/10/2024 17:30,-1.025,-0.15,0.1
1824,12/10/2024 17:45,-1,-0.25,0.225
1825,12/10/2024 18:00,-1.025,-0.15,0.1
1826,12/10/2024 18:15,-1.025,-0.175,0.125
1827,12/10/2024 18:30,-1.025,-0.15,0.15
1828,12/10/2024 18:45,-1.025,-0.15,0.125
1829,12/10/2024 19:00,-1.025,-0.175,0.1
1830,12/10/2024 19:15,-1.025,-0.15,0.125
1831,12/10/2024 19:30,-1.025,-0.2,0.125
1832,12/10/2024 19:45,-1.025,-0.15,0.125
1833,12/10/2024 20:00,-1.025,-0.2,0.125
1834,12/10/2024 20:15,-1.05,-0.2,0.15
1835,12/10/2024 20:30,-1.025,-0.2,0.125
1836,12/10/2024 20:45,-1.025,-0.15,0.125
1837,12/10/2024 21:00,-1.025,-0.15,0.125
1838,12/10/2024 21:15,-1.025,-0.2,0.125
1839,12/10/2024 21:30,-1.025,-0.15,0.125
1840,12/10/2024 21:45,-1.025,-0.15,0.125
1841,12/10/2024 22:00,-1.025,-0.2,0.125
1842,12/10/2024 22:15,-1.025,-0.2,0.1
1843,12/10/2024 22:30,-1.025,-0.2,0.1
1844,12/10/2024 22:45,-1.025,-0.2,0.075
1845,12/10/2024 23:00,-1.025,-0.2,0.1
1846,12/10/2024 23:15,-1.025,-0.2,0.075
1847,12/10/2024 23:30,-1.025,-0.2,0.075
1848,12/10/2024 23:45,-1.025,-0.2,0.125
1849,12/11/2024 00:00,-1.025,-0.15,0.1
1850,12/11/2024 00:15,-1.025,-0.15,0.1
1851,12/11/2024 00:30,-1.025,-0.15,0.075
1852,12/11/2024 00:45,-1.025,-0.15,0.075
1853,12/11/2024 01:00,-1.025,-0.2,0.05
1854,12/11/2024 01:15,-1.05,-0.15,0.075
1855,12/11/2024 01:30,-1.025,-0.2,0.075
1856,12/11/2024 01:45,-1.025,-0.2,0.075
1857,12/11/2024 02:00,-1.025,-0.2,0.1
1858,12/11/2024 02:15,-1.025,-0.2,0.1
1859,12/11/2024 02:30,-1.025,-0.2,0.075
1860,12/11/2024 02:45,-1.025,-0.225,0.15
1861,12/11/2024 03:00,-1.025,-0.175,0.1
1862,12/11/2024 03:15,-1.075,-0.225,0.1
1863,12/11/2024 03:30,-1.025,-0.2,0.075
1864,12/11/2024 03:45,-1.025,-0.15,0.1
1865,12/11/2024 04:00,-1.05,-0.2,0.075
1866,12/11/2024 04:15,-1.025,-0.15,0.075
1867,12/11/2024 04:30,-1.025,-0.2,0.1
1868,12/11/2024 04:45,-1,-0.3,0.025
1869,12/11/2024 05:00,-1.075,-0.2,0.075
1870,12/11/2024 05:15,-1.025,-0.175,0.075
1871,12/11/2024 05:30,-1.025,-0.15,-0.125
1872,12/11/2024 05:45,-1.025,-0.05,-0.15
1873,12/11/2024 06:00,-1.025,-0.275,-0.225
1874,12/11/2024 06:15,-1.025,-0.2,0.025
1875,12/11/2024 06:30,-1.025,-0.2,0.05
1876,12/11/2024 06:45,-1.025,-0.2,0.05
1877,12/11/2024 07:00,-1.025,-0.125,0
1878,12/11/2024 07:15,-1.025,-0.15,0.075
1879,12/11/2024 07:30,-1.025,-0.175,0.075
1880,12/11/2024 07:45,-1.025,-0.15,0.025
1881,12/11/2024 08:00,-1.025,-0.175,0.075
1882,12/11/2024 08:15,-1.025,-0.2,0.075
1883,12/11/2024 08:30,-1.025,-0.2,0.05
1884,12/11/2024 08:45,-1.025,-0.15,0.05
1885,12/11/2024 09:00,-1.025,-0.175,0.075
1886,12/11/2024 09:15,-1.025,-0.175,0.075
1887,12/11/2024 09:30,-1.025,-0.15,0.1
1888,12/11/2024 09:45,-1.025,-0.175,0.075
1889,12/11/2024 10:00,-1.025,-0.2,0.075
1890,12/11/2024 10:15,-1.025,-0.15,0.075
1891,12/11/2024 10:30,-1.025,-0.2,0.05
1892,12/11/2024 10:45,-1.025,-0.2,0.075
1893,12/11/2024 11:00,-1.05,-0.15,0.075
1894,12/11/2024 11:15,-1.025,-0.175,0.1
1895,12/11/2024 11:30,-1.025,-0.2,0.125
1896,12/11/2024 11:45,-1.025,-0.175,0.1
1897,12/11/2024 12:00,-1.025,-0.175,0.05
1898,12/11/2024 12:15,-1.025,-0.125,0.025
1899,12/11/2024 12:30,-1.025,-0.175,0.05
1900,12/11/2024 12:45,-1.075,-0.1,0.075
1901,12/11/2024 13:00,-1.075,-0.175,0.1
1902,12/11/2024 13:15,-1.05,-0.175,0.1
1903,12/11/2024 13:30,-1.025,-0.175,0.075
1904,12/11/2024 13:45,-1.025,-0.175,0.075
1905,12/11/2024 14:00,-1.025,-0.175,0.075
1906,12/11/2024 14:15,-1.025,-0.175,0.075
1907,12/11/2024 14:30,-1.025,-0.2,0.05
1908,12/11/2024 14:45,-1.025,-0.25,0.075
1909,12/11/2024 15:00,-1.05,-0.225,0.05
1910,12/11/2024 15:15,-1.025,-0.175,0.05
1911,12/11/2024 15:30,-1.05,-0.175,0.05
1912,12/11/2024 15:45,-1.05,-0.175,0.075
1913,12/11/2024 16:00,-1.05,-0.15,0.075
1914,12/11/2024 16:15,-1.025,-0.15,0.075
1915,12/11/2024 16:30,-1.025,-0.175,0.05
1916,12/11/2024 16:45,-1.025,-0.175,0.075
1917,12/11/2024 17:00,-1.025,-0.175,0.1
1918,12/11/2024 17:15,-1.025,-0.2,0.05
1919,12/11/2024 17:30,-1.025,-0.2,0.1
1920,12/11/2024 17:45,-1.025,-0.2,0.075
1921,12/11/2024 18:00,-1.025,-0.15,0.1
1922,12/11/2024 18:15,-1.025,-0.2,0.125
1923,12/11/2024 18:30,-1.05,-0.175,0.075
1924,12/11/2024 18:45,-1.075,-0.2,0.1
1925,12/11/2024 19:00,-1.05,-0.15,0.075
1926,12/11/2024 19:15,-1.025,-0.175,0.075
1927,12/11/2024 19:30,-1.075,-0.175,0.075
1928,12/11/2024 19:45,-1.025,-0.15,0.075
1929,12/11/2024 20:00,-1.025,-0.15,0.1
1930,12/11/2024 20:15,-1.025,-0.15,0.075
1931,12/11/2024 20:30,-1.025,-0.15,0.1
1932,12/11/2024 20:45,-1.025,-0.15,0.1
1933,12/11/2024 21:00,-1.025,-0.15,0.075
1934,12/11/2024 21:15,-1.025,-0.275,0.125
1935,12/11/2024 21:30,-1.025,-0.225,-0.15
1936,12/11/2024 21:45,-1.025,-0.225,0.075
1937,12/11/2024 22:00,-1.025,-0.25,0
1938,12/11/2024 22:15,-1.05,-0.2,0.025
1939,12/11/2024 22:30,-1.05,-0.25,0.025
1940,12/11/2024 22:45,-1.025,-0.2,0.075
1941,12/11/2024 23:00,-1.025,-0.2,0.075
1942,12/11/2024 23:15,-1.05,-0.25,0.05
1943,12/11/2024 23:30,-1.025,-0.175,0.075
1944,12/11/2024 23:45,-1.025,-0.175,0.05
