Seaweed,Sample_code,Site,Location,Station_no,Date,Day,Month,Year,Notes on blades,Sample no,Total_Zooplankton,total reads,Total_Phytoplankton,Actinoptychus senarius,ALEXANDRIUM,Alexandrium spp,Bacillaria paxillifer,Benthic spp.,CERATIUM,Ceratium fusus,Ceratium lineatum,Ceratium tripos,Ceratoperidinium falcatum,CHAETOCEROS,Chaetoceros curvisetus,Chaetoceros didymus,Chaetoceros protuberans,Chaetoceros spp,Ciliates,Cocconeis spp.,Coscinodiscus radiatus,Cryptoplacea,Cyclotella spp,Ceratoneis closterium,Detonula pumila,DICTYOCHA,Dictyocha fibula,Dictyocha speculum,Dinophysis acuta,Diploneis,Ditylum brightwellii,Entomoneis alata,Eucampia zodiacus,Gonyaulax spinifera,Grammatophora marina,GUINARDIA,Guinardia flaccida,Guinardia spp,Guinardia striata,Gyrodinium fusiforme,Gyrosigma,HETEROCAPSA,Heterocapsa rotundata,Heterocapsa sp,Heterocapsa triquetra,Karlodinium sp,Licmophora,Mastogloia spp.,Melosira sp,Meuniera spp,Microfibre,Microplastric,NITZSCHIA,Nitzschia big,Nitzschia spp.,Odontella/Biddulphia,Paralia sulcata,Pleurosigma sp,Prorocentrum micans,PROTOPERIDINIUM,Protoperidinium spp,Protoperidinium steinii,Pseudonitzschia spp,RHIZOSOLENIA,Rhizosolenia setigera,Rhizosolenia styliformis,Scripsiella spp,Skeletonema spp,Striatella interupta,Thalassionema nitzschioides,THALASSIOSIRA,Thalassiosira eccentrica,Thalassiosira rotula,Thalassiosira small,Thalassiosira spp,Amphipod,Anemone larvae,Appendicularia,Ascidian larvae,Asteroida larvae,Balanoid cypris,Balanoid nauplii,Bivalvia,Bryozoa larvae,Clytia,Copepod nauplii,Copepods,Ctenophore,Decapoda larvae,Euphysa sp.,Evadne,Fish egg,Fish larvae,Gastropoda,Holoplankton,Holothuria larvae,Hydroids,Lizzia blondina,Meroplankton,Microfibers,MP Fragments,Nemertini larvae,Obelia,Ophiura larvae,other Polychaetae larvae,Phoronida larvae,Podon,Rathkea Octopunctata,Sabellariidae,Sagitta,Sea_urchin_larvae,Siphonophorae,Solmaris corona,Spionida,Stauridiosarsia gemmifera,total_Balanoida,Total_Brachiopoda,total_Copepoda,Total_Hydrozoa,Total_Malacostraca,Total_Polychaeta,unknown_Jellies,Pleurosigma inscriptura,Amicula sp. isolate GU52X-4 cfCalB7,Dimeregramma acutum,Minutocellus polymorphus,Minutocellus polymorphus,Hemiaulus sinensis,Dimeregramma acutum,Ditylum brightwellii,Ditylum brightwellii,Minutocellus polymorphus,Minutocellus polymorphus,Lithodesmium intricatum,Pinnularia subanglica,Minutocellus polymorphus,Lithodesmium intricatum,Minutocellus polymorphus,Lithodesmium undulatum,Hemiaulus sinensis,Lithodesmium intricatum,Lithodesmium undulatum,Hemiaulus sinensis,Minutocellus polymorphus,Ditylum brightwellii,Gomphonema parvulum,Emiliania huxleyi,Emiliania huxleyi,Chrysochromulina tobinii,Emiliania huxleyi,Chrysochromulina tobinii,Chrysochromulina sp. NIES-1333,Phaeocystis globosa,Phaeocystis globosa,Phaeocystis globosa,Phaeocystis antarctica,Skeletonema menzelii,Phaeocystis globosa,Chrysophyceae sp.,Pedospumella sinomuralis,Pedospumella sinomuralis,Pedospumella sp. JBM19,Pedospumella sp.,Pedospumella sinomuralis,Pedospumella sp.,Pedospumella sp.,Pedospumella sp.,Chaetoceros tenuissimus,Dinobryon cylindricollarium,Paraphysomonas sp.,Pedospumella sinomuralis,Pedospumella sp.,Pedospumella sp.,Guillardia theta,Pseudochattonella verruculosa,Octactis speculum,Pseudochattonella farcimen,Octactis speculum,Guinardia delicatula,Pseudochattonella farcimen,Durinskia baltica,uncultured Kareniaceae,uncultured dinoflagellate,uncultured Kareniaceae,Microchloropsis salina,Ministeria vibrans,Guinardia delicatula,Aureococcus anophagefferens,Guinardia delicatula,Skeletonema potamos,Skeletonema marinoi,Pleurosigma inscriptura,Cyclotella cryptica,Chaetoceros socialis,Chaetoceros tenuissimus,Thalassiosira punctigera,Podosira stelligera,Stephanodiscus cf. minutulus,Skeletonema menzelii,Guinardia striata,Guinardia delicatula,Pleurosigma sp. mgcode 4,Cyclotella cryptica,Guinardia striata,Guinardia delicatula,Thalassiosira rotula,Thalassiosira nordenskioeldii,Guinardia delicatula,Rhizosolenia setigera,Discostella sp. clade A (type II),Chaetoceros tenuissimus,Cyclotella cryptica,Pinnularia sp. 9 CS-2011,Chaetoceros socialis,Thalassiosira rotula,Skeletonema menzelii,Thalassiosira punctigera,Skeletonema menzelii,Guinardia delicatula,Chaetoceros tenuissimus,Thalassiosira rotula,Cyclotella cryptica,Thalassiosira rotula,Pleurosigma inscriptura,Guinardia delicatula,Thalassiosira rotula,Thalassiosira rotula,Skeletonema subsalsum,Chaetoceros socialis,Skeletonema potamos,Skeletonema menzelii,Thalassiosira nordenskioeldii,Thalassiosira rotula,Chaetoceros tenuissimus,Schizostauron trachyderma,Thalassiosira rotula,Skeletonema menzelii,Guinardia delicatula,Thalassiosira rotula,Stephanodiscus cf. minutulus,Thalassiosira rotula,Chaetoceros tenuissimus,Guinardia striata,Thalassiosira rotula,Thalassiosira rotula,Haslea ostrearia,Skeletonema menzelii,Thalassionema nitzschioides,Thalassionema nitzschioides,Thalassionema nitzschioides,Minutocellus polymorphus,Ditylum brightwellii,Minutocellus polymorphus,Minutocellus polymorphus,Minutocellus polymorphus,Minutocellus polymorphus,Minutocellus polymorphus,Lithodesmium intricatum,Minutocellus polymorphus,Lithodesmium undulatum,Minutocellus polymorphus,Ditylum brightwellii,Lithodesmium undulatum,Lithodesmium intricatum,Minutocellus polymorphus,Minutocellus polymorphus,Minutocellus polymorphus,Minutocellus polymorphus,Lithodesmium undulatum,Dimeregramma acutum,Minutocellus polymorphus,Minutocellus polymorphus,Ditylum brightwellii,Minutocellus polymorphus,Hemiaulus sinensis,Ditylum brightwellii,Cernosvitoviella minor,Prionospio fallax,Dasybranchus sp. DH1,Ceriantharia gen. n. sp. n. US-2023,Edwardsia timida,Clytia sp. 2 AFC-2016,Bougainvillia muscus,Maresearsia praeclara,Garveia annulata,Aequorea sp. USNM IZ 1448486,Bougainvillia muscus,Aglaophenia tubulifera,Obelia bidentata,Lanice conchilega,Aglaophenia pluma,Apolemia sp.,Bougainvillia muscus,Obelia dichotoma,Pennaria disticha,Obelia bidentata,Laodicea sp. HAW02,Garveia annulata,Clytia sp. 2 AFC-2016,Bougainvillia muscus,Lanice conchilega,Obelia dichotoma,Ectopleura larynx,Clytia sp. 2 AFC-2016,Siphonophorae sp. NHM_339,Apatizanclea divergens,Mitrocomella brownei,Obelia bidentata,Orthopyxis crenata,Clytia sp. 1 SL-2013,Siphonophorae sp. NHM_339,Lanice conchilega,Clytia sp. 2 AFC-2016,Obelia sp. 3 SL-2013,Siphonophorae sp. NHM_339,Obelia sp. MZUSP 3356,Aglaophenia tubulifera,Halecium sp. BMOO-08734,Aglaophenia tubulifera,Bougainvillia muscus,Coryne pintneri,Sarsia tubulosa,Lanice conchilega,Obelia dichotoma,Apolemia sp.,Sarsia tubulosa,Eutima mira,Aglaophenia pluma,Bougainvillia muscus,Dynamena pumila,Forskalia tholoides,Rhizorhagium arenosum,Obelia dichotoma,Trichobranchus glacialis,Bougainvillia muscus,Clytia sp. 1 SL-2013,Clytia sp. 2 AFC-2016,Liriope tetraphylla,Clytia sp. 1 SL-2013,Clytia sp. 1 SL-2013,Clytia sp. 2 AFC-2016,Bougainvillia muscus,Clytia sp. 1 SL-2013,Coryne pintneri,Lanice conchilega,Tiaropsis multicirrata,Obelia bidentata,Eucheilota maculata,Apolemia sp. 3 CWD-2005,Clytia sp. 2 AFC-2016,Botrynema brucei,Praya dubia,Clytia sp. 2 AFC-2016,Pennaria disticha,Cassiopea xamachana,Malacoceros cf. fuliginosus ZMBN 130837,Aurelia sp. 11 sensu Dawson et al. (2005),Cassiopea xamachana,Cassiopea xamachana,Aurelia aurita,Cassiopea sp. PGNIMCP,Cassiopea sp. PGNIMCP,Cassiopea xamachana,Aurelia sp. 11 sensu Dawson et al. (2005),Cassiopea xamachana,Asterias rubens,Dasybranchus sp. DH1,Asterias rubens,Asterias rubens,Asterias rubens,Nesometra sp. i GP-2023,Psathyrometra cf. fragilis,Endoxocrinus parrae,Temnopleurus toreumaticus,Psammechinus miliaris,Amphiura filiformis,Ophiothrix fragilis,Amynthas sp. EWBC-3,Travisia pupa,Urodasys sp. 114a,Urodasys sp. 114a,Urodasys sp. 114a,Urodasys sp. 114a,Urodasys sp. 114a,Urodasys sp. 114a,Urodasys sp. 114a,Urodasys sp. 114a,Chaetonotus aff. gelidus MK-2019,Urodasys sp. 114a,Nonparahalosydna pleiolepis,Urodasys sp. 114a,Urodasys sp. 114a,Urodasys sp. 114a,Urodasys sp. 114a,Chaetonotus cf. oculiefer MK-2019,Urodasys sp. 114a,Urodasys sp. 114a,Urodasys sp. 114a,Urodasys sp. 114a,Urodasys sp. 114a,Evadne sp.,Urodasys sp. 114a,Urodasys sp. 114a,Urodasys sp. 114a,Urodasys sp. 114a,Urodasys sp. 114a,Urodasys sp. 114a,Urodasys sp. 114a,Urodasys sp. 114a,Urodasys sp. 114a,Urodasys sp. 114a,Evadne sp.,Urodasys sp. 114a,Musculus sp. CROBB104,Dosinia exoleta,Mytilus edulis,Kurtiella bidentata,Mytilus edulis complex sp. DC-2011,Montacutona sigalionidcola,Dosinia lupinus,Montacutona sigalionidcola,Musculus sp. CROBB104,Evadne sp.,Doto coronata,Lacuna vincta,Steromphala cineraria,Rissoa guernei,Mitrella moleculina,Rissoa guernei,Burnupia sp. UGSB 25228,Limapontia capitata,Siphonaria pectinata,Assiminea grayana,Hyleoglomeris sp.,Glyptophysa sp. 11 PGA-2018,Atlanta ariejansseni,Lacuna vincta,Placida dendritica,Lacuna vincta,Peringia ulvae,Stenophysa marmorata,Ercolania sp. KH-2011,Antarctoneptunea aurora,Doto coronata,Antichiropus sp. DIP147,Mitrella moleculina,Doto coronata,Placida dendritica,Mitrella moleculina,Segmentina nitida,Therasia thaisa,Neritina canalis,Sconsia sp. MNHN-IM-2013-61442,Bulinus nasutus,Ercolania sp. KH-2011,Hyleoglomeris sp.,Megalovalvata piligera,Chromadoridae sp. 09PROBE-01551,Bursaphelenchus cocophilus,Monostilifera sp.,Monostilifera sp.,Monostilifera sp.,Monostilifera sp.,Monostilifera sp.,Monostilifera sp.,Prosadenoporus floridensis,Paracalanus parvus,Monostilifera sp.,Microstomum compositum,Thoosa mismalolli,Corvomeyenia everetti,Scopalina ruetzleri,Echinodictyum mesenterinum,Hymedesmia hibernica,Svenzea sp. 1 PRT-2020,Monogononta sp. R35_CoastL,Asplanchna sieboldii,Temora sp.,Synchaeta vorax,Euchlanis dilatata,Asplanchna sieboldii,Asplanchna sieboldii,Polyarthra major,Lepadella cf. quadricarinata AGROT318-10,Asplanchna sieboldii,Euchlanis dilatata,Synchaeta vorax,Trichocerca capucina,Tubificoides sp. CED,Pseudocalanus elongatus,Platyias quadricornis,Euchlanis dilatata,Euchlanis dilatata,Tripleuchlanis plicata,Monogononta sp. R35_CoastL,Polyarthra dolichoptera complex sp. UO-2013,Tripleuchlanis plicata,Monogononta sp. R35_CoastL,Asplanchna sieboldii,Brachionus rubens,Peltidiidae sp. 10PROBE-19037,invertebrate environmental sample,invertebrate environmental sample,invertebrate environmental sample,invertebrate environmental sample,invertebrate environmental sample,invertebrate environmental sample,invertebrate environmental sample,invertebrate environmental sample,invertebrate environmental sample,invertebrate environmental sample,Temora sp.,invertebrate environmental sample,invertebrate environmental sample,invertebrate environmental sample,invertebrate environmental sample,invertebrate environmental sample,invertebrate environmental sample,invertebrate environmental sample,invertebrate environmental sample,invertebrate environmental sample,invertebrate environmental sample,Temora sp.,invertebrate environmental sample,invertebrate environmental sample,invertebrate environmental sample,invertebrate environmental sample,invertebrate environmental sample,invertebrate environmental sample,invertebrate environmental sample,invertebrate environmental sample,invertebrate environmental sample,invertebrate environmental sample,Temora sp.,invertebrate environmental sample,invertebrate environmental sample,invertebrate environmental sample,invertebrate environmental sample,invertebrate environmental sample,invertebrate environmental sample,invertebrate environmental sample,invertebrate environmental sample,invertebrate environmental sample,invertebrate environmental sample,Paracalanus parvus,Temora sp.,Harpacticus flexus,Ectinosomatidae sp. SR-2019,Oithona nana,Tubificoides benedii,Paracalanus parvus,Harpacticus flexus,Paracalanus parvus,Paracalanus parvus,Centropages hamatus,Paracalanus parvus,Paracalanus parvus,Paracalanus parvus,Temora sp.,Temora sp.,Hormogaster redii,Temora sp.,Paraeuchaeta sp. KJ753,Jassa herdmani,Jassa herdmani,Jassa herdmani,Jassa herdmani,Jassa herdmani,Jassa herdmani,Niphargus arbiter,Jassa herdmani,Enchytraeus doerjesi,Aora gracilis,Caridea sp. LPdivOTU7,Pagurus longicarpus,Fujientomon dicestum,Semibalanus balanoides,Balanus crenatus,Balanus balanus,Balanus crenatus,Semibalanus balanoides,Semibalanus balanoides,Enchytraeus albidus,Semibalanus balanoides,Semibalanus balanoides,Semibalanus balanoides,Semibalanus balanoides,Semibalanus balanoides,Semibalanus balanoides,Semibalanus balanoides,Semibalanus balanoides,Semibalanus balanoides,Semibalanus balanoides,Cernosvitoviella minor,Semibalanus balanoides,Semibalanus balanoides,Balanus crenatus,Semibalanus balanoides,Semibalanus balanoides,Semibalanus balanoides,Semibalanus balanoides,Semibalanus balanoides,Semibalanus balanoides,Semibalanus balanoides,Cernosvitoviella pusilla,Crustacea environmental sample,Celleporella hyalina,Electra pilosa,Electra pilosa,Celleporella hyalina,Electra pilosa,Electra pilosa,Parasagitta setosa,Chaetognatha environmental sample
Saccharina,Pabay_10_12_21_1,Pabay,NE,1,10_12_2021,10,12,2021,,6,178,1412.5,3928,0,0,0,0,0,0,0,0,0,0,0,0,0,0,0,0,0,0,0,0,1386.206897,0,231,0,231,0,0,0,0,0,0,0,0,0,0,0,0,0,0,0,0,0,0,0,0,0,0,231,0,0,0,0,0,2079,0,0,0,0,0,231,0,0,0,0,0,0,0,0,0,0,0,0,0,0,17,0,0,0,0,17,17,0,85,34,0,0,0,0,2,0,2,140,0,0,0,38,2,0,0,0,0,0,0,2,0,2,0,0,0,0,0,0,0,2,119,0,0,2,0,0,0,0,0,0,0,0,0,0,0,0,0,0,0,0,0,0,0,0,0,0,0,0,0,0,0,0,0,0,0,0,0,0,0,0,0,0,0,0,0,0,0,0,0,0,0,0,0,0,0,0,0,0,0,0,0,0,0,0,0,0,0,0,0,0,0,0,0,0,0,0,0,0,0,0,0,0,0,0,0,0,0,0,0,0,0,0,0,0,0,0,0,0,0,0,0,0,0,0,0,0,0,0,0,0,0,0,0,0,0,0,0,0,0.14159292,0,0,0,0,0,0,0,0,0,0,0,1.451327434,1.380530973,0,0,0,0,0,0,0,0,0,0,0,0,0,0,0,0,0,0,0,0,0,0,0,0,0,0,0,0,0,0,0,0,9.380530973,0,0.389380531,0,0,0,0,0,0,0,0,0,0,0,0,0,0,0,0,0,0,0,0.814159292,0,0,0,0,0,0,0,0,0,0,0,0,0,0,0,0,0,0,0,0,0,0,0,0,0,0,0,0,0,0,0,0,0,0,0,0,0,0,0,0,0,0,0,0,0,0,0,0,0,0,0,0,0,0,0,0,0,0,0,0,0,0,0,0,0,0,0,0,0,0,0,0,0,0,0,0,0,0,0,0,0,0,0,0,0,0,0,0,0,0,0,0,0,0,0,0,0,0,0,0,0,0,0,0,0,0,0,0,0,0,0,0,0,0,0,0,0,0,0,0,0,0,0,0,0,0,0,0,0,0,0,0,0,0,0,0,0,0,0,0,0,0,0,0,0,0,0,0,0,0,0,0,0,0,0,0,0,0,0,0,0,0,0,0,0,0,0,0,0,0,0,0,0,0,0,0,0,0,0,0,0,0,0,0,0,0,0,0,0,0,0,0,0,0,0,0,0,0,0,0,0,0,0,0,0,0,0,0,0,0,0,0,0,0,0,0,0,0,0,0,0,0,0,0,0,0,0,0,0,0,0,0,0,0,0,0,0,0,0,0,0,0,0,0,0,0,0,0,0,0,0,0,0,0,0,0,0,0,0,0,0,0,0,0,0,0,0,0,0,0,0,0,0,0,0,0,0,0,0,0,0,0,0,0,0,0,0,0,0,0,0,0,0,0,0,0,0,0,0,0,0,0,0,0,0,0,0,0,0,0
Saccharina,Pabay_10_12_21_2,Pabay,NW,2,10_12_2021,10,12,2021,,6,462,1191.5,462,0,0,0,0,0,0,0,0,0,0,0,0,0,0,0,0,0,0,0,0,231.0344828,0,0,0,0,0,0,0,0,0,0,231.0344828,0,0,0,0,0,0,0,0,0,0,0,0,0,0,0,231,0,0,0,0,0,0,0,0,0,0,0,0,0,0,0,0,0,0,0,0,0,0,0,0,0,0,2,0,0,0,0,2,34,0,204,153,0,0,0,0,17,0,34,376,0,0,0,87,2,2,0,0,0,0,0,0,0,17,0,0,0,0,0,0,0,0,357,0,0,17,0,0,0,0,0,0,0,0,0,0,0,0,0,0,0,0,0,0,0,0,0,0,0,0,0,0,0,0,0,0,0,0,0,0,0,0,0,0,0,0,0,0,0,0,0,0,0,0,0,0,0,0,0,0,0,0,0,0,0,0,0,0,0,0,0,0,0,0,0,0,0,0,0,0,0,0,0,0,0,0,0,0,0,0,0,0,0,0,0,0,0,0,0,0,0,0,0,0,0,0,0,0,0,0,0,0,0,0,0,0,0,0.293747377,0,0,0,0,0,0,0,0,0,0,0,0,0,0,1.049097776,0,0,0,0,0,0,0,0,0,0,0,0,0,0,0,0,0,0,0,0,0,0,0,0,0,0,0,0,0,0,0,0,0,0,0,0.713386488,0,0,0,0,0,0,0,0,0,0,0,0,0,0,0,0,0,0,0,0,0,0,0,0,0,0,0,0,0,0,0,0,0,0,0,0,0,0,0,0,0,0,0,0,0,0,0,0,0,0,0,0,0,0,0,0,0,0,0,0,0,0,0,0,0,0,0,0,0,0,0.251783466,0,0,0,0,0,0,0,0,0,0,0,0,0,0,0,0,0,0,0,0,0,0,0,0,0,0,0,0,0,0,0,1.258917331,0,0,0,0,0,0,0,0,0,0,0,0,0,0,0,0,0.335711288,0,0.251783466,0,0,0,0,0,0,0,0,0,0,0,0,0,0,0,0,0,0,0,0,0,0,0,0,0,0,0,0,0,0,0,0,0,0,0,0,0,0,0,0,0,0,0,0,0,0,0,0,0,0,0,0,0,0,0,0,0,0,0,0,0,0,0,0,0,0,0,0,0,0,0,0,0,0,0,0,0,0,0,0,0,0,0,0,0,0,0,0,0,0,0,0,0,0,0,0,0,0,0,0,0,0.083927822,0,0,0,0,0,0,0,0,0,0,0,0,0,0,0,0,0,0,0,0,0,0,0,0,0,0,0,0,0,0,0,0,0,0,0,0,0,0,0,0,0,0,0,0,0,0,0,0,0,0,0,0,0,0,0,0,0,0,0,0,0,0,0,0,0,0,0,0,0,0,0,0,0,0,0,0,0,0,0,0,0,0,0,0,0,0,0,0,0,0,0,0,0,0,0,0,0,0,0,0,0,0,0,0,0,0
Saccharina,Pabay_10_12_21_3,Pabay,Mid,3,10_12_2021,10,12,2021,,6,106,1414,5545,0,0,0,0,0,0,0,0,0,0,0,0,0,0,0,0,0,0,0,0,3696.551724,0,231,0,231,0,0,0,0,0,0,0,0,0,0,0,0,0,0,0,0,0,0,0,0,0,0,0,0,0,0,0,0,924,0,0,0,0,0,462,0,0,0,0,0,0,0,231,231,0,0,0,0,0,17,0,0,0,0,17,2,0,34,17,0,0,0,0,0,0,2,68,0,0,0,38,17,0,0,0,17,0,0,0,0,0,0,0,0,0,0,0,0,0,51,0,0,0,0,0,0,0,0,0,0,0,0,0,0,0,0,0,0,0,0,0,0,0,0,0,0,0,0,0,0,0,0,0,0,0,0,0,0,0,0,0,0,0,0,0,0,0,0,0,0,0,0,0,0,0,0,0,0,0,0,0,0,0,0,0,0,0,0,0,0,0,0,0,0,0,0,0,0,0,0,0,0,0,0,0,0,0,0,0,0,0,0,0,0,0,0,0,0,0,0,0,0,0,0,0,0,0,0,0,0,0,0,0,0,0,0,0,0,0,0,0,0,0,0,0,0,0,0,0,0.565770863,0,0,0.106082037,0,0,0,0,0,0,0,0,0,0,0,0,0,0,0,0,0,0,0,0,0,0,0,0,0,0,0,0,0,0,0,0,0,0,0,0,0,0,0,0,0,0,0,0,0,0,0,0,0,0,0,0,0,0,0,0,0,0,0,0,0,0,0,0,0,0,0,0,0,0,0,0,0,0,0,0,0,0,0,0,0,0,0,0,0,0,0,0,0,0,0,0,0,0,0,0,0,0,0,0,0,0,0,0.353606789,0,0,0,0,0,0.282885431,0,0,0,0,0,0,0,0,0,0,0,0,0,0,0,0,0,0,0,0,0,0,0,0,0,0,0,0,0,0,0,0,0,0,0,0,0,0,0,0,0,0,0,0,0,0,0,0,0,0,0,0,0,0,0,0,0,0,0,0,0,0,0,0,0,0,0,0,0,0,0,0,0,0,0,0,0,0,0,0,0,0,0,0,0,0,0,0,0,0,0,0,0,0,0,0,0,0,0,0,0,0,0,0,0,0,0,0,0,0,0,0,0,0,0,0,0,0,0,0,0,0,0,0,0,0,0,0,0,0,0,0,0,0,0,0,0,0,0,0,0,0,0,0,0,0,0,0,0,0,0,0,0,0,0,0,0,0,0,0,0,0,0,0,0,0,0,0,0,0,0,0,0,0,0,0,0,0,0,0,0,0,0,0,0,0,0,0,0,0,0,0,0,0,0,0,0,0,0,0,0,0,0,0,0,0,0,0,0,0,0,0,0,0,0,0,0,0,0,0,0,0,0,0,0,0,0,0,0,0,0,0,0,0,0,0,0,0,0,0,0,0,0,0,0,0,0,0,0,0,0,0,0
Saccharina,Pabay_10_4_22_1,Pabay,NE,1,10_4_2022,10,4,2022,one plant?clean but fragmented in pieces,14,878,4566,146014,0,8625,0,0,0,0,0,0,0,0,23103,0,0,0,23103,0,0,0,0,0,0,0,0,0,0,0,0,6777,0,0,308,0,9549,0,9549,0,0,0,308.045977,308.045977,0,0,8625,0,0,0,3080,0,1232,0,0,0,0,0,0,0,0,0,0,72391,1232.183908,1232.183908,0,0,15402,0,0,5237,2156,3080.45977,0,0,0,0,102,0,2,76,0,2,0,0,127,229,0,2,0,204,25,0,2,789,0,0,0,89,0,0,0,2,0,76,0,25,0,0,0,2,0,0,0,0,76,229,357,2,2,76,0,0,0,0,0,0,0,0,0,0.076653526,0,0,0,0,0,0,0,0,0,0,0,0,0,0,0,0,0,0,0,0,0,0,0,0,0,0,0,0,0,0,0,0,0.109505037,0,0,0,0,0,0,0,0,0,0,0,0,0.197109067,0,0,0,0,0,0,0,0,0,0,0,0,0,0,0,0,0,0,0,0,0,0,0,0,0,0,0,0,0,0,0,0,0,0,0,0,0,0,0,0,0,0,0,0,0,0,0,0,0,0,0,0,0,0,0,0,0,0,0,0,0,0,0,0,0,0,0,0,0,0,0,0,0,0,0,0,0,0,0,0,0,0,0,0,0,0,0,0,0,0,0,0,0,0,0,0,0,0,0,0.810337276,0,0,0,0,0,0,0,0,0,0,0,0,0,0,0,0,0,0,0,0,0,0,0,0,0,0,0,0,0,0,0,0,0,0,0,0,0,0,0,0,0,0,0,0,0,0,0,0,0,0,0,0,0,0,0,0,0,0,0,0,0,0,0,0,0,0,0,0,0,0,0,0,0,0,0,0,0,0,0,0,0,0,0,0,0,0,0,0,0,0.186158563,0,0,0,0,0,0,0,0,0,0,0,0,0,0,0,0,0,0,0,0,0,0,0,0,0,0,0,0,0,0,0,0,0,0.514673675,0,0,0,0,0,0,0,0,0,0,0,0,0,0,0,0,0,0,0,0,0,0,0,0,0,0,0,0,0,0,0,0,0,0,0,0,0,0,0,0,0,0,0,0,0,0,0.17520806,0,0,0,0,0,0,0,0,0,0,0,0,0,0,0,0,0,0.076653526,0,0,0,0,0,0,0,0,0,0,0,0,0,0,0,0,0,0,0,0,0,0,0,0,0,0,0,0,0,0,0,0,0,0,0,0,0,0,0,0,0,0,0,0,0,0,0,0,0,0,0,0,0,0,0,0,0,0,0,0,0,0,0,0,0,0,0,0,0,0,0,0,0,0,0,0,0,0,0,0,0,0,0,0,0,0,0,0,0,0,0,0,0,0,0,0,0,0,0,0,0,0,0,0,0,0.229960578,0,0,0,0,0,0,0,0,0,0,0,0,0,0,0,0,0,0,0,0,0,0,0,0,0,0,0,0,0,0,0,0,0,0,0,0,0,0,0,0,0,0
Saccharina,Pabay_10_4_22_2,Pabay,NW,2,10_4_2022,10,4,2022,one plant?clean but fragmented in pieces,14,437,12291.5,110589,0,1540,0,0,0,0,0,0,0,0,19099,0,1232.183908,0,19099,0,0,0,0,0,0,0,0,0,0,0,0,6777,0,0,0,308.045977,1848,0,1848,0,0,0,308.045977,0,0,308.045977,1540,0,0,0,0,616,308,0,0,0,0,0,0,0,0,0,0,70543,0,0,0,0,3080,0,0,7085,924,6160.91954,0,0,0,0,0,0,0,25,25,0,0,0,51,255,0,51,0,2,2,0,0,361,0,0,0,76,0,0,0,0,0,25,0,0,0,0,0,0,0,0,0,0,51,2,306,0,51,25,0,0,0,0,0,0,0,0,0,0,0,0,0,0,0,0,0,0.028474962,0,0,0,0,0,0,0,0,0,0,0,0,0,0,0,0,0,0,0,0,0,0,0,0,0,0,0,0,0,0,0,0,0,0,0,0,0,0,0,0,0,0,0,0,0,0,0,0,0,0,0,0,0,0,0,0,0,0,0,0,0,0,0,0,0,0,0,0,0,0,0,0,0,0,0,0,0,0,0,0,0,0,0,0,0,0,0,0,0,0,0,0,0,0,0,0,0,0,0,0,0,0,0,0,0,0,0,0,0,0,0,0,0.374242363,0,0,0,0,0,0,0,0.801366798,0,0,0,0,0,0,0,0,0,0,0,0,0,0,0,0.06915348,0,0,0,0,0,0,0,0,0,0,0,0,0,0,0,0,0,0,0,0,0,0,0,0,0,0,0,0,0,0,0,0,0,0,0,0,0,0,0,0,0,0,0,0,0,0,0,0,0,0,0,0,0,0,0,0,0,0,0,0,0,0,0,0,0,0,0,0,0,0,0,0,0,0,0,0,0,0.004067852,0,0,0,0,0,0,0,0,0,0,0.020339259,0,0,0,0,0,0,0,0,0,0,0,0,0,0,0,0,0,0,0,0,0,0,0,0,0,0,0,0,0,0,0,0,0,0,0,0,0,0,0,0,0,0,0,0,0,0,0,0,0,0,0,0,0,0,0,0,0,0,0,0,0,0,0,0,0,0,0,0,0,0,0,0,0,0,0,0,0,0,0,0,0,0,0,0,0,0,0,0,0,0,0,0,0,0,0,0,0,0,0,0,0,0,0,0,0,0,0,0,0,0,0,0,0,0,0,0,0.707806208,0,0,0.296953179,0,0,0,0,0,0,0,0,0,0,0,0,0,0,0,0,8.518081601,0,0.020339259,0,0,0,0,0,0,0,0,0,0,0,0,0,0,0,0,0,0,0,0,0,0,0,0,0,0,0,0,0,0,0,0,0,0,0,0,0,0,0,0,0,0,0,0,0,0,0,0,0,0,0,0,0,0,0,0,0,0,0,0,0,0,0,0,0,0,0,0,0,0,0,0,0,0,0,0,0,0,0,0,0,0,0,0,0,0,0,0,0,0,0,0,0,0,0,0,0,0,0,0,0,0,0,0,0,0,0,0,0,0
Saccharina,Pabay_10_4_22_3,Pabay,Mid,3,10_4_2022,10,4,2022,"one plant?clean but fragmented in pieces, base visible",14,1385,93132,110897,0,3466,0,0,0,0,0,0,0,693,20793,0,0,0,20793,0,0,0,0,0,231.0344828,2310,0,0,0,0,0,8548,0,0,0,0,0,0,0,0,0,0,0,0,0,0,3466,0,0,924,0,0,0,0,0,0,0,0,0,0,0,0,0,62610,924.137931,924.137931,0,0,3697,231.0344828,0,8779,924,7855.172414,0,0,0,0,10,0,2,51,51,25,0,17,102,178,0,25,0,255,25,0,76,672,0,0,0,713,0,0,2,2,0,458,2,0,0,0,0,102,0,0,0,0,102,255,280,19,25,458,0,0,0.011811193,0,0,0,0,0,0,0,0,0,0,0,0,0,0,0,0,0,0,0,0,0,0,0,0,0,0,0,0,0,0,0,0,1.471030366,0,0,0,0,0,0,0,0,0,0,0,0,0,0,0,0,0,0,0,0,0,0,0,0.134218099,0,0,0,0,0,0,0,0,0.07838337,0.070867156,0,0,0,0,0.109521969,0,0.135291844,0,0,0.123480651,0,0,0,0,0,0,0,0,0.054760984,0,0,0,0.047244771,0,0,0,0,0,0,0,0,0,0,0,0,0,0,0,0,0,0,0,0,0,0,0,0,0,0,0,0,0,0,0,0,0,0.067645922,0,0.095563287,0,0.850405876,0,0.182536615,0,0,0,0,0.25769875,0,0,0,0,0,0,0,0,0,0,0,0,0,0.042949792,0,0,0,0,0,0,0,0,2.524374007,1.960657991,0,0,0,0.306017266,0,0,0,0,0,0.209380235,0,0,0.110595714,0,0,0.092342052,0.082678349,0,0,0,0,0,0,0,0,0,0.052613495,0,0,0,0,0,0,0,0,0,0,0,0,0,0,0,0,0,0,0,0,0,0,0,0,0,0,0,0,0,0,0,0,0,0,0,0,0,0,0,0,0,0,0,0,1.306747412,0,0.540093631,0,0.094489542,0,0,0,0,0,0,0,0,0,0,0,0,0,0,0,0,0,0,0,0,0,0,0,0,0.225486406,0,0,0.052613495,0,0,0,0,0,0,0,0,0,0,0,0,0,26.98535412,0.012884938,0,0,0,0,0,0,0,0,0,0,0,0,0,0,0,0,0,0,0,0,0,0.279173646,0,0,0,0,0,0,0,0,0,0,0,0,0,0,0,0,0,0,0,0,0,0,0,0,0,0,0,0,0,0,0,0,0,0,0,0.077309625,0,0,0,0,0,0,0,0,0,0,0,0,0,0,0,0,0,0.094489542,0,0.380105656,0,0,0,0.215822703,0.07623588,0,0,0,0,0,0,0,0,0,0,0,0,0,0,0,0.150324271,0.659279302,0,0,0,0,0,0,0,0,0.038654813,0,0,0,0,0,0,0,0,0,0,0,0.035433578,0,0,0,0,0,0,0,0,0,0,0,0,0,0,0,0,0,0,0,0,0,0,0.04939226,0,0,0,0,0,0,0,0,0,0,0,0,0,0,0,0,0,8.468625177,0.456341537,0.192200318,0.353262037,0.140660568,0,0.073014646,0,0,0,0,0,0,0,0.132070609,0.12777563,0.111669458,0,0,0,0,0,0,0,0,0,0,0,0,0,0,0,0,0,0,0,0,0,0,0,0,0,0,0.126701885,0,0,0,0,0,0,0
Saccharina,Pabay_13_11_21_1,Pabay,NE,1,13_11_2021,13,11,2021,,4,3145,3404,2541,0,0,0,0,0,0,0,0,0,0,0,0,0,0,0,0,0,0,0,924.137931,924.137931,0,231,0,231,0,0,0,0,0,0,0,0,0,0,0,0,0,0,0,0,0,0,0,0,0,0,0,0,0,0,0,0,0,0,0,0,0,0,462,0,0,0,0,0,0,0,0,0,0,0,0,0,0,68,17,0,0,34,2,85,0,1392,1460,0,0,0,0,2,0,34,2956,0,0,0,189,0,0,0,0,0,0,0,0,0,51,0,0,0,0,0,0,34,0,2852,0,0,51,0,0,0,0,0,0,0,0,0,0,0,0,0,0,0,0,0,0,0,0,0,0,0,0,0,0,0,0,0,0,0,0,0,0,0,2.688014101,0,0,0,0,0,0,0,0,0,0,0,0,0,0,0,0,0,0,0,0,0,0,0,0,0,0,0,0,0,0,0,0,0,0,0,0,0,0,0,0,0,0,0,0,0,0,0,0,0,0,0,0,0,0,0,0,0,0,0,0,0,0,0,0,0,0,0,0,0,0,0,0,0,0,0,0,0,0,0,0,0,0,0,0,0,0,0,0,0,0,0,0,0,2.658636898,0,0,1.145710928,0,0,0,0,0,0,0,0,0,0,0,0,0,0,0,0,0,0,0,0,0,0,0,0,0,0,0,0,0,0,0,0,0,0,0,0,0,0,0,0,0,0,0,0,0,0,0,0,0,0,0,0,0,0,0,0,0,0,0,0,0,0,0,0,0,0,0,0,0,0,0,0,0,0,0,0,0,0,0,0,0,0,0,0,0,0,0,0,0,0,0,0,0.044065805,0,0,0,0,0,0,0,0.484723854,0,0,0,0,0,0,0,0,0,0,0,0,0,0,0,0,0,0,0,0,0,0,0,0,0,0,0,0,0,0,0,0,0,0,0,0,0,0,0,0,0,0,0,0,0,0,0,0,0,0,0,0,0,0,0,0,0,0,0,0,0,0,0,0,0,0,0,0,0,0,0,0,0,0,0,0,0,0,0,0,0,0,0,0,0,0,0,0,0,0,0,0,0,0,0,0,0,0,0,0,0,0,0,0,0,0,0,0,0,0,0,0,0,0,0,0,0,0,0,0,0,0,0,0,0,0,0,0,0,0,0,0,0,0,0,0,0,0,0,0,0,0,0,0,0,0,0,0,0.102820212,0,0,0,0,0,0,0,0,0,0,0,0,0,0,0,0,0,0,0,0,0,0,0,0,0,0,0,0,0,0,0,0,0,0,0,0,0,0,0,0,0,0,0,0,0,0,0,0,0,0,0,0,0,0,0,0,0,0,0,0,0,0,0,0,0,0,0,0,0,0,0,0,0,0,0,0,0,0,0,0,0,0,0,0,0,0,0,0,0,0,0,0,0,0,0,0,0,0,0,0,0,0,0,0,0,0,0,0,0,0
Saccharina,Pabay_13_11_21_2,Pabay ,NW,2,13_11_2021,13,11,2021,,4,2096,703,8548,0,0,0,0,0,0,0,0,0,0,0,0,0,0,0,0,0,0,0,1155.172414,693.1034483,0,0,0,0,0,0,0,0,0,0,0,231,0,0,231.0344828,0,0,0,0,0,0,0,0,0,0,0,0,0,5083,0,5083,0,0,0,0,0,0,0,462,0,0,0,0,0,0,0,924,0,924.137931,0,0,0,0,51,0,0,0,0,2,85,0,832,1086,0,0,0,0,0,0,34,1971,0,0,0,125,2,2,0,2,0,0,0,2,0,2,0,0,0,0,0,0,0,2,1918,2,0,2,0,0,0,0,0,0,0,0,0,0,0,0,0,0,0,0,0,0,0,0,0,0,0,0,0,0,0,0,0,0,0,0,0,0,0,0.568990043,0,0,0,0,0,0,0,0,0,0,0,0,0,0,0,0,0,0,0,0,0,0,0,0,0,0,0,0,0,0,0,0,0,0,0,0,0,0,0,0,0,0,0,0,0,0,0,0,0,0,0,0,0,0,0,0,0,0,0,0,0,0,0,0,0,0,0,0,0,0,0,0,0,0,0,0,0,0,0,0,0,0,0,0,0,0,0,0,0,0,0,0,0,1.635846373,0,0,0,0,0,0,0,0,0,0,0,0,0,0,0,0,0,0,0,0,0,0,0,0,0,0,0,0,0,0,0,0,0,0,0,0,0,0,0,0,0,0,0,0,0,0,0,0,0,0,0,0,0,0,0,0,0,0,0,0,0,0,0,0,0,0,0,0,0,0,0,0,0,0,0,0,0,0,0,0,0,0,0,0,0,0,0,0,0,0,0,0,0,0,0,0,0,0,0,0,0,0,0,0,0,0,0,0,0,0,0,0,0,0,0,0,0,0,0,0,0,0,0,0,0,0,0,0,0,0,0,0,0,0,0,0,0,0,0,0,0,0,0,0,0,0,0,0,0,0,0,0,0,0,0,0,0,0,0,0,0,0,0,0,0,0,0,0,0,0,0,0,0,0,0,0,0,0,0,0,0,0,0,0,0,0,0,0,0,0,0,0,0,0,0,0,0,0,0,0,0,0,0,0,0,0,0,0,0,0,0,0,0,0,0,0,0,0,0,0,0,0,0,0,0,0,0,0,0,0,0,0,0,0,0,0,0,0,0,0,0,0,0,0,0,0,0,0,0,0,0,0,0,0,0,0,0,0,0,0,0,0,0,0,0,0,0,0,0,0,0,0,0,0,0,0,0,0,0,0,0,0,0,0,0,0,0,0,0,0,0,0,0,0,0,0,0,0,0,0,0,0,0,0,0,0,0,0,0,0,0,0,0,0,0,0,0,0,0,0,0,0,0,0,0,0,0,0,0,0,0,0,0,0,0,0,0,0,0,0,0,0,0,0,0,0,0,0,0,0,0,0,0,0,0,0,0,0,0,0,0,0,0
Saccharina,Pabay_13_11_21_3,Pabay,Mid,3,13_11_2021,13,11,2021,,4,3412,48155.5,2772,0,0,0,0,0,0,0,0,0,0,0,0,0,0,0,0,0,0,0,231.0344828,693.1034483,0,231,0,231,0,0,0,0,0,0,0,0,0,0,0,0,0,0,0,0,0,0,0,0,0,0,462,0,231,231,0,0,0,0,0,0,0,0,1155,0,0,0,0,0,0,0,231,0,231.0344828,0,0,0,0,34,0,0,0,0,34,102,0,1409,1613,0,0,0,0,34,0,102,3090,0,0,0,323,2,0,0,0,17,0,0,0,0,68,0,0,0,0,0,0,0,0,3022,0,0,68,0,0,0,0,0,0.015574545,0,0,0,0,0,0,0,0,0,0,0,0,0,0,0,0,0,0,0,0.064374786,0,0,0,0,0,0,0,0,0,3.994351632,0,0,0,0,0,0,0,0,0,0,0.08306424,0,0,0,0,0,0.016612848,0,0,0,0,0,0,0,0,0,0,0,0,0,0,0,0.022842666,0,0,0,0,0,0.04153212,0.149515632,0,0.128749572,0,0,0,0,0,0,0,0.064374786,0,0,0,0,0,0,0,0,0,0,0,0.029072484,0,0,0,0,0,0,0,0,0,0,0,0,0.007268121,0,0,0.021804363,0,0,0,0,0,0,0,0,0,0,0,0,0.042570423,0,0.019727757,7.302384982,0,0.642709556,0.575219861,0.204545691,0,0,0,0,0,0,0,0,0,0,0.127711269,0.122519754,0.098638785,0,0,0,0,0,0,0,0,0,0,0,0,0,0,0,0,0,0.31875902,0,0,0,0,0,0,0,0,0,0,0,0.033225696,0,0,0,0,0,0,0,0,0,0,0,0,0.046723635,0,0,0,0,0,0,0,0,0,0.025957575,0,0,0,0.022842666,0,0,0,0,0,0,0,0,0,0,0,0,0.008306424,0,0,0,0,0,0,0,0,0,0,0,0,0,0,0,0,0.206622297,0,0,0,0,0,0,0,0,0,0,0.089294058,0,0.045685332,0,0,0,0,0,0.156783753,0,0,0,0,0,0,0,0.191047752,0.050876847,0,0,0,0,0.143285814,0,0,0,0,0,0,0,0.017651151,0,0,0,0,0,0,0,0,0,0,0,0,0,0,0,0,0,0,0,0.133941087,0,0.060221574,0,0,0,0,0,0,0,0,0.106945209,0,0.079949331,0,0.068527998,0,0,0,0,0,0,0,0,0.029072484,0.026995878,0,0,0,0,0,0,0,0,0,0,0,0,0,0,0,0,0,0,0.693586402,0.070604604,0,0,0,0,0,0,0,0,0,0.032187393,0,0,0,0,1.527343709,0,0.065413089,0,0,0,0.059183271,0,0,0,0,0,0,0,0,0,0,0,0,0,0,0,0,0,0,0,0,0,1.152516327,0,0.064374786,0,0,0,0,0,0,0,0,0,0,0.025957575,0,0,0,0,0,0,0.012459636,0,0,0.01038303,0,0,0,0.007268121,0,0,0.053991756,0,0,0,0,0,0,0,0,0,0,0,0,0.026995878,0,0,0,0,0,0,0,0,0,0,0,0,0,0,0,0,0,0,0,0,0,0,0,0,0,0,0,0,0.025957575,0,0,0,0,0,0,0,0,0,0,0,0,0,0,0,0,0,0,0,0,0,0,0,0,0,0,0,0,0,0,0,0.065413089,0,0,0,0,0,0
Saccharina,Pabay_14_1_22_1,Pabay,NE,1,14_1_2022,14,1,2022,6 blades,8,1038,9660.5,5545,231,0,0,0,2079,0,0,0,0,0,0,0,0,0,0,0,0,0,0,0,1617.241379,0,0,0,0,0,0,0,0,0,0,231.0344828,0,0,0,0,0,0,0,0,0,0,0,0,0,0,0,462,0,0,0,0,0,924,462,0,0,0,0,0,0,0,0,0,0,0,0,0,0,0,0,0,0,0,34,0,0,0,2,153,17,0,102,475,0,0,0,0,0,0,34,613,0,0,0,424,2,2,0,0,0,0,0,0,0,204,0,17,0,0,0,0,2,0,577,0,0,204,0,0,0,0,0,0,0,0,0,0,0,0.04658144,0,0,0,0,0,0,0,0,0.015527147,0,0,0,0.005175716,0,0,0,0,0,0,0,0,0,0,0.087987164,0,0,0,0,0,0,0,0,0,0,0,0,0,0.005175716,0,0,0,0,0,0,0,0,0,0,0,0,0,0,0,0,0,0,0,0,0,0,0,0,0,0,0,0,0,0,0,0,0,0,0.072460018,0,0,0,0,0,0,0,0,0,0,0,0,0,0,0,0,0.09316288,0,0,0.062108587,0,0,0,0,0,0,0,0,0,0,0,0,0,0,0,0,0,0,0.005175716,0,0,0.103514311,0,0,0,0,0,0,0,0,0,0,0,0,0,0,0,0,0,0,0,0,0,0,0,0,0,0,0,0,0,0,0,0,0,0.652140158,0,0.072460018,0,0,0,0.041405724,0,0,0,0,0,0,0,0,0,0,0,0,0,0,0,0.051757155,0,0,0,0,0,0,0,0,0,0,0,0,0,0,0,0,0,0,0,0,0,0,0,0,0,0,0,0,0,0,0,0,0,0,0,0,0,0,0,0,0,0,0,0,0,0,0,0,0,0,0.062108587,0,0,0,0,0,0,0,0,0,0,0,0,0,0,0,0,0,0,0,0,0,0,0,0.056932871,0,0,0,0,0,0,0,0,0,0,0,0,0,0,0,0,0,0,0,0,0,0,0,0,0,0,0,0,0,0,0,0,0,0,0,0,0,0,0,0,0,0,0,0,0,0,0,0,0,0,0,0,0,0,0,0,0,0,0,0,0,0,0,0,0,0,0,0,0,0,0,0,0,0.025878578,0,0,0,0.015527147,0,0,0,0,0,0,0,0,0,0,0,0,0,0,0,0,0,0,0,0,0.031054293,0,0,0,0,0,0,0,0,0,0,0,0,0,0,0,0,0,0,0,0,0,0,0,0,0,0,0,0,0,0,0,0,0,0,0,0,0,0,0,0,0,0,0,0,0,0,0,0,0,0,0,0,0,0,0,0,0,0,0,0,0,0,0,0,0,0,0,0,0,0,0,0,0,0,0,0,0,0,0,0,0,0,0,0,0,0,0,0,0,0,0,0,0,0,0,0,0,0,0,0,0,0,0,0,0,0,0,0,0,0,0,0,0,0,0,0,0,0,0,0,0,0,0,0,0,0,0,0,0,0,0,0,0,0,0,0
Saccharina,Pabay_14_1_22_2,Pabay ,NW,2,14_1_2022,14,1,2022,,8,1241,9564.5,3697,0,0,0,0,924,0,0,0,0,0,0,0,0,0,0,0,0,0,0,0,1848.275862,0,0,0,0,0,0,0,0,0,0,0,0,0,0,0,0,0,0,0,0,0,0,0,0,0,0,693,0,0,0,0,0,0,0,0,0,0,0,0,0,0,0,0,0,0,0,924,231,0,0,693,0,0,17,2,0,0,0,238,51,0,136,543,0,0,0,17,0,0,68,713,0,0,0,528,17,0,0,0,0,0,0,0,0,170,0,0,0,0,0,0,0,17,679,0,0,170,0,0,0,0,0,0,0,0,0,0,0,0,0,0,0,0,0,0,0,0,0,0,0,0,0,0.020910659,0,0,0,0,0,0,0,0,0,0.585498458,0,0,0,0,0,0,0,0,0,0,0,0,0,0,0,0,0,0,0,0,0,0,0,0,0,0,0,0,0,0,0,0,0,0,0,0,0,0,0,0,0,0,0,0,0,0,0,0,0,0,0,0,0,0,0,0,0,0,0,0,0,0,0,0,0,0,0,0,0,0,0,0,0,0,0,0,0,0,0,0.020910659,0,0,0,0,0,0,0,0,0,0,0,0.167285274,0,0,0,0,0,0,0,0,0,0,0,0,0,0,0,0,0,0,0,0,0.156829944,0,0,0,0,0,0,0,0,0,0,0,3.779601652,0,0.151602279,0,0,0,1.076898949,0.073187307,0,0,0,0,0,0,0,0,0,0,0,0,0,0,0.041821318,0,0,0,0,0,0,0,0,0,0,0,0,0,0,0,0,0,0,0,0,0,0,0,0,0,0,0,0,0,0,0,0,0,0,0,0,0,0,0,0,0,0,0,0,0,0.01045533,0,0,0,0,0,0,0,0,0,0,0,0,0,0,0,0,0,0,0,0,0,0,0,0,0,0,0,0,0,0,0,0,0,0,0,0,0,0,0,0,0,0,0,0,0.099325631,0,0,0,0,0,0,0,0,0,0,0,0,0,0,0,0,0,0,0,0,0,0,0,0,0,0,0,0,0,0,0,0,0,0,0,0,0,0,0,0,0,0,0,0,0,0,0,0,0,0,0,0,0,0,0,0,0,0,0,0,0,0,0,0,0.031365989,0,0,0,0,0,0,0,0,0,0,0,0,0,0,0,0,0.14114695,0.381619531,0,0,0,0,0,0,0,0,0,0,0,0,0,0,0,0,0,0,0,0,0,0,0,0,0,0,0,0,0,0,0,0,0,0,0,0,0,0,0,0,0,0,0,0.078414972,0,0,0,0,0,0,0,0,0,0,0,0,0,0,0,0,0,0,0,0,0,0,0,0,0,0,0,0,0,0,0,0,0,0,0,0,0,0,0,0,0,0,0,0,0,0,0,0,0,0,0,0,0,0,0,0,0,0,0,0,0,0,0,0,0,0,0,0,0,0,0,0,0,0,0,0,0,0,0,0,0,0,0,0,0,0,0,0,0,0,0,0
Saccharina,Pabay_14_1_22_3,Pabay,Mid,3,14_1_2022,14,1,2022,,8,2568,9612.5,3466,0,0,0,0,1155,0,0,0,0,0,0,0,0,0,0,0,0,231,0,0,1386.206897,0,0,0,0,0,0,231,0,0,0,0,0,0,0,0,0,0,0,0,0,0,0,0,0,0,0,0,0,0,0,0,0,0,0,0,0,0,0,0,0,0,0,0,0,0,0,462,0,0,0,462,17,0,17,0,0,0,0,407,2,0,407,1137,0,0,0,0,0,0,102,1562,0,0,0,1006,0,2,0,0,0,0,0,0,0,475,0,2,0,0,0,0,0,0,1545,0,17,475,0,0,0,0,0,0,0,0,0,0,0,0.023407022,0,0,0,0,0,0,0,0,0.007802341,0,0,0,0.00520156,0.062418726,0,0,0,0,0,0,0,0,0,0.33550065,0,0,0,0,0,0,0,0,0,0,0,0,0,0,0,0,0,0,0,0,0,0,0,0,0,0,0,0,0,0,0,0,0,0,0,0,0,0,0,0,0,0,0,0,0,0,0,0,0.036410923,0,0,0,0,0,0,0,0,0,0,0,0,0,0,0,0,0.046814044,0,0,0.031209363,0,0,0,0,0,0,0,0,0,0,0.010403121,0,0,0,0,0,0,0,0.00260078,0,0,0,0.083224967,0,0,0,0,0,0,0,0,0,0,0,0,0,0,0,0,0,0,0,0,0.078023407,0,0,0,0,0,0,0,0,0,0,0,2.161248375,0,0.11183355,0,0,0,0.535760728,0.036410923,0,0,0,0,0,0,0,0,0,0,0,0,0,0,0.046814044,0,0,0,0,0,0,0,0,0,0,0,0,0,0,0,0,0,0,0,0,0,0,0,0,0,0,0,0,0,0,0,0,0,0,0,0,0,0,0,0,0,0,0,0,0,0.00520156,0,0,0,0,0.031209363,0,0,0,0,0,0,0,0,0,0,0,0,0,0,0,0,0,0,0,0,0,0,0,0.028608583,0,0,0,0,0,0,0,0,0,0,0,0,0,0,0,0.049414824,0,0,0,0,0,0,0,0,0,0,0,0,0,0,0,0,0,0,0,0,0,0,0,0,0,0,0,0,0,0,0,0,0,0,0,0,0,0,0,0,0,0,0,0,0,0,0,0,0,0,0,0,0,0,0,0,0,0.013003901,0,0,0,0.015604681,0,0,0.015604681,0,0,0,0,0,0,0,0,0,0,0,0,0,0,0,0,0.070221066,0.205461638,0,0,0,0,0,0,0,0,0,0,0,0,0,0,0,0,0,0,0,0,0,0,0,0,0,0,0,0,0,0,0,0,0,0,0,0,0,0,0,0,0,0,0,0.039011704,0,0,0,0,0,0,0,0,0,0,0,0,0,0,0,0,0,0,0,0,0,0,0,0,0,0,0,0,0,0,0,0,0,0,0,0,0,0,0,0,0,0,0,0,0,0,0,0,0,0,0,0,0,0,0,0,0,0,0,0,0,0,0,0,0,0,0,0,0,0,0,0,0,0,0,0,0,0,0,0,0,0,0,0,0,0,0,0,0,0,0,0
Saccharina,Pabay_15_7_22_1,Pabay,NE,1,15_7_2022,15,7,2022,,18,17412,36823.5,,,,,,,,,,,,,,,,,,,,,,,,,,,,,,,,,,,,,,,,,,,,,,,,,,,,,,,,,,,,,,,,,,,,,,,,,,16,0,595,0,0,0,16,2785,102,0,1868,8709,2,0,0,3005,2,0,102,14195,0,2,35,3217,0,0,0,35,2,0,0,0,0,51,0,0,0,0,88,0,16,3005,10577,71,16,139,0,0,0,0,0,0,0,0,0,0,0,0,0,0,0,0,0,0,0,0,0,0,0,0,0,0,0,0,0,0,0,0,0,0,0,0.021725257,0,0,0,0,0,0,0,0,0,0,0,0,0.002715657,0,0,0,0,0,0,0,0,0,0,0,0,0,0,0,0,0,0,0,0,0,0,0,0,0,0,0,0,0,0,0,0,0,0,0,0,0,0,0,0,0,0,0.032587885,0,0,0,0,0,0,0,0,0,0,0,0,0,0,0,0,0,0,0,0,0,0,0,0,0,0,0,0,0,0,0,0,0,0,0,0,0,0.176517713,0.134425027,0,0.108626285,0,0,0,0,0,0,0,0,0,0,0,0,0,0,0,0,0,0.032587885,0,0,0,0,0,0,0,0,0,0.006789143,0,0,0.473882168,0,0,0,0,0,0,0,0,0,0,0,0,0,0,0,0,0,0,0,0,0,0,0,0,0,0,0,0,0,0,0,0,0,0,0,0,0,0,0,0,0,0,0,0,0,0,0,0,0,0,0,0,0,0,0,0,0,0,0,0,0,0,0,0,0,0,0,0,0,0,0,0,0,0,0,0,0,0,0,0,0,0,0,0,0,0,0,0,0,0,0,0,0,0,0,0,0,0,0,0,0,0,0,0,0,0,0,0,0,0,0,0,0,0,0,0,0,0,0,0,0,0,0,0,0,0,0,0,0,0,0,0,0,0,0,0,0,0,0,0,0,0,0,0,0,0,0,0,0,0,0,0,0,0,0,0,0,0,0,0,0,0,0,0,0,0,0,0,0,0,0.010862628,0,0,0,0,0.885304221,0.111341942,0,0,0,0,0,0,0,0,0,0,0,0,0,0,0,0,0,0,0,0,0,0,0,0,0,0,0,0,0,0.033945714,0,0,0,0,0,0,0,0,0,0.044808342,0.259345255,0,0,0,0,0,0,0,0,0,0,0,0,0,0,0,0,0,0,0,0,0,0,0,0,0,0,0,0,0,0,0,0,0,0,0,0,0,0,0,0,0,0,0,0,0,0,0,0,0,0,0,0,0,0,0,0,0,0,0,0,0,0,0,0,0,0,0,0,0,0,0,0,0,0,0,0,0,0,0,0,0,0,0,0,0,0,0,0,0,0,0,0,0,0,0,0,0,0,0,0,0,0,0,0,0,0,0,0,0,0,0
Saccharina,Pabay_15_7_22_2,Pabay,NW,2,15_7_2022,15,7,2022,,18,15621,15381.5,,,,,,,,,,,,,,,,,,,,,,,,,,,,,,,,,,,,,,,,,,,,,,,,,,,,,,,,,,,,,,,,,,,,,,,,,,16,0,322,0,16,0,51,1833,136,0,2445,8403,16,16,0,2088,35,0,67,13360,0,2,2,2261,0,0,0,35,86,0,0,16,0,16,0,0,0,16,35,0,51,2104,10848,39,33,51,0,0,0,0,0,0,0,0,0,0,0,0,0,0,0,0,0,0,0,0,0,0,0,0,0,0,0,0.490849397,0,0,0.05526119,0,0.029255924,0,0,0,0,0,0,0,0,0,0,0,0,0,0,0,0,0,0,0,0,0,0.100770406,0,0.052010532,0,0,0,0,0,0,0,0.240548711,0,0,0.139778305,0,0,0,0,0,0,0,0,0,0,0,0,0,0,0,0,0,0,0,0,0,0,0,0,0,0,0,0,0,0,0,0,0,0,0,0,0,0,0,0,0,0,0,0,0,0,0,0,0,0,0,0,0,0,0,0,0,0,0,0,0,0,0,0,0.315313851,0,0,0,0,0,0,0,0,0,0,0,0,0,0,0,0,0,0,0,0,0,0,0,5.474108507,0,0,0,0,0,0,0,0,0,0,0,0,0,0,0,0,0,0,0,0.081266456,0,0,0,0,0,0,0.221044762,0,0.185287521,0,0,0,0,0,0,0,0,0,0,0,0,0,0,0,0,0,0,0,0,0,0,0,0,0,0,0,0,0,0,0,0,0,0,0,0,0,0,0,0,0,0,0,0,0,0,0,0.029255924,0,0,0,0,0,0,0.045509216,0,0,0,0,0,0,0,0,0,0,0,0,0,0,0,0,0,0,0,0,0,0,0,0,0,0,0,0,0,0,0,0,0,0,0,0,0,0,0,0,0,0,0,0,0,0,0,0,0,20.09882001,0,0,0,0,0,0,0,0,0,0,0,0,0,0,0,0,0,0,0,0,0,0,0,0,0,0,0,0,0,0,0.068263823,0,0,0,0,0,0,0,0,0,0,0,0,0,0,0,0,0,0,0,0,0,0,0,21.91268732,0,0,0.315313851,0,0,0,0,0,0.217794103,0,0,0,0,0,0,0,0,0,0,0,0,0,0,0,0,0,0,0,0,0,0,0,0,0,1.943893638,0,0,0,0,0,0.185287521,0,0,0,0,0,0,0,0,0,0,0,0,0,0,0,0,0,0,0,0,0,0,0,0,0,0,0,0,0,0,0,0,0,0,0,0,0.162532913,0,0,0,0,0,0.065013165,0,0.061762507,0.052010532,0,0.048759874,0.039007899,0.032506583,0,0,0,0,0,0,0,0,0,0,0,0,0,0,0,0,0,0,0,0,0,0,0,0,0,0,0,0,0,0,0,0,0,0,0,0,0,0,0,0,0,0,0,0,0,0,0,0,0,0,0,0,0,0,0,0
Saccharina,Pabay_15_7_22_3,Pabay,Mid,3,15_7_2022,15,7,2022,,18,22346,31703.5,,,,,,,,,,,,,,,,,,,,,,,,,,,,,,,,,,,,,,,,,,,,,,,,,,,,,,,,,,,,,,,,,,,,,,,,,,16,0,627,0,0,0,51,1799,204,0,3072,13582,16,0,0,2479,0,0,238,19812,0,16,0,2532,0,0,16,16,35,2,0,0,0,35,2,2,0,35,153,0,51,2479,16654,33,16,189,0,0,0,0,0,0,0,0,0,0,0,0,0,0,0,0,0,0,0,0,0,0,0,0,0,0,0,0,0,0,0,0,0,0,0,0.014194016,0,0,0,0,0,0,0,0,0,0,0,0,0,0,0,0,0,0,0,0,0,0,0,0,0,0,0,0,0,0,0,0,0,0,0,0,0,0,0,0,0,0,0,0,0,0,0,0,0,0,0,0,0,0,0,0,0,0,0,0,0,0,0,0,0,0,0,0,0,0,0,0,0,0,0,0,0,0,0,0,0,0,0,0,0,0,0,0,0,0,0,0,0,0.588263126,0.249183844,0,0.047313388,0,0,0,0,0,0,0,0,0,0,0,0,0,0,0,0,0,0,0,0,0,0,0.234989828,0,0,0,0.006308452,0,0,0,0,0,0,0,0,0,0,0,0,0,0,0,0,0,0,0,0,0,0,0,0,0,0,0,0,0,0,0,0,0,0,0,0,0,0,0,0,0,0,0,0,0,0,0,0,0,0,0,0,0,0,0,0,0,0,0,0,0,0,0,0,0,0,0,0,0,0,0,0,0,0,0,0,0,0,0,0,0,0,0,0,0,0,0,0,0,0,0,0,0,0,0,0,0,0,0,0,0,0,0,0,0,0,0,0,0,0,0,0,0,0,0,0,0,0,0,0,0,0,0,0,0,0,0,0,0,0,0,0,0,0,0,0,0,0,0,0,0,0,0,0,0,0,0,0,0,0,0.097781002,0,0,0,0,0,0,0,0,0,0,0,0,0,0,0,0,0,0,0,0,0,0.006308452,0,0,0,0,0,0,0,0.189253552,0,0,0,0,0,0,0,0,0,0,0,0,0,0,0,0,0,0,0,0,0.321731039,0,0,0.119860583,0,0,0,0,0,0,0,0,0,0,0,0,0,0,0,0.34381062,1.146561105,0,0,0,0,0,0,0,0,0,0,0,0,0,0,0,0,0,0,0,0,0,0,0,0,0,0,0,0,0.011039791,0,0,0,0,0,0,0,0,0,0,0,0,0,0,0,0,0,0,0,0,0,0,0,0,0,0,0,0,0,0,0,0,0,0,0,0,0,0,0,0,0,0,0,0,0,0,0,0,0,0,0,0,0,0,0,0,0,0,0,0,0,0,0,0,0,0,0,0,0,0,0,0,0,0,0,0,0,0,0,0,0,0
Saccharina,Pabay_16_9_21_1,Pabay,NE,1,16_9_2021,16,9,2021,,2,23875,16711.5,24721,0,0,0,0,0,231,0,231.0344828,0,0,462,0,0,0,462,0,0,0,0,0,0,0,462,0,462,0,0,231,0,693.1034483,0,0,11552,0,0,11551.72414,0,0,0,0,0,0,0,0,0,0,0,0,0,0,0,0,924.137931,0,0,0,231,0,231,924,6931.034483,2310.344828,4620.689655,231.0344828,1848,0,0,0,0,0,0,0,0,0,4304,0,2,0,76,764,2,0,11026,5399,0,178,0,76,51,0,1681,20934,0,0,0,2941,25,0,0,2,2,2,0,2,0,306,0,0,0,0,2,0,76,78,16425,2,178,310,0,0,0,0,0,0,0,0,0,0,0,0,0,0,0,0,0,0,0,0,0,0,0,0,0,0.020943662,0,0,0,0,0,0,0,0,0,0.463752506,0,0,0,0,0,0,0,0,0,0,0,0,0,0,0,0,0,0,0,0,0,0,0,0,0,0,0,0,0,0,0,0,0,0,0,0.038895371,0,0,0,0,0,0,0,0,0,0,0,0,0,0,0,0,0,0,0,0,0,0,0,0,0,0,0,0,0,0,0,0,0,0,0,0,0,0,0,0,0,0,0,0,0,0,0,0,0,0,0,0,0,0,0,0,0,0.338090536,0,0,0,0.284235407,0,0,0,0,0,0,0,0,0,0,0,0,0,0,0,0,0,0,0,0,0,0,0,0,0,0,0,0,0,0,0,0,0,0,0,0,0,0,0,0,0,0,0,0,0,0,0,0,0,0,0,0,0,0,0,0,0,0,0,0,0,0,0,0,0,0,0,0,0,0,0,0,0,0,0,0,0,0,0,0,0,0,0,0,0,0,0,0,0,0,0,0,0,0,0,0,0,0,0,0,0,0,0,0,0,0,0,0,0,0,0,0,0,0,0,0,0,0,0,0,0,0,0,0,0,0,0,0,0,0,0,0,0,0,0,0,0,0,0,0,0,0,0,0,0,0,0,0,0,0,0,0,0,0,0,0,0,0,0,0,0,0,0,0,0,0,0,0,0,0,0,0,0,0,0,0,0,0,0,0,0,0,0,0,0,0,0,0,0,0,0,0,0,0,0,0,0,0,0,0,0,0,0,0,0,0,0,0,0,0,0,0,0,0,0,0,0,0,0,0,0,0,0,0,0,0,0,0,0,0,0,0,0,0,0,0,0,0,0,0,0,0,0,0,0,0,0,0,0,0,0,0,0,0,0,0,0,0,0,0,0,0,0,0,0,0,0,0,0,0,0,0,0,0,0,0,0,0,0,0,0,0,0,0,0,0,0,0,0,0,0,0,0,0,0,0,0,0,0,0,0,0,0,0,0,0,0,0,0,0,0,0,0,0,0,0,0,0,0,0,0,0,0,0,0,0,0,0,0,0,0,0,0,0,0,0,0,0,0,0,0,0,0,0,0,0,0,0,0,0,0,0,0,0,0,0,0,0,0
Saccharina,Pabay_16_9_21_2,Pabay,NW,2,16_9_2021,16,9,2021,,2,19499,12941.5,23566,0,0,0,0,0,462,0,462.0689655,0,0,4390,0,0,0,4390,0,0,0,0,0,0,0,693,0,693,0,0,0,0,1155.172414,0,0,9241,0,0,9241.37931,0,0,0,0,0,0,0,0,0,0,0,0,0,0,0,0,0,0,0,0,462,462,0,693,6468.965517,924.137931,5544.827586,0,0,0,0,0,0,0,0,0,0,0,4023,0,17,0,0,509,2,0,8590,5229,0,221,0,17,34,0,611,17895,0,0,17,1604,17,0,0,2,2,0,0,2,0,221,0,0,0,0,0,2,0,19,13819,21,221,221,0,0,0,0,0,0,0,0,0,0,0,0,0,0,0,0,0,0,0,0,0,0,0,0,0,0,0,0,0,0,0,0,0,0,0,0.011590619,0,0,0,0,0,0,0,0,0,0,0,0,0,0,0,0,0,0,0,0,0,0,0,0,0,0,0,0.011590619,0,0,0,0,0,0,0,0,0,0,0,0,0,0,0,0,0,0,0,0,0,0,0,0,0,0,0,0,0,0,0,0,0,0,0,0,0,0,0,0,0,0,0,0,0,0,0,0,0,0,0,0,0,0,0,0,0,0,0,0,0,0,0,0,0,0.030908318,0,0,0,0,0,0,0,0,0,0,0,0,0,0,0,0,0,0,0,0,0,0,0,0,0,0,0,0,0,0,0,0,0,0,0,0,0,0,0,0,0,0,0,0,0,0,0,0,0,0,0,0,0,0,0,0,0,0,0,0,0,0,0,0,0,0,0,0,0,0,0,0,0,0,0,0,0,0,0,0,0,0,0,0,0,0,0,0,0,0,0,0,0,0,0,0,0,0,0,0,0,0,0,0,0,0,0,0,0,0,0,0,0,0,0,0,0,0,0,0,0,0,0,0,0,0,0,0,0,0,0,0,0,0,0,0,0,0,0,0,0,0,0,0,0,0,0,0,0,0,0,0,0,0,0,0,0,0,0,0,0,0,0,0,0,0,0,0,0,0,0,0,0,0,0.583394506,0,0,0,0,0,0,0,0,0,0,0,0,0,0,0,0,0,0,0,0,0,0,0,0,0,0,0,0,0,0,0,0,0,3.593091991,0,0,0,0,0,0,0.115906193,0,0,0,0,0,0,0,0,0,0,0,0,0,0,0,0,0,0,0,0,0,0,0,0,0,0,0,0,0,0,0,0,0,0,0,0,0,0,0,0,0,0,0,0,0,0,0,0,0,0,0,0,0,0,0,0,0,0,0,0,0,0,0,0,0,0,0,0,0,0,0,0,0,0,0,0,0,0,0,0,0,0,0,0,0,0,0,0,0,0,0,0,0,0,0,0,0,0,0,0,0,0,0,0,0,0,0,0,0,0,0,0,0,0,0,0,0,0,0,0,0,0,0,0,0,0,0,0,0,0,0,0,0,0,0,0,0,0,0,0,0,0,0,0,0,0,0
Saccharina,Pabay_16_9_21_3,Pabay,Mid,3,16_9_2021,16,9,2021,,2,16679,6499,24490,0,0,0,0,0,0,0,0,0,0,1848,0,0,0,1848,0,0,0,0,0,924.137931,0,231,0,231,0,0,0,0,0,0,0,11552,0,0,11551.72414,0,0,0,0,0,0,0,0,0,0,0,0,0,0,0,0,924.137931,0,231,231.0344828,0,0,0,2541,6006.896552,1848.275862,4158.62069,0,0,0,0,0,0,0,0,0,0,0,4558,0,2,0,0,153,51,0,7308,4380,0,2,0,2,34,0,127,16285,0,0,17,395,2,0,0,17,0,0,0,2,0,25,0,0,0,0,0,0,0,4,11688,34,2,25,0,0,0,0,0,0,0,0,0,0,0,0,0,0,0,0,0,0,0,0,0,0,0,0,0,0,0,0,0,0,0,0,0,0,0,0.038467457,0,0,0,0,0,0,0,0,0,0,0,0,0,0,0,0,0,0,0,0,0,0,0,0,0,0,0,0,0,0,0,0,0,0,0,0,0,0,0,0,0,0,0,0,0,0,0,0,0,0,0,0,0,0,0,0,0,0,0,0,0,0,0,0,0,0,0,0,0,0,0,0,0,0,0,0,0,0,0,0,0,0,0,0,0,0,0,0,0,0,0,0,0,0.100015387,0,0,0,0.084628404,0,0,0,0,0,0,0,0,0,0,0,0,0,0,0,0,0,0,0,0,0,0,0,0,0,0,0,0,0,0,0,0,0,0,0,0,0,0,0,0,0,0,0,0,0,0,0,0,0,0,0,0,0,0,0,0,0,0,0,0,0,0,0,0,0,0,0,0,0,0,0,0,0,0,0,0,0,0,0,0,0,0,0,0,0,0,0,0,0,0,0,0,0,0,0,0,0,0,0,0,0,0,0,0,0,0,0,0,0,0,0,0,0,0,0,10.40160025,0,0,0,0,0,0,0,0,0,0,0,0,0,0,0,0,0,0,0,0,0,0,0,0,0,0,0,0,0,0,0,0,0,0,0,0,0,0,0,0,0,0,0,0,0,0,0,0,0,0,0,0,0,0,0,0,0,0,0,0,0,0,0,0,0,0,0,0,0,0,0,0,0,0,0,0,0,0,0,0,0,0,0,0,0,0,0,0,0,0,0,0,0,0,0,0,0,0,0,0,0,0,0,0,0,0,0,0,0,0,0,0,0,0,0,0,0,0,0,0,0,0,0,0,0,0,0,0,0,0,0,0,0,0,0,0,0,0,0,0,0,0,0,0,0,0,0,0,0,0,0,0,0,0,0,0,0,0,0,0,0,0,0,0,0,0,0,0,0,0,0,0,0,0,0,0,0,0,0,0,0,0,0,0,0,0,0,0,0,0,0,0,0,0,0,0,0,0,0,0,0,0,0,0,0,0,0,0,0,0,0,0,0,0,0,0,0,0,0,0,0,0,0,0,0,0,0,0,0,0,0,0,0,0,0,0,0,0,0,0,0,0,0
Saccharina,Pabay_21_12_21_1,Pabay,NE,1,21_12_2021,21,12,2021,,7,685,598.5,1617,0,0,0,0,0,0,0,0,0,0,0,0,0,0,0,0,0,0,0,0,462.0689655,0,0,0,0,0,0,0,0,0,0,0,0,0,0,0,0,0,0,0,0,0,0,0,0,0,0,0,0,0,0,0,0,0,231,0,0,0,0,231,0,0,0,0,0,0,0,693,462,231.0344828,0,0,0,0,2,0,0,0,0,2,34,0,221,390,0,0,0,0,0,0,34,613,0,0,0,72,2,0,0,0,0,0,0,0,0,2,0,0,0,0,0,0,0,0,611,0,0,2,0,0,0,0,0,0,0,0,0,0,0,0,0,0,0,0,0,0,0,0,0,0,0,0,0,0,0,0,0,0,0,0,0,0,0,0,0,0,0,0,0,0,0,0,0,0,0,0,0,0,0,0,0,0,0,0,0,0,0,0,0,0,0,0,0,0,0,0,0,0,0,0,0,0,0,0,0,0,0,0,0,0,0,0,0,0,0,0,0,0,0,0,0,0,0,0,0,0,0,0,0,0,0,0,0,0,0,0,0,0,0,0,0,0,0,0,0,0,0,0,0,0,0,0,0,0,0.501253133,0,0,0,0,0,0,0,0,0,0,0,0,0,0,0,0,0,0,0,0,0,0,0,0,0,0,0,0,0,0,0,0,0,0,0,0,0,0,0,0,0,0,0,0,0,0,0,0,0,0,0,0,0,0,0,0,0,0,0,0,0,0,0,0,0,0,0,0,0,0,0,0,0,0,0,0,0,0,0,0,0,0,0,0,0,0,0,0,0,0,0,0,0,0,0,0,0,0,0,0,0,0,0,0,0,0,0,0,0,0,0,0,0,0,0,0,0,0,0,0,0,0,0,0,0,0,0,0,0,0,0,0,0,0,0,0,0,0,0,0,0,0,0,0,0,0,0,0,0,0,0,0,0,0,0,0,0,0,0,0,0,0,0,0,0,0,0,0,0,0,0,0,0,0,0,0,0,0,0,0,0,0,0,0,0,0,0,0,0,0,0,0,0,0,0,0,0,0,0,0,0,0,0,0,0,0,0,0,0,0,0,0,0,0,0,0,0,0,0,0,0,0,0,0,0,0,0,0,0,0,0,0,0,0,0,0,0,0,0,0,0,0,0,0,0,0,0,0,0,0,0,0,0,0,0,0,0,0,0,0,0,0,0,0,0,0,0,0,0,0,0,0,0,0,0,0,0,0,0,0,0,0,0,0,0,0,0,0,0,0,0,0,0,0,0,0,0,0,0,0,0,0,0,0,0,0,0,0,0,0,0,0,0,0,0,0,0,0,0,0,0,0,0,0,0,0,0,0,0,0,0,0,0,0,0,0,0,0,0,0,0,0,0,0,0,0,0,0,0,0,0,0,0,0,0,0,0,0,0,0,0,0,0,0,0,0
Saccharina,Pabay_21_12_21_2,Pabay,NW,2,21_12_2021,21,12,2021,,7,766,624,3466,0,0,0,0,0,0,0,0,0,0,0,0,0,0,0,0,0,0,0,0,924.137931,0,0,0,0,0,0,0,0,0,0,231.0344828,0,0,0,0,0,0,0,0,0,0,0,0,0,0,0,0,0,0,0,0,231.0344828,231,231,0,0,0,0,924,0,0,0,0,0,0,0,693,693,0,0,0,0,0,2,0,0,0,0,17,34,0,340,289,0,0,0,0,0,0,68,630,0,0,0,136,2,0,0,0,0,0,0,0,0,17,0,0,0,0,0,0,0,0,628,0,0,17,0,0,0,0,0,0,0,0,0,0,0,0,0,0,0,0,0,0,0,0,0,0,0,0,0,0,0,0,0,0,0,0,0,0,0,0.961538462,0,0,0,0,0,0,0,0,0,0,0,0,0,0,0,0,0,0,0,0,0,0,0,0,0,0,0,0,0,0,0,0,0,0,0,0,0,0,0,0,0,0,0,0,0,0,0,0,0,0,0,0,0,0,0,0,0,0,0,0,0,0,0,0,0,0,0,0,0,0,0,0,0,0,0,0,0,0,0,0,0,0,0,0,0,0,0,0,0,0,3.365384615,0,0,0,0,0,0,0,0,0,0,0,0,0,0,0,0,0,0,0,0,0,0,0,0,0,0,0,0,0,0,0,0,0,0,0,0,0,0,0,0.480769231,0,0,0,0,0,0,0,0,0,0,0,0,0,0,0,0,0,0,0,0,0,0,0,0,0,0,0,0,0,0,0,0,0,0,0,0,0,0,0,0,0,0,0,0,0,0,0,0,0,0,0,0,0,0,0,0,0,0,0,0,0,0,0,0,0,0,0,0,0,0,0,0,0,0,0,0,0,0,0,0,0,0,0,0,0,0,0,0,0,0,0,0,0,0,0,0,0,0,0,0,0,0,0,0,0,0,0,0,0,0,0,0,0,0,0,0,0,0,0,0,0,0,0,0,0,0,0,0,0,0,0,0,0,0,0,0,0,0,0,0,0,0,0,0,0,0,0,0,0,0,0,0,0,0,0,0,0,0,0,0,0,0,0,0,0,0,0,0,0,0,0,0,0,0,0,0,0,0,0,0,0,0,0,0,0,0,0,0,0,0,0,0,0,0,0,0,0,0,0,0,0,0,0,0,0,0,0,0,0,0,0,0,0,0,0,0,0,0,0,0,0,0,0,0,0,0,0,0,0,0,0,0,0,0,0,0,0,0,0,0,0,0,0,0,0,0,0,0,0,0,0,0,0,0,0,0,0,0,0,0,0,0,0,0,0,0,0,0,0,0,0,0,0,0,0,0,0,0,0,0,0,0,0,0,0,0,0,0,0,0,0,0,0,0,0,0,0,0,0,0,0,0,0,0,0,0,0,0,0,0,0,0,0,0,0,0,0,0,0,0,0,0,0,0,0,0
Saccharina,Pabay_21_12_21_3,Pabay,Mid,3,21_12_2021,21,12,2021,,7,369,7662.5,2079,0,0,0,0,0,0,0,0,0,0,0,0,0,0,0,0,0,0,0,0,462.0689655,0,0,0,0,0,0,0,0,0,0,0,0,0,0,0,0,0,0,0,0,0,0,0,0,0,0,0,0,0,0,0,0,1617,0,0,0,0,0,0,0,0,0,0,0,0,0,0,0,0,0,0,0,0,0,0,0,0,0,17,34,0,85,221,0,0,0,0,0,0,10,306,0,0,0,63,2,0,0,0,0,0,0,0,0,2,0,0,0,0,0,0,0,0,306,0,0,2,0,0,0,0,0,0,0,0,0,0,0,0,0,0,0,0,0.045676998,0,0,0,0,0,0,0,0,0,0,0,0,0,0,0,0,0,0,0,0,0,0,0,0,0,0,0,0,0,0,0,0,0,0,0,0,0,0,0,0,0,0.019575856,0,0,0,0,0,0,0,0,0,0,0,0,0,0,0,0,0,0,0,0,0,0,0,0,0,0,0,0,0,0,0,0,0,0,0,0,0,0,0,0,0,0,0,0,0,0,0,0,0,0,0,0,0,0,0,0,0,0,0,0,0,0,0,0,0,0,0,0,0,0,0,0,0,0,0,0,0,0,0,0,0,0,0,0,0,0,0,0,0,0,0,0,0,0,0,0,0,0,0,0,0,0,0,0,0,0,0,0,0,0,0,0,0,0,0,0,0,0,0,0,0,0,0,0,0,0,0,0,0,0,0,0,0,0,0,0,0,0,0,0,0,0,0,0,0,0,0,0,0,0,0,0,0,0,0,0,0,0,0,0,0,0,0,0,0,0,0,0,0,0,0,0,0,0,0,0,0,0,0,0,0,0,0,0,0,0,0,0,0,0,0,0,0,0,0,0,0,0,0,0,0,0,0,0,0,0,0,0,0,0,0,0,0,0,0,0,0,0,0,0,0,0,0,0,0,0,0,0,0,0,0,0,0,0,0,0,0,0,0,0,0,0,0,0,0,0,0,0,0,0,0,0,0,0,0,0,0,0,0,0,0,0,0,0,0,0,0,0,0,0,0,0,0,0,0.019575856,0,0,0,0,0,0,0,0,0,0,0,0,0,0,0,0,0,0,0,0,0,0,0,0,0,0,0,0,0,0,0,0,0,0,0,0,0,0,0,0,0,0,0,0,0,0,0,0,0,0,0,0,0,0,0,0,0,0,0,0,0,0,0,0,0,0,0,0,0,0,0,0,0,0,0,0,0,0,0,0,0,0,0,0,0,0,0,0,0,0,0,0,0,0,0,0,0,0,0,0,0,0,0,0,0,0,0,0,0,0,0,0,0,0,0,0,0,0,0,0,0,0,0,0,0,0,0,0,0,0,0,0,0,0,0,0,0,0,0,0,0,0,0,0,0,0,0,0,0,0,0,0,0,0,0,0,0,0,0
Saccharina,Pabay_21_3_22_1,Pabay,NE,1,21_3_2022,21,3,2022,3 blades,13,2659,1093,1797448,0,0,0,0,0,0,0,0,0,0,2772,2772.413793,0,0,0,0,0,0,0,0,924.137931,0,308,0,308,0,0,4929,0,0,0,0,0,0,0,0,0,0,0,0,0,0,0,2464,0,0,0,308,0,0,0,0,924.137931,0,0,0,0,0,0,273853,0,0,0,0,1386207,0,0,125067,1848,92413.7931,15402,15402,0,0,127,0,0,0,1451,331,51,0,306,102,0,2,0,2,0,0,51,1988,0,0,0,670,25,25,0,2,2,127,0,0,0,102,0,2,0,0,0,0,1451,2,407,2,2,229,0,0,0,0,0,0,0,0,0,0,0,0,0,0,0,0,0,0,0,0,0,0,0,0,0,0,0,0,0,0,0,0,0,0,0,0,0,0,0,0,0,0,0,0,0,0,0,0,0,0,0,0,0,0,0,0,0,0,0,0,0,0,0,0,0,0,0,0,0,3.934126258,0,0,0,0,0,0,0,0,0,0,0,0,0,0,0,0,0,0,0,0,0,0,0,0,0,0,0.594693504,0,0,0,0,0,0,0,0,0,0,0,0,0,0,0,0,0,0,0,0,0,0,0,0,0,0,0,0,0,0,0,0,0,0,0,0,0,0,0,0,0,0,0,0,0.960658737,0,0,0,0,0,0,0,0,0,0,0,0,0,0,0,0,0,0,0,0,0,0,0,0,0,0,0,0,0,0,0,0,0,0,0,0,0,0,0,0,0,0,0,0,0,0,0,0,0,0,0,0,0,0,0,0,0,0,0,0,0,0,0,0,0,0,0,0,0,0,0,0,0,0,0,0,0,0,0,0,0,0,0,0,0,0,0,0.091491308,0,0,0,0,0,0,0,0,0,0,0,0,0,0,0,0,0,0,0,0,0,0,0,0,0,0,0,0,0,0,0,0,0,0,0.54894785,0.457456542,0,0,0,0,0,0,0,0,0,0,0,0,0,0,0,0,0,0,0,0,0,0,0,0,0,0,0,0,0,0,0,0,0,0,0,0,0,0,0,0,0,0,0,0,0,0,0,0,0,0,0,0,0,0,0,0,0,0,0,0,0,0,0,0,0,0,0,0,0,0,0,0,0,0,0,0,0,0,0,0,0,0,0,0,0,0,0,0,0,0,0,0,0,0,0,0,0,0,0,0,0,0,0,0,0,0,0,0,0,0,0,0,0,0,20.31107045,0,0,0,0,0,0,0,0,0,0,0,0,0,0,0,0,0,0,0,0,0,0,0,0,0,0,0,0,0,0,0,0,0,0,0,0,0,0,0,0,0,0,0,0,0,0,0,0,0,0,0,0,0,0,0,0,0,0,0,0,0,0,0,0,0,0,0,0,0,0,0,0,0,0,0,0,0,0,0,0,0,0,0,0,0,0,0,0,0,0,0,0,0,0,0,0,0,0,0,0,0,0,0,0,0,0,0,0,0,0,0,0
Saccharina,Pabay_21_3_22_2,Pabay,NW,2,21_3_2022,21,3,2022,8 blades,13,6065,2658,1409772,0,0,0,0,0,0,0,0,0,0,5545,5544.827586,0,0,0,0,0,0,0,0,0,0,0,0,0,0,0,924,0,0,0,1386.206897,3234,1386.206897,1848,0,0,0,0,0,0,0,0,5545,0,0,0,0,0,0,0,0,924.137931,0,462,0,0,0,0,191759,462.0689655,462.0689655,0,0,1085400,0,0,114131,4621,86406.89655,11552,11552,0,2,153,0,0,0,3259,611,25,0,535,407,0,2,0,0,76,0,229,4431,0,0,0,1634,0,0,25,0,0,153,0,0,0,535,0,51,0,0,0,0,3259,0,942,0,2,688,0,0,0,0,0,0,0,0,0,0,0,0,0,0,0,0,0,0,0,0,0,0,0,0,0,0,0,0,0,0,0,0,0,0,0,0,0,0,0,0,0,0,0,0,0,0,0,0,0,0,0,0,0,0,0,0,0,0,0,0,0,0,0,0,0,0,0,0,0,0,0,0,0,0,0,0,0,0,0,0,0,0,0,0,0,0,0,0,0,0,0,0,0,0,0,0,0,0,0,0,0,0,0,0,0,0,0,0,0,0,0,0,0,0,0,0,0,0,0,0,0,0,0,0,0,0,0,0,0,0,0,0,0,0,0,0,0,0,0,0,0,2.91572611,0,0,0,0,0,0,0,0,0,0,0,0,0,0,0,0,0,0,2.878103837,0,0.808878856,0,0,0,0,0,0,0,0,0,0,0,0,0,0,0,0,0,0,0,0,0,0,0,0,0,0,0,0,0,0,0,0,0,0,0,0,0,0,0,0,0,0,0,0,0,0,0,0,0,0,0,0,0,0,0,0,0,0,0,0,0,0,0,0,0,0,0,0,0,0,0,0,0,0,0,0,0,0,0,0,0,0,0,0,0,0,0,0,0,0,0,0,0,0,0,0,0,0,0,0,0,1.918735892,0,0,0,0,0,0,0,0,0,0,0,0,0,0,0,0,0,0,0,0,0,0,0,0,0,0,0,0,0,0,0,0,0,0,0,0,0,0,0,0,0,0,0,0,0,0,0,0,0,0,0,0,0,0,0,0,0,0,0,0,0,0,0,0,0,0,0,0,0,0,0,0,0,0,0,0,0,0,0,0,0,0,0,0,0,0,0,0,0,0,0,2.445447705,0,0,0,0,0,0,0,0,0,0,0,0,0,0,0,0,0,0,0,0,0,0,0,0,0,0,0,0,0,0,0,0,0,0,0,0,0,0,0,0,0,0,0,0,0,0,0,0,0,0,0,0,0,0,0,0,0,0,0,0,0,0,0,0,0,0,0,0,0,0,0,0,0,0,0,0,0,0,0,0,0,0,0,0,0,0,0,0,0,0,0,0,0,0,0,0,0,0,0,0,0,0,0,0,0,0,0,0,0,0,0,0,0,0,0,0,0,0,0,0,0,0,0,0,0,0,0,0,0,0,0,0,0,0,0,0
Saccharina,Pabay_21_3_22_3,Pabay,Mid,3,21_3_2022,21,3,2022,5 blades,13,5050,2908.5,1739690,0,0,0,0,0,0,0,0,0,0,16172,16172.41379,0,0,0,0,0,0,0,0,1848.275862,0,462,0,462,0,0,4621,0,0,0,0,0,0,0,0,0,0,0,0,0,0,0,924,0,0,0,0,0,0,0,0,462.0689655,0,0,0,0,0,0,327607,462.0689655,0,462.0689655,0,1178276,0,0,208855,6007,131689.6552,35579,35579,2,25,280,0,51,0,2878,611,76,0,458,204,0,25,0,2,25,0,51,3847,0,0,0,1203,25,0,0,2,2,102,0,0,0,229,0,25,0,0,0,0,2878,2,662,2,28,331,0,0,0,0,0,0,0,0,0,0,0,0,0,0,0,0,0,0,0,0,0,0,0,0,0,0,0,0,0,0,0,0,0,0,0,0,0,0,0,0,0,0,0,0,0,0,0,0,0,0,0,0,0,0,0,0,0,0,0,0,0,0,0,0,0,0,0,0,0,0.53292075,0,0,0,0,0,0,0,0,0,0,0,0,0,0,0,0,0,0,0,0,0,0,0,0,0,0,0.154718927,0,0,0,0,0,0,0,0,0,0,0,0,0,0,0,0,0,0,0,0,0,0,0,0,0,0,0,0,0,0.257864879,0,0,0,0,0,0,0,0,0,0,0,0,0,0.240673887,0,0,0,0,0,0,0,0,0,0,0,0,0,0,0,0,0,0,0,0,0,4.813477738,0,0,0,0,0,0,0,0,0,0,0,0,0,0,0,0,0,0,0,0,0,0,0,0,0,0,0,0,0,0,0,0,0,0,0,0,0,0,0,0,0,0,0,0,0,0,0,0,0,0,0,0,0,0,0,0,0,0,0,0,0,0,0,0,0,0,0,0,0,0,0.309437855,0,0,0,0,0,0,0,0,0,0,0,0,0,0,0,0,0,0,0,0,0,0,0,0,0,0.395392814,0,0,0,0,0.80797662,0,0,0,0,0,0,0.464156782,0.36101083,0,0,0.292246863,0,0,0,0,0,0,0,0,0,0,0,0.068763968,0,0,0,0,0,0,0,0,0,0,0,0,0,0,0,0,0,0,0,0,0,0,0,0,0,0,0,0,0,0,0,0,0,0,0,0,0,0,0,0,0,0,0,0,0,0,0,0,0,0,0,0,0,0,0,0,0,0,0.051572976,0,0,0,0,0,0,0,0,0,0,0,0,0,0,0,0,0,0,0,0,0,0,0,0,0,0,0,0,0,0,0,0,0,25.04727523,0,0,0,0,0,0,0,0,0,0,0,0,0,0,0,0,0,0,0,0,0,0,0,0,0,0,0,0,0,0,0,0,0,0,0,0,0,0,0,0,0,0,0,0,0,0,0,0,0,0,0,0,0,0,0,0,0,0,0,0,0,0,0,0,0,0,0,0,0,0,0,0,0,0,0,0,0,0,0,0,0,0,0,0,0,0,0,0,0,0,0,0,0,0,0,0,0,0,0,0,0,0,0,0,0,0,0,0,0,0,0,0
Saccharina,Pabay_22_5_22_1,Pabay,NE,1,22_5_2022,22,5,2022,,16,18066,5717,,,,,,,,,,,,,,,,,,,,,,,,,,,,,,,,,,,,,,,,,,,,,,,,,,,,,,,,,,,,,,,,,,,,,,,,,,0,0,119,0,68,497,17,900,0,0,6553,9354,0,266,0,51,0,0,204,16590,0,0,0,1476,2,0,0,0,0,2,0,0,0,34,0,0,0,0,0,0,514,51,15907,2,266,36,2,0,0,0,0,0,0,0,0,0,0,0,0,0,0,0,0,0,0,0,0,0,0,0,0,0,0,0,0,0,0,0,0,0,0,0,0,0,0,0,0,0,0,0,0,0,0,0,0,0,0,0,0,0,0,0,0,0,0,0,0,0,0,0,0,0,0,0,0,0,0,0,0,0,0,0,0,0,0,0,0,0,0,0,0,0,0,0,0,0,0,0,0,0,0,0,0,0,0,0,0,0,0,0,0,0,0,0,0,0,0,0,0,0,0,0,0,0.026237537,0,0,0,0,0.008745846,0,0,0,0,0,0,0,0,0,0,0,0,0,0,0,0,0,0,0,0,0,0,0,0,0,0,0,0,0,0,0,0,0,0,0,0,0,0,0,0,0,0,0,0,0,0,0,0,0,0,0,0,0,0,0,0,0,0,0,0,0,0,0,0,0,0,0,0,0,0,0,0,0,0,0,0,0,0,0,0,0,0,0,0,0,0,0,0,0,0,0,0,0,0,0,0,0,0,0,0,0,0,0,0,0,0,0,0,0,0,0,0,0,0,0,0,0,0,0,0,0,0,0,0,0,0,0,0,0,0,0,0,0,0,0,0,0,0,0,0,0,0,0,0,0,0,0,0,0,0,0,0,0,0,0,0,0,0,0,0,0,0,0,0,0,0,0,0,0,0,0,0,0,0,0,0,0,0,0,0,0,0,0,0,0,0,0,0,0,0,0,0,0,0,0,0,0,0,0,0,0,0,0,0,0,0,0,0,0,0,0,0,0,0,0,0,0,0,0,0,0,0,0,0,0,0,0,0,0,0,0,0,0,0,0,0,0,0,0,0,0,0,0,0,0,0,0,0,0,0,0,0,0,0,0,0,0,2.273919888,0,0,0,0,0,0,0,0,0,0,0,0,0,0,0,0,0,0,0,0,0,0,0,0,0,0,0,0,0,0,0,0,0,0,0,0,0,0,0,0,0,0,0,0,0,0,0,0,0,0,0,0,0,0,0,0,0,0,0,0,0,0,0,0,0,0,0,0,0,0,0,0,0,0,0,0,0,0,0,0,0,0,0,0,0,0,0,0,0,0,0,0,0,0,0,0,0,0,0,0,0,0,0,0,0,0,0,0,0,0,0,0
Saccharina,Pabay_22_5_22_2,Pabay,NW,2,22_5_2022,22,5,2022,,16,16045,46114.5,,,,,,,,,,,,,,,,,,,,,,,,,,,,,,,,,,,,,,,,,,,,,,,,,,,,,,,,,,,,,,,,,,,,,,,,,,2,0,68,0,0,85,0,390,0,0,6740,8403,0,85,0,68,0,0,153,15364,0,0,0,681,0,0,0,0,0,0,0,0,0,51,0,0,0,0,0,0,85,68,15143,0,87,51,0,0,0,0,0,0,0,0,0,0,0,0,0,0,0,0,0,0,0,0,0,0.003252773,0,0,0,0,0,0,0,0.053128625,0,0.011926834,0,0,0,0.221188563,0,0,0,0.06505546,0,0,0,0,0,0,1.683852151,0,0,0,0,0,0,0,0,0,0,0.190829349,0,0,0,0,0,0,0,0.112762797,0.01409535,0.210345987,0,0.011926834,0,0,0.173481226,0.168059938,0,0,0,0,0.044454564,0,0,0,0.119268343,0.085656355,0,0,0,0,0,0,0,0,0,0,0,0,0,0,0,0,0,0,0,0,0,0,0,0,0,0,0,0,0,0,0,0,0,0,0,0,0,0,0,0,0,0,8.76405469,0.222272821,0,0,0.686335101,0,0,0,0,0,0,0,0,0,0,0,0,0,0,0,0,0.10192022,0,0,0,0,0,0,0,0,0,0,0,0,0.304676403,0,0,0,0,0,0,0,0,0,0.224441336,0,0.165891422,0.123605374,0,0,0,0,0,0,0,0,0.004337031,0,0,0,0,0,0,0,0,0,0,0,0,0,0,0,0,0,0.026022184,0,0,0,0,0,0,0,0,0,0,0,0,0,0,0,0,0.007589804,0,0,0.005421288,0.005421288,0,0,0,0,0,0,0,0,0,0,0,0,0,0,0,0,0,0,0,0,0,0,0,0,0,0,0,0,0.25046352,0,0,0,0,0,0,0,0.361057802,0,0,0.095414674,0,0.200587668,0,0,0,0,0,0,0,0,0,0,0,0,0,0,0,0,0,0,0,0,0,0,0,0,0,0,0,0,0,0,0,0.043370307,0,0,0,0,0,0,0,0,0,0,0,0,0,0,0,0.053128625,0,0,0,0,0,0,0,0,0,0,0,0,0,0,0,0,0,0,0,0,0,0,0,0,0.200587668,0,0.762233137,0.701514708,0.13444795,0.200587668,0,0,0,0,0,0,0,0,0,0,0,0,0,0,0,0,0,0.313350465,0,0,0,0,0,0,0,0,0.206008956,0,0,0.027106442,0,0,0,0,0,0,0,0,0.092161901,0,0,0.274317189,0,0,0,0,0,0,0.103004478,0,0,0,0,0,0,0,0,0,0,0,0,0,0,0,0,0,0,0,0,0,0,0,0,0,0,0,0,0,0,0,0,0,0,0,0,0,0,0,0,0,0,0,0,0,0,0,0,0,0,0,0,0,0.172396968,0,0,0,0,0,0,0,0,0,0,0,0,0,0,0,0,0,0,0,0,0,0,0,0,0,0,0,0,0,0,0,0,0,0,0,0,0,0,0,0,0,0,0,0,0,0,0.031443472,0.577909334
Saccharina,Pabay_22_5_22_3,Pabay,Mid,3,22_5_2022,22,5,2022,,16,21498,3883.5,,,,,,,,,,,,,,,,,,,,,,,,,,,,,,,,,,,,,,,,,,,,,,,,,,,,,,,,,,,,,,,,,,,,,,,,,,20,20,204,0,2,143,0,224,0,0,9351,11021,0,81,0,183,0,0,163,20903,0,0,0,595,0,0,0,0,0,0,0,2,0,81,0,0,0,0,0,0,143,185,20372,2,102,81,2,0,0,0,0,0,0,0,0,0,0,0,0,0,0,0,0,0,0,0,0,0,0,0,0,0,0,0,0,0,0,0,0,0,0,0,0,0,0,0,0,0,0,0,0,0,0,0,0,0,0,0,0,0,0,0,0,0,0,0,0,0,0,0,0,0,0,0,0,0,0,0,0,0,0,0,0,0,0,0,0,0,0,0,0,0,0,0,0,0,0,0,0,0,0,0,0,0,0.29612463,0,0,0,0,0,0,0,0,0,0,0,0,0,0,0,0,0,0,0,0,0,0,0,0,0,0,0,0.386249517,0,0,0,0,0,0,0,0,0,0,0,0,0,0,0,0,0,0,0,0,0,0,0,0,0,0,0,0,0,0,0,0,0,0.308999614,0,0,0,0,0,0,0,0,0,0,0,0,0,0,0,0,0,0,0,0,0,0,0,0,0,0,0,0,0,0,0,0,0,0,0,0,0,0,0,0,0,0,0,0,0,0,0,0,0,0,0,0,0,0,0,0,0,0,0,0,0,0,0,0,0,0,0,0,0,0,0,0,0,0,0,0,0,0,0,0,0,0,0,0,0,0,0,0,0,0,0,0,0,0,0,0,0,0,0,0,0,0,0,0,0,0,0,0,0,0,0,0,0,0,0,0,0,0,0,0,0,0,0,0,0,0,0,0,0,0,0,0,0,0,0,0,0,0,0,0,0,0,0,0,0,0,0,0,0,0,0,0,0,0,0,0,0,0,0,0,0,0,0,0,0,0,0,0,0,0,0,0,0,0,0,0,0,0.141624823,0,0,0,0,0,0,0,0,0,0,0,0,0,0,0,0,0,0,0,0,0,0,0,0,0,0,0,0,0,0,0,0,0,0,0,0,0,0,0,0,0,0,0,0,0,0,0,0,0,0,0,0,0,0,0,0,0,0,0,0,0,0,0,0,0,0,0,0,0,0,0,0,0,0,0,0,0,0,0,0,0,0,0,0,0,0,0,0,0,0,0,0,0,0,0,0,0,0,0,0,0,0,0,0,0,0,0,0,0,0,0,0,0,0,0,0,0,0,0,0,0,0,0,0,0,0,0,0,0,0,0,0,0,0,0,0,0,0,0,0,0,0,0,0,0,0,0,0,0,0,0,0,0,0
Saccharina,Pabay_25_2_22_1,Pabay,NE,1,25_2_2022,25,2,2022,2 blades,10,689,7907,13631,0,462,0,0,231,0,0,0,0,0,1617,0,0,0,1617,0,1155.172414,0,0,231.0344828,1155.172414,0,693,0,693,0,0,0,0,0,0,0,0,0,0,0,0,0,0,0,0,0,462,0,0,0,0,0,0,0,0,0,0,231,0,0,0,0,0,6007,0,0,0,0,0,0,0,1848,924,924.137931,0,0,0,0,17,0,0,0,2,51,17,0,424,170,0,0,0,0,2,0,2,615,0,0,0,74,2,0,0,0,2,0,0,0,0,2,0,0,0,0,0,0,2,0,594,0,0,2,0,0,0,0,0,0,0,0,0,0,0,0,0,0,0,0,0,0,0,0,0,0,0,0,0,0,0,0,0,0,0,0,0,0,0,6.06424687,0,0,0,0,0,0,0,0,0,0,0,0,0,0,0,0,0,0,0,0,0,0,0,0,0,0,0,0,0,0,0,0,0.031617554,0,0,0,0,0,0,0,0,0,0,0,0,0,0,0,0,0,0,0,0,0,0,0,0,0,0,0,0,0,0,0,0,0,0,0,0,0,0,0,0,0,0,0,0,0,0,0,0,0,0,0,0,0,0,0,0,0,0,0,0,0,0,0,0,0,0,0,0,0,0,0,0,0,0,0,0,0,0,0,0,0,0,0,0,0,0,0,0,0,0,0,0,0,0.031617554,0,0,0,0,0,0,0,0,0,0,0,0,0,0,0,0,0,0,0,0,0,0,0,0,0,0,0,0,0,0,0,0,0,0,0,0,0,0,0,0,0,0,0,0,0,0,0,0,0,0,0,0,0,0,0,0,0,0,0,0,0,0,0,0,0,0,0,0,0,0,0,0,0,0,0,0,0,0,0,0,0,0,0,0,0,0,0,0,0,0,0,0,0,0,0,0,0,0,0,0,0,0,0,0,0,0,0,0,0,0,0,0,0,0,0,0,0,0,0,0,0,0,0,0,0,0,0,0,0,0,0,0,0,0,0,0,0,0,0,0,0,0,0,0,0,0,0,0,0,0,0,0,0,0,0,0,0,0.145440749,0,0,0,0,0,0,0,0,0,0,0,0,0,0,0,0,0,0,0,0,0,0,0,0,0,0,0,0,0,0,0,0,0,0,0,0,0,0,0,0,0,0,0,0,0,0,0,0,0,0,0,0,0,0,0,0,0,0,0,9.554824839,0,0,0,0,0,0,0,0,0,0,0,0,0,0,0,0,0,0,0,0,0,0,0,0,0,0,0,0,0,0,0,0,0,0,0,0,0,0,0,0,0,0,0,0,0,0,0,0,0,0,0,0,0,0,0,0,0,0,0,0,0,0,0,0,0,0,0,0,0,0,0,0,0,0,0,0,0,0,0,0,0,0,0,0,0,0,0,0,0,0,0,0,0,0,0,0,0,0,0,0,0,0,0,0,0,0,0,0,0,0,0,0
Saccharina,Pabay_25_2_22_2,Pabay,NW,2,25_2_2022,25,2,2022,,10,993,12847.5,17328,0,231,0,0,231,0,0,0,0,0,1386,0,0,1386,0,0,462.0689655,0,0,231.0344828,924.137931,0,231,231.0344828,0,0,0,0,231,0,0,0,0,0,0,0,0,0,0,0,0,0,231,0,0,0,0,0,0,0,0,0,0,462,231,0,0,0,0,6931,0,0,0,0,4390,0,0,1386,231,1155.172414,0,0,0,0,2,0,0,0,2,102,2,0,543,170,0,2,0,0,0,0,102,717,0,0,0,276,0,0,0,0,0,0,0,0,0,68,0,0,0,0,0,0,2,0,713,0,2,68,0,0,0,0,0,0,0,0,0,0,0,0,0,0,0,0,0,0,0,0.015567231,0,0,0,0,0,0.019459039,0,0,0,0,0,0,0,0,0,0.179023156,0.015567231,0,0,0,0,0,0,0,0,0,0,0,0,0,0,0,0,0,0,0,0,0,0,0,0,0,0,0,0,0,0,0,0,0,0,0,0,0,0,0,0,0,0,0,0,0,0,0,0,0,0,0,0,0,0,0,0,0,0,0,0,0,0,0,0,0,0,0,0,0,0,0,0,0,0,0,0,0,0,0,0,0,0,0,0,0,0,0,0,0,0,0,0,0,0,0.058377116,0,0,0,0,0.848414088,0,0,0,0,0,0.315236427,0,0,0,0,0,0,0,0,0,0,0,0,0,0,0,0,0,0,0,0,0,0,0,0,0,0,0,0,0,0,0,0,0,0,0,0,0,0,0,0,0,0,0,0,0,0,0,0,0,0,0.023350846,0,0,0,0,0,0,0,0,0,0,0,0,0,0,0,0,0,0,0,0,0,0,0,0,0,0,0,0,0,0,0,0,0,0,0,0,0,0,0,0,0,0,0,0,0,0,0,0,0,0,0,0,0,0,0,0,0,0,0,0,0,0,0,0,0,0,0,0,0,0,0,0,0,0,0,0,0,0,0,0,0,0,0,0,0,0,0,0,0,0,0,0,0,0,0,0,0,0,0,0,0,0,0,0,0,0,0,0,0,0,0,0,0,0,0,0,0,0,0,0,0,0,0,0,0,0,0,0,0,0,0,0,0,0,0,0,0,0,0,0,0,0,0,0,0,0,0,0,0,0,0,0,0,0,0,0,0,0,0,0,0,0,0.416423429,0,0,0,0,0,0,0,0,0,0,0,0,0,0,0,0,0,0,0,0,0,0,0,0,0,0,0,0,0,0,0,0,0,0,0,0,0,0,0,0,0,0,0,0,0,0,0,0,0,0,0,0,0,0,0,0,0,0,0,0,0,0,0,0,0,0,0,0,0,0,0,0,0,0,0,0,0,0,0,0,0,0,0,0,0,0,0,0,0,0,0,0,0,0,0,0,0,0,0,0,0,0,0,0,0,0,0,0,0,0,0,0,0,0,0,0,0,0,0,0,0,0,0,0,0,0,0,0,0,0,0,0,0,0,0,0
Saccharina,Pabay_25_2_22_3,Pabay,Mid,3,25_2_2022,25,2,2022,,10,855,6863.5,8548,0,231,0,0,0,0,0,0,0,0,0,0,0,0,0,0,462.0689655,0,0,0,231.0344828,0,693,0,693,0,0,0,0,0,0,0,0,0,0,0,0,0,0,0,0,0,231,0,0,0,0,1386,0,0,0,0,0,0,0,0,0,0,0,3928,0,0,0,0,1617,0,0,1386,693,693.1034483,0,0,0,0,0,0,0,0,2,85,17,0,543,136,0,2,0,0,17,0,34,698,0,0,0,157,2,2,0,0,2,0,0,0,0,17,0,0,0,0,0,0,2,0,679,0,2,17,0,0,0,0,0,0,0,0,0,0,0,0,0,0,0,0,0,0,0,0,0,0,0,0,0,0,0,0,0,0,0,0,0,0,0,1.005317986,0,0,0,0,0,0,0,0,0,0,0,0,0,0,0,0,0,0,0,0,0,0,0,0,0,0,0,0,0,0,0,0,0,0,0,0,0,0,0,0,0,0,0,0,0,0,0,0,0,0,0,0,0,0,0,0,0,0,0,0,0,0,0,0,0,0,0,0,0,0,0,0,0,0,0,0,0,0,0,0,0,0,0,0,0,0,0,0,0,0,0,0,0,0,0,0,0,0,0,0,0,0,0,0,0,0,0,0,0,0,0,0,0,0,0,0,0,0,0,0,0,0,0,0,0.029139652,0,0.058279304,0,0,0,0,0,0,0,0,0,0,0,0,0,0,0,0,0,0,0,0,0,0,0,0,0,0,0,0,0,0,0,0,0,0,0,0,0,0,0,0,0,0,0,0,0,0,0,0,0,0,0,0,0,0,0,0,0,0,0,0,0,0,0,0,0,0,0,0,0,0,0,0,0,0,0,0,0,0,0,0,0,0,0,0,0,0,0,0,0,0,0,0,0,0,0,0,0,0,0,0,0,0,0,0,0,0,0,0,0,0,0,0,0,0,0,0,0,0,0,0,0,0,0,0,0,0,0,0,0,0,0,0,0,0,0,0,0,0,0,0,0,0,0,0,0,0,0,0,0,0,0,0,0,0,0,0,0,0,0,0,0,0,0,0,0,0,0,0,0,0,0,0,0,0,0,0.080134042,0,0,0,0,0,0,0,0,0,0,0,0,0,0,0,0,0,0,0,0,0,0,0,0,0,0,0,0,0,0,0,0,0,0,0,0,0,0,0.036424565,0,0,0.131128433,0,0,0,0,0,0,0,0,0,0,0,0,0,0,0,0,0,0,0,0,0,0,0,0,0,0,0,0,0,0,0,0,0,0,0,0,0,0,0,0,0,0,0,0,0,0,0,0,0,0,0,0,0,0,0,0,0,0,0,0,0,0,0,0,0,0,0,0,0,0,0,0,0,0,0,0,0,0,0,0,0,0,0,0,0,0,0,0,0,0,0,0,0,0,0,0,0,0,0,0,0,0,0,0,0,0,0,0,0,0,0,0
Saccharina,Pabay_29_11_21_1,Pabay,NE,1,29_11_2021,29,11,2021,,5,519,10058.75,1155,0,0,0,0,0,0,0,0,0,0,0,0,0,0,0,0,0,231,0,231.0344828,231.0344828,0,0,0,0,0,0,0,0,0,0,0,0,0,0,0,0,0,0,0,0,0,0,0,0,0,0,231,0,0,0,0,0,0,0,0,0,0,0,0,0,0,0,0,0,0,0,462,0,0,0,462,0,0,2,34,0,0,0,51,2,0,187,238,0,0,0,0,0,0,2,426,0,2,0,93,0,0,0,0,0,0,0,0,0,2,0,0,0,0,0,0,0,0,424,2,0,2,0,0,0,0,0,0,0,0.029824779,0,0,0,0,0.019883186,0,0,0,0,0,0,0,0,0,0,0,0,0.134211507,0,0,0,0,0,0,0,0,0,5.293898347,0,0,0,0.027339381,0.062134957,0,0.019883186,0,0,0,0.07207655,0,0,0,0,0,0,0.079532745,0,0,0,0,0,0,0,0.037280974,0,0,0.074561949,0,0,0,0.104386728,0,0,0.390207531,0,0,0,0,0,0,0,0,0,0,0,0,0,0,0,0,0,0,0,0,0,0.084503542,0,0.074561949,0,0,0,0,0,0,0.059649559,0,0,0,0.027339381,0,0,0,0,0,0,0,0,0,0,0,0,0,0,0,0,0,0,0,0.208773456,0,0,2.430719523,0,0.382751336,0.810239841,0,0.221200447,0.820181434,0,0,0,0.288306201,0.415061514,0,0,0,0,0,0,0,0.084503542,0,0,0,0.062134957,0.057164161,0,0,0,0,0,0,0.357897353,0,0.012426991,0,0,0,0,0.193861066,0,0,0,0,0,0,0,0,0,0,0,0,0,0,0,0,0,0,0,0.121784516,0,0,0,0,0,0.089474338,0,0,0,0,0,0,0,0,0,0,0,0,0,0.044737169,0.044737169,0,0,0,0.109357525,0,0,0,0,0,0,0,0,0,0.007456195,0,0,0,0.007456195,0.004970797,0,0,0,0,0,11.53970424,0,0.042251771,0,0,0.047222567,0.017397788,0,0,0.019883186,0,0,0,0,0,0.01491239,0,0,0.049707966,0,0,0,0.032310178,0,0,0,0.71082391,0.069591152,0.166521685,0,0,0,0.151609295,0,0.313160184,0,0,0,0,0,0,0,0,0,0.032310178,0.032310178,0,0,0,0,0,0,0,0.009941593,0,0,0,0,0,0,0,0,0,0,0.042251771,0,0,0,0,0,0,0,0,0,0,0,0,0,0,0.169007083,0,0,0,0,0,0,0,0,0,0,0,0,0,0,0,0.037280974,0,0,0,0,0,0,0,0,0.10190133,0.146638499,0.131726109,0,0,0,0,0,0,0,0,0,0,0.022368585,0.01491239,0.009941593,0,0,0,0.541816826,0,0,0,0,0,0,0.064620355,0,0,0,0.146638499,0,0,0,0,0,0,0,0.017397788,0,0,0,0,0.019883186,0,0.062134957,0,0.154094694,0,0.017397788,0,0,0,0,0,0,0,0,0,0,0,0.039766373,0,0,0,0,0,0,0,0,0,0,0,0,0,0,0,0,0,0,0,0,0,0,0,0,0,0,0,0,0,0.116813719,0,0,0,0,0.037280974,0,0,0,0,0,0.07207655,0,0,0,0,0,0,0,0,0,0,0,0,0,0.069591152,0,0,0,0,0,0,0,0.044737169,0,0,0,0,0,0,0,0,0,0,0,0,0,0,0,0,0,0,0,0,0,0,0,0,0.201317261,0.268423015,0,0.052193364,0.022368585,0,0
Saccharina,Pabay_29_11_21_2,Pabay,NW,2,29_11_2021,29,11,2021,,5,678,4580,3697,0,0,0,0,0,0,0,0,0,0,231,0,0,0,231,0,0,0,0,462.0689655,1617.241379,0,0,0,0,0,0,0,0,0,0,0,0,0,0,0,0,0,0,0,0,0,0,0,0,0,0,231,0,231,231,0,0,0,0,0,231,0,231,462,0,0,0,0,0,0,0,462,462,0,0,0,0,0,18,26,0,0,9,43,27,0,204,306,0,0,0,0,17,0,2,553,0,1,0,125,1,1,0,0,1,0,0,0,0,27,0,0,0,0,0,0,9,0,509,1,0,27,0,0,0,0,0,0,0,0.131004367,0,0,0,0,0,0,0,0,0,0,0,0,0,0,0,0,0,0,0,0,0,0,0,0,0,0,0,3.024017467,0,0,0,0.120087336,0,0,0,0,0,0,0,0,0,0,0,0,0,0,0,0,0,0,0,0,0,0,0,0,0.327510917,0,0,0,0.087336245,0,0,0.163755459,0,0,0,0,0,0,0,0,0,0,0,0,0,0,0,0,0,0,0,0,0,0,0,0,0,0,0,0,0,0,0.262008734,0,0,0,0,0,0,0,0,0,0,0,0,0,0,0,0,0,0,0,0,0,0,0,0,0,0,3.613537118,0,0,0,0,0.600436681,1.080786026,0,0,0,0.796943231,1.244541485,0,0,0,0,0,0,0,0,0,0,0,0,0,0,0,0,0,0,0,0.458515284,0,0.054585153,0,0,0,0,0,0,0,0,0,0,0,0,0,0,0,0,0,0,0,0,0,0,0,0,0,0,0,0,0,0,0,0,0,0,0,0,0,0,0,0,0,0,0,0,0,0.19650655,0,0,0,0,0,0,0,0,0,0,0,0,0,0,0,0,0,0.032751092,0,0,0,0,0,0,3.515283843,0,0,0,0,0.207423581,0.032751092,0,0,0,0,0,0,0,0,0,0,0,0,0,0,0,0,0,0,0,0,0.305676856,0.109170306,0,0,0,0.403930131,0,0,0,0,0,0,0,0,0,0,0,0.141921397,0.141921397,0,0,0,0,0,0,0,0,0,0,0,0,0,0,0,0,0,0,0.18558952,0,0,0,0,0,0,0,0,0,0,0,0,0,0,0,0,0,0,0,0,0,0,0,0,0,0,0,0,0,0,0,0,0,0,0,0,0,0,0,0.447598253,0,0.57860262,0,0,0,0,0,0,0,0,0,0,0,0,0.043668122,0,0,0,0.895196507,0,0,0,0,0,0,0,0,0,0,0,0,0,0,0,0,0,0,0,0,0,0,0,0.087336245,0,0.272925764,0,0.131004367,0,0.076419214,0,0,0,0,0,0,0,0,0,0,0,0,0,0,0,0,0,0,0,0,0,0,0,0,0,0,0,0,0,0,0,0,0,0,0,0,0,0,0,0,0,0,0,0,0,0,0,0,0,0,0,0,0.316593886,0,0,0,0,0,0,0,0,0,0,0,0,0,0.305676856,0,0,0,0,0,0,0,0,0,0,0,0,0,0,0,0,0,0,0,0,0,0,0,0,0,0,0,0,0,0,0,0,0.884279476,0,0,0,0.098253275,0,0
Saccharina,Pabay_29_11_21_3,Pabay,Mid,3,29_11_2021,29,11,2021,,5,836,15537.5,2541,0,0,0,0,0,0,0,0,0,0,0,0,0,0,0,0,0,0,0,693.1034483,693.1034483,0,0,0,0,0,0,462,0,0,0,0,0,0,0,0,0,0,0,0,0,0,0,0,0,0,0,462,0,0,0,0,0,0,0,0,0,0,0,231,0,0,0,0,0,0,0,462,0,0,0,462,0,0,34,17,0,0,17,34,51,0,221,373,0,0,0,0,34,0,2,679,0,0,0,157,2,2,0,0,2,0,0,0,0,51,0,0,0,0,0,0,17,0,594,0,0,51,0,0,0,0,0,0,0,0,0,0,0,0,0.025744167,0,0,0,0,0,0,0,0,0,0,0,0,0.17377313,0,0,0,0,0,0,0,0,0,5.962992759,0,0,0,0,0.080450523,0,0.025744167,0,0,0,0.093322607,0,0,0,0,0,0,0.102976669,0,0,0,0,0,0,0,0.048270314,0,0,0,0,0,0,0.109412711,0,0,0.45695897,0,0,0,0,0,0,0,0,0,0,0,0,0,0,0,0,0,0,0,0,0,0.109412711,0,0.096540628,0,0,0,0,0,0,0,0,0,0,0.03539823,0,0,0,0,0,0,0,0,0,0,0,0,0,0,0,0,0,0,0,0.270313757,0,0,2.082059533,0,0.495575221,1.049074819,0,0.109412711,0.743362832,0,0,0,0.138374899,0.170555109,0,0,0,0,0,0,0,0.109412711,0,0,0,0.080450523,0.074014481,0,0,0,0,0,0,0.328238134,0,0,0,0,0,0,0.251005632,0,0,0,0,0,0,0,0,0,0,0,0,0,0,0,0,0,0,0,0.157683025,0,0,0,0,0,0.115848753,0,0,0,0,0,0,0,0,0,0,0,0,0,0.057924377,0,0,0,0,0.14159292,0,0,0,0,0,0,0,0,0,0.009654063,0,0,0,0,0.006436042,0,0,0,0,0,13.90506838,0,0.054706356,0,0,0,0.012872084,0,0,0.025744167,0,0,0,0,0,0.019308126,0,0,0.064360418,0,0,0,0.041834272,0,0,0,0.920353982,0,0.183427192,0,0,0,0.077232502,0,0.405470636,0,0,0,0,0,0,0,0,0,0,0,0,0,0,0,0,0,0,0.012872084,0,0,0,0,0,0,0,0,0,0,0,0,0,0,0,0,0,0,0,0,0,0,0,0,0,0.218825422,0,0,0,0,0,0,0,0,0,0,0,0,0,0,0,0.048270314,0,0,0,0,0,0,0,0,0,0.189863234,0,0,0,0,0,0,0,0,0,0,0,0.028962188,0.019308126,0,0,0,0,0.437650845,0,0,0,0,0,0,0.083668544,0,0,0,0.189863234,0,0,0,0,0,0,0,0.022526146,0,0,0,0,0,0,0,0,0.160901046,0,0,0,0,0,0,0,0,0,0,0,0,0,0.051488335,0,0,0,0,0,0,0,0,0,0,0,0,0,0,0,0,0,0,0,0,0,0,0,0,0,0,0,0,0,0.151246983,0,0,0,0,0.048270314,0,0,0,0,0,0,0,0,0,0,0,0,0,0,0,0,0,0,0,0,0,0,0,0,0,0,0,0.057924377,0,0,0,0,0,0,0,0,0,0,0,0,0,0,0,0,0,0,0,0,0,0,0,0,0,0.347546259,0,0.067578439,0,0,0
Saccharina,Pabay_30_1_22_1,Pabay,NE,1,30_1_2022,30,1,2022,"one blade, clean",9,206,,,,,,,,,,,,,,,,,,,,,,,,,,,,,,,,,,,,,,,,,,,,,,,,,,,,,,,,,,,,,,,,,,,,,,,,,,,0,0,0,0,0,0,0,17,17,0,34,68,0,0,0,0,17,0,2,119,0,0,0,87,0,0,0,0,0,0,0,0,0,51,0,0,0,0,0,0,0,0,102,0,0,51,0,,,,,,,,,,,,,,,,,,,,,,,,,,,,,,,,,,,,,,,,,,,,,,,,,,,,,,,,,,,,,,,,,,,,,,,,,,,,,,,,,,,,,,,,,,,,,,,,,,,,,,,,,,,,,,,,,,,,,,,,,,,,,,,,,,,,,,,,,,,,,,,,,,,,,,,,,,,,,,,,,,,,,,,,,,,,,,,,,,,,,,,,,,,,,,,,,,,,,,,,,,,,,,,,,,,,,,,,,,,,,,,,,,,,,,,,,,,,,,,,,,,,,,,,,,,,,,,,,,,,,,,,,,,,,,,,,,,,,,,,,,,,,,,,,,,,,,,,,,,,,,,,,,,,,,,,,,,,,,,,,,,,,,,,,,,,,,,,,,,,,,,,,,,,,,,,,,,,,,,,,,,,,,,,,,,,,,,,,,,,,,,,,,,,,,,,,,,,,,,,,,,,,,,,,,,,,,,,,,,,,,,,,,,,,,,,,,,,,,,,,,,,,,,,,,,,,,,,,,,,,,,,,,,,,,,,,,,,,,,,,,,,,,,,,,,,
Saccharina,Pabay_30_1_22_2,Pabay,NW,2,30_1_2022,30,1,2022,,9,825,,,,,,,,,,,,,,,,,,,,,,,,,,,,,,,,,,,,,,,,,,,,,,,,,,,,,,,,,,,,,,,,,,,,,,,,,,,0,0,2,2,2,0,0,85,2,0,272,306,0,0,0,0,2,0,68,581,0,0,0,244,2,17,0,0,0,0,0,0,0,85,0,0,0,0,0,0,0,0,577,0,0,85,0,,,,,,,,,,,,,,,,,,,,,,,,,,,,,,,,,,,,,,,,,,,,,,,,,,,,,,,,,,,,,,,,,,,,,,,,,,,,,,,,,,,,,,,,,,,,,,,,,,,,,,,,,,,,,,,,,,,,,,,,,,,,,,,,,,,,,,,,,,,,,,,,,,,,,,,,,,,,,,,,,,,,,,,,,,,,,,,,,,,,,,,,,,,,,,,,,,,,,,,,,,,,,,,,,,,,,,,,,,,,,,,,,,,,,,,,,,,,,,,,,,,,,,,,,,,,,,,,,,,,,,,,,,,,,,,,,,,,,,,,,,,,,,,,,,,,,,,,,,,,,,,,,,,,,,,,,,,,,,,,,,,,,,,,,,,,,,,,,,,,,,,,,,,,,,,,,,,,,,,,,,,,,,,,,,,,,,,,,,,,,,,,,,,,,,,,,,,,,,,,,,,,,,,,,,,,,,,,,,,,,,,,,,,,,,,,,,,,,,,,,,,,,,,,,,,,,,,,,,,,,,,,,,,,,,,,,,,,,,,,,,,,,,,,,,,,
Saccharina,Pabay_30_1_22_3,Pabay,Mid,3,30_1_2022,30,1,2022,,9,380,,,,,,,,,,,,,,,,,,,,,,,,,,,,,,,,,,,,,,,,,,,,,,,,,,,,,,,,,,,,,,,,,,,,,,,,,,,0,0,2,0,0,0,0,85,2,0,153,102,0,0,0,0,17,0,17,274,0,0,0,106,2,0,0,0,0,0,0,0,0,2,0,0,0,0,0,0,0,0,255,0,0,2,0,,,,,,,,,,,,,,,,,,,,,,,,,,,,,,,,,,,,,,,,,,,,,,,,,,,,,,,,,,,,,,,,,,,,,,,,,,,,,,,,,,,,,,,,,,,,,,,,,,,,,,,,,,,,,,,,,,,,,,,,,,,,,,,,,,,,,,,,,,,,,,,,,,,,,,,,,,,,,,,,,,,,,,,,,,,,,,,,,,,,,,,,,,,,,,,,,,,,,,,,,,,,,,,,,,,,,,,,,,,,,,,,,,,,,,,,,,,,,,,,,,,,,,,,,,,,,,,,,,,,,,,,,,,,,,,,,,,,,,,,,,,,,,,,,,,,,,,,,,,,,,,,,,,,,,,,,,,,,,,,,,,,,,,,,,,,,,,,,,,,,,,,,,,,,,,,,,,,,,,,,,,,,,,,,,,,,,,,,,,,,,,,,,,,,,,,,,,,,,,,,,,,,,,,,,,,,,,,,,,,,,,,,,,,,,,,,,,,,,,,,,,,,,,,,,,,,,,,,,,,,,,,,,,,,,,,,,,,,,,,,,,,,,,,,,,,
Saccharina,Pabay_30_10_21_1,Pabay,NE,1,30_10_2021,30,10,2021,,3,5131,491,4621,0,231,0,0,0,0,0,0,0,0,0,0,0,0,0,462,0,0,0,1617.241379,231.0344828,0,1386,0,1386,0,0,0,0,0,0,0,0,0,0,0,0,0,0,0,0,0,231,0,0,0,0,0,0,0,0,0,0,0,0,0,0,0,0,693,0,0,0,0,0,0,0,462,0,462.0689655,0,0,0,0,119,0,0,0,0,51,68,0,2682,2105,0,0,0,0,0,0,17,4923,0,0,0,208,2,0,0,0,2,0,0,17,0,68,0,0,0,0,0,0,0,17,4787,2,0,68,2,0,0,0,0,0,0,0,1.120162933,0,0,0,0,0,0,0,0,0,0,0,0,0,0,0,0,0,0,0,0,0,0,0,0,0,0,0,0,0,0,0,0,0,0,0,0,0,0,0,0,0,0,0,0,0,0,0,0,0,0,0,0,0,0,0,0,0,0,0,0,0,0,0,0,0,0,0,0,0,0,0,0,0,0,0,0,0,0,0,0,0,0,0,0,0,0,0,0,0,0,0,0,0,0,1.221995927,0,0,0,1.018329939,0,0,0,0,0,0,0,0,0,0,0,0,0,0,0,0,0,0,0,0,0,0.814663951,0,0,0,0,0,0,0,0,0,0,0,0,0,0,0,0,0,0,0,0,0,0,0,0,0,0,0,0,0,0,0,0,0,0,0,0,0,0,0,0,0,0,0,0,0,0,0,0,0,0,0,0,0,0,0,0,0,0,0,0,0,0,0,0,0,0,0,0,0,0,0,0,0,0,0,0,0,0,0,0,0,0,0,0,0,0,0,0,0,0,0,0,0,0,0,0,0,0,0,0,0,0,0,0,0,0,0,0,0,0,0,0.916496945,0,0,0,0,0,0,0,0,0,0,0,0,0,0,0,0,0,0,4.582484725,0,0,0,0,0,0,0,0,0,0,0,0,0,0,0,0,0,0,0,0,0,0,0,0,0,0,0,0,0,0,0,0,0,0,0,0,0,0,0,0,0,0,0,0,0,0,0,0,0,0,0,0,0,0,0,0,0,0,0,0,0,0,0,0,0,0,0,0,0,0,0,0,0,0,0,0,0,3.054989817,0,0,0,0,0,0,0,0,0,0,0,0,0,0,0,1.120162933,0,0,0,0,0,0,0,0,0,0,0,0,0,0,0,0,0,1.018329939,0,0,0,0,0,0,0,0,0,0,0,0,0,0,0,0,0,0,0,0,0,0,0,0,0,0,0,0,0,0,0,0,0,0,0,0,0,0,0,0,0,0,0,0,0,0,0,0,0,0,0,0,0,0,0,0,0,0,0,0,0,0,0,0,0,0,0,0,0,0,0,0,0,0,0,0,0,0,0,0,0,0,0,0,0,0,0,0,0,0,0,0,0,0,0,0,0,0,0,0,0,0,0,0,0,0,0,0,0,0,0,0,0,2.138492872,0,0,0,0,0,0
Saccharina,Pabay_30_10_21_2,Pabay,NW,2,30_10_2021,30,10,2021,,3,3618,1226.5,7855,0,231,0,0,0,231,231,0,0,0,0,0,0,0,0,0,0,0,2310.344828,462.0689655,462.0689655,0,462,0,462,0,0,0,0,0,0,462.0689655,693,0,0,693.1034483,693,0,0,0,0,0,231,0,1617,0,0,0,0,0,0,0,0,0,0,0,0,0,0,0,231.0344828,231.0344828,0,0,0,0,0,0,0,0,0,0,0,0,136,0,0,0,0,119,34,0,2003,1154,0,0,0,0,2,0,85,3295,0,0,0,323,17,0,0,0,0,0,0,0,0,85,0,0,0,0,0,0,0,0,3158,0,0,85,0,0,0,0,0,0,0,0,0,0,0,0,0,0,0,0,0,0,0,0,0,0,0,0,0,0,0,0,0,0,0,0,0,0,0,0,0,0,0,0,0,0,0,0,0,0,0,0,0,0,0,0,0,0,0,0,0,0,0,0,0,0,0,0,0,0,0,0,0,0,0,0,0,0,0,0,0,0,0,0,0,0,0,0,0,0,0,0,0,0,0,0,0,0,0,0,0,0,0,0,0,0,0,0,0,0,0,0,0,0,0,0,0,0,0,0,0,0,0,0,0,0,0,0,0,0,0,0,0,0,0,0,0,0,0,0,0,0,0,0,0,0,0,0,0,0,0,0,0,0,0,0,0,0,0,0,0,0,0,0,0,0,0,0,0,0,0,0,0,0,0,0,0,0,0,0,0,0,0,0,0,0,0,0,0,0,0,0,0,0,0,0,0,0,0,0,0,0,0,0,0,0,0,0,0,0,0,0,0,0,0,0,0,0,0,0,0,0,0,0,0,0,0,0,0,0,0,0,0,0,0,0,0,0,0,0,0,0,0,0,0,0,0,0,0,0,0,0,0,0,0,0,0,0,0,0,0,0,0,0,0,0,0,0,0,0,0,0,0,0,0,0,0,0,0,0,0,0,0,0,0,0,0,0,0,0,0,0,0,0,0,0,0,0,0,0,0,0,0,0,0,0,0,0,0,0,0,0,0,0,0,0,0,0,0,0,0,0,0,0,0,0,0,0,0,0,0,0,0,0,0,0,0,0,0,0,0,0,0,0,0,0,0,0,0,0,0,0,0,0,0,0,0,0,0,0,0,0,0,0,0,0,0,0,0,0,0,0,0,0,0,0,0,0,0,0,0,0,0,0,0,0,0,0,0,0,0,0,0,0,0,0,0,0,0,0,0,0,0,0,0,0,0,0,0,0,0,0,0,0,0,0,0,0,0,0,0,0,0,0,0,0,0,0,0,0,0,0,0,0,0,0,0,0,0,0,0,0,0,0,0,0,0,0,0,0,0,0,0,0,0,0,0,0,0,0,0,0,0,0,0,0,0,0,0,0,0,0,0,0,0,0,0,0,0,0,0,0,0,0,0,0,0,0,0,0,0,0,0,0,0,0,0
Saccharina,Pabay_30_10_21_3,Pabay,Mid,3,30_10_2021,30,10,2021,,3,3096,11803.5,3234,0,0,0,0,0,0,0,0,0,0,0,0,0,0,0,0,0,0,462.0689655,462.0689655,462.0689655,0,462,0,462,0,0,0,0,0,0,0,0,0,0,0,0,0,231.0344828,0,231.0344828,0,0,0,0,0,0,231,0,0,0,0,0,0,0,0,0,0,0,0,231.0344828,231.0344828,0,0,0,462.0689655,0,462,0,462.0689655,0,0,0,0,102,0,0,0,0,85,2,0,1273,1545,0,2,0,17,0,0,2,2954,0,0,0,142,51,0,0,17,0,0,0,17,0,34,0,0,0,0,0,0,0,34,2818,17,2,34,0,0,0,0,0,0,0,0,0,0,0,0,0,0,0,0,0,0,0,0,0,0,0,0,0,0,0,0,0,0,0,0,0,0,0,0,0,0,0,0,0,0,0,0,0,0,0,0,0,0,0,0,0,0,0,0,0,0,0,0,0,0,0,0,0,0,0,0,0,0,0,0,0,0,0,0,0,0,0,0,0,0,0,0,0,0,0,0,0,0,0,0,0,0,0,0,0,0,0,0,0,0,0,0,0,0,0,0,0,0,0,0,0,0,0,0,0,0,0,0,0.008472063,0,0,0,0,0,0,0,0,0.059304444,0,0,0,0,0,0,0,0,0,0,0,0,0,0,0,0,0,0,0,0,0,0,0,0,0,0,0,0,0,0,0,0,0,0,0,0,0,0,0,0,0,0,0,0,0,0,0,0,0,0,0,0,0,0,0,0,0,0,0,0,0,0,0,0,0,0,0,0,0,0,0,0,0,0,0,0,0,0,0,0,0,0,0,0,0,0,0,0,0,0,0,0,0,0,0.012708095,0,0,0,0,0,0,0,0,0,0,0,0,0,0,0,0,0,0,0,0,0,0,0.029652222,0,0,0,0,0,0,0,0,0,0,0,0,0,0.059304444,0,0,0,0,0,0,0,0,0,0,0,0,0,0,0.055068412,0,0,0,0,0,0,0,0,0.021180158,0,0,0,0,0,0,0,0,0,0,0,0,0,0.033888253,0,0,0,0,0,0,0,0,0,0,0,0,0,0,0,0,0,0,0,0,0,0,0,0,0,0,0,0,0,0,0,0,0,0,0,0,0,0,0,0,0,0,0,0.097428729,0,0,0,0,0,0,0,0,0,0,0,0,0,0.033888253,0,0,0,0,0,0,0,0,0,0,0,0,0,0,0,0,0,0,0,0,0.012708095,0,0,0,0,0,0,0,0,0,0,0,0,0,0,0,0,0,0,0,0,0,0,0,0,0,0,0,0,0,0,0,0,0,0,0,0,0,0,0,0,0,0,0,0,0,0,0,0,0.097428729,0,0,0,0,0,0,0,0,0,0,0,0,0,0,0,0,0,0,0,0,0,0,0,0,0.173677299,0,0,0,0,0,0,0,0,0,0,0,0,0,0,0,0,0,0,0,0,0,0,0,0,0,0,0,0,0,0,0,0.008472063,0,0,0,0,0,0,0,0
Saccharina,Pabay_30_6_22_1,Pabay,NE,1,30_6_2022,30,6,2022,,17,11797,60441.5,,,,,,,,,,,,,,,,,,,,,,,,,,,,,,,,,,,,,,,,,,,,,,,,,,,,,,,,,,,,,,,,,,,,,,,,,,2,0,493,0,16,0,0,271,16,0,4465,5755,2,16,0,255,0,0,51,10984,0,0,0,813,0,0,0,306,51,0,0,16,0,16,0,51,0,0,16,0,0,271,10221,306,18,33,0,0,0,0,0,0,0,0,0,0.002481739,0,0,0,0.001654492,0,0,0,0,0,0,0,0,0,0,0,0.091824326,0,0,0,0,0,0,0,0,0,0.658487959,0,0,0,0,0,0,0,0,0,0,0,0.002481739,0,0,0,0,0,0,0,0,0,0,0,0,0,0,0,0,0,0,0,0,0.009099708,0.004136231,0,0,0,0,0.008272462,0,0,0,0,0,0,0,0,0,0,0,0,0,0,0,0,0,0,0,0,0,0.004963477,0,0,0,0,0,0,0,0,0,0,0,0,0,0,0,0,0,0,0,0,0,0,0,0,0,0,0,0,0,0.059561725,0,0,0,0.675860129,0,0,0,0,0,0,0,0,0,0,0,0,0,0,0,0,0,0,0,0,0,0,0,0,0,0,0,0,0,1.484079647,0,0,0,0,0,0,0,0,0,0,0,0,0,0,0,0,0,0,0,0,0,0,0,0,0,0,0,0,0,0,0,0,0,0,0,0,0,0,0,0,0,0,0,0,0,0,0,0,0,0,0.013235939,0,0,0,0,0,0,0.004136231,0,0,0,0,0,0,0,0,0,0,0,0,0,0,0.508756401,0,0,0,0,0,0,0,0,0,0,0,0,0,0,0,0,0,0,0,0,0,0,0,0,0,0,0.011581447,0,0,0,0,0,0,0,0,0,0,0,0,0,0,0,0,0,0,0.057907233,0,0,0,0,0,0,0,0,0,0,0,0,0,0.248173854,0,0,0,0,0,0,0.003308985,0,0,0,0,0.011581447,0,0,0,0,0,0,0,0,0.032262601,0,0.027299124,0,0,0,0,0,0,0,0.014890431,0,0,0,0,0,0,0,0,0,0,0,0,0,0,0,0,0,0,0,0,0,0,0.031435355,0,0,0,0,0,0,0,0,0.023990139,0,0,0,0,0,0,0,0,0,0.055425494,0,0,0,0,0,0,0,0,0,0.004963477,0,0,0,0.470703077,0,0,0,0,0,0,0,0,0,0,0,0,0,0,0,0,0,0,0,0,0.032262601,0,0,0,0,0,0,0.006617969,0,0,0,0,0,0,0,0,0,0,0,0,0,0,0,0,0,0,0,0,0,0,0,0,0,0,0,0,0,0,0,0,0,0.013235939,0,0,0,0,0,0,0,0,0,0,0,0,0,0,0,0,0,0,0,0,0,0,0,0,0,0,0,0,0,0,0,0,0,0,0,0,0,0,0,0,0,0,0,0,0,0,0,0,0,0
Saccharina,Pabay_30_6_22_2,Pabay,NW,2,30_6_2022,30,6,2022,,17,19190,1495,,,,,,,,,,,,,,,,,,,,,,,,,,,,,,,,,,,,,,,,,,,,,,,,,,,,,,,,,,,,,,,,,,,,,,,,,,2,0,780,0,0,0,0,1359,35,0,6112,9049,2,35,0,187,0,0,136,16128,67,0,0,3060,0,0,0,458,322,16,2,0,0,271,2,220,0,0,204,0,0,187,15161,458,37,491,0,0,0,0,0,0,0,0,0,0,0,0,0,0,0,0,0,0,0,0,0,0,0,0,0,0,0,0,0,0,0,0,0,0,0,0,0,0,0,0,0,0,0,0,0,0,0,0,0,0,0,0,0,0,0,0,0,0,0,0,0,0,0,0,0,0,0,0,0,0,0,0,0,0,0,0,0,0,0,0,0,0,0,0,0,0,0,0,0,0,0,0,0,0,0,0,0,0,0,0,0,0,0,0,0,0,0,0,0,0,0,0,0,0,0,0,0,0,0,0,0,0,0,0,0,0,0,0,0,0,0,0,0,0,0,0,0,0,0,0,0,0,0,0,0,0,0,0,0,0,0,0,0,0,0,0,0,0,0,0,0,0,0,0,0,0,0,0,0,0,0,0,0,0,0,0,0,0,0,0,0,0,0,0,0,0,0,0,0,0,0,0,0,0,0,0,0,1.10367893,0,0,0,0,0,0,0,0,0,0,0,0.568561873,0,0,0,0,0,0,0,0,0,0,0,0,0,0,0,0,0,0,0,0,0,0,0,0,0,0,0,0,0,0,0,0,0,0,0,0,0,0,0,0,0,0,0,0,0,0,0,0,0,0,0,0,0,0,0,0,0,0,0,0,0,0,0,0,0,0,0,0,0,0,0,0,0,0,0,0,0,0,0,0,0,0,0,0,0,0,0,0,0,0,0,0,0,0,0,0,0,0,0,0,0,0,0,0,0,0,0,0,0,0,0,0,0,0,0,0,0,0,0,0,0,0,0,0,0,0,0,0,0,0,0,0,0,0,0,0,0,0,0,0,0,0,0,0,0,0,0,0,0,0,0,0,0,0,0,0,0,0,0,0,0,0,0,0,0,0,0,0,0,0,0,0,0,0,0,0,0,0,0,0,0,0,0,0,0,0,0,0,0,0,0,0,0,0,0,0,0,0,0,0,0,0,0,0,0,0,0,0,0,0,0,0,0,0,0,0,0,0,0,0,0,0,0,0,0,0,0,0,0,0,0,0,0,0,0,0,0,0,0,0,0,0,0,0,0,0,0,0,0,0,0,0,0,0,0,0,0,0,0,0,0,0,0,0,0,0,0,0,0,0,0,0,0,0,0,0,0,0,0,0,0,0,0
Saccharina,Pabay_30_6_22_3,Pabay,Mid,3,30_6_2022,30,6,2022,,17,14882,21309,,,,,,,,,,,,,,,,,,,,,,,,,,,,,,,,,,,,,,,,,,,,,,,,,,,,,,,,,,,,,,,,,,,,,,,,,,16,0,680,0,67,16,35,544,86,0,6315,6044,35,6,0,67,0,0,204,13158,0,2,0,1723,0,0,0,322,204,16,0,0,0,136,0,86,0,0,35,0,51,67,12360,324,22,187,0,0,0,0,0,0,0,0,0,0,0,0,0,0,0,0,0,0,0,0,0,0,0,0,0,0,0,0,0,0,0,0,0,0,0,0,0,0,0,0,0,0,0,0,0,0,0,0,0,0,0,0,0,0,0,0,0,0,0,0,0,0,0,0,0,0,0,0,0,0,0,0,0,0,0,0,0,0,0,0,0,0,0,0,0,0,0,0,0,0,0,0,0,0,0,0,0,0,0,0,0,0,0,0,0,0,0,0,0,0,0,0,0,0,0,0,0,0,0,0,0,0,0,0,0,0,0,0,0,0,0,0,0,0,0,0,0,0,0,0,0,0,0,0,0,0,0,0,0,0,0,0,0,0,0,0,0,0,0,0,0,0,0,0,0,0,0,0,0,0,0,0,0,0,0,0,0,0,0,0,0,0,0,0,0,0,0,0,0,0,0,0,0,0,0,0,0,0,0,0,0,0,0,0,0,0,0,0,0,0,0,0,0,0,0,0,0,0,0,0,0,0,0,0,0,0,0,0,0,0,0,0,0,0,0,0,0,0,0,0,0,0,0,0,0,0,0,0,0,0,0,0,0,0,0,0,0,0,0,0,0,0,0,0,0,0,0,0,0,0,0,0,0,0,0,0,0,0,0,0,0,0,0,0,0,0,0,0,0,0,0,0,0,0,0,0,0,0,0,0,0,0,0,0,0,0,0,0,0,0,0,0,0,0,0,0,0,0,0,0,0,0,0,0,0,0,0,0,0,0,0,0,0,0,0,0,0,0,0,0,0,0,0,0,0,0,0,0,0,0,0,0,0,0,0,0,0,0,0,0,0,0,0,0,0,0,0,0,0,0,0,0,0,0,0,0,0,0,0,0,0,0,0,0,0,0,0,0,0,0,0,0,0,0,0,0,0,0,0,0,0,0,0,0,0,0,0,0,0,0,0,0,0,0,0,0,0,0,0,0,0,0,0,0,0,0,0,0,0,0,0,0,0,0,0,0,0,0,0,0,0,0,0,0,0,0,0,0,0,0,0,0,0,0,0,0,0,0,0,0,0,0,0,0,0,0,0,0,0,0,0,0,0,0,0,0,0,0,0,0,0,0,0,0,0,0,0,0,0,0,0,0,0
Saccharina,Pabay_30_7_22_1,Pabay,NE,1,30_7_2022,30,7,2022,,19,6160,11825.5,,,,,,,,,,,,,,,,,,,,,,,,,,,,,,,,,,,,,,,,,,,,,,,,,,,,,,,,,,,,,,,,,,,,,,,,,,2,0,627,0,0,0,16,271,35,0,1544,2938,0,2,2,424,0,0,67,5549,0,16,16,611,0,0,0,0,16,0,0,0,0,153,0,16,0,2,16,0,16,424,4482,33,4,169,0,0,0,0,0,0,0,0,0,0,0,0,0,0,0,0,0,0,0,0,0,0,0,0,0,0,0,0,0,0,0,0,0,0,0,0,0,0,0,0,0,0,0,0,0,0,0,0,0,0,0,0,0,0,0,0,0,0,0,0,0,0,0,0,0,0,0,0,0,0,0,0,0,0,0,0,0,0,0,0,0,0,0,0,0,0,0,0,0,0,0,0,0,0,0,0,0,0,0,0,0,0,0,0,0,0,0,0,0,0,0,0,0,0,0,0,0,0,0,0,0,0,0,0,0,0,0,0,0,0,0,0,0,0,0,0,0,0,0,0,0,0,0,0,0,0,0,0,0,0,0,0,0,0,0,0,0,0,0,0,0,0,0,0,0,0,0,0,0,0,0,0,0,0,0,0,0,0,0,0,0,0,0,0,0,0,0,0,0,0,0,0,0,0,0,0,0,0,0,0,0,0,0,0,0,0,0,0,0,0,0,0,0,0,0,0,0,0,0,0,0,0,0,0,0,0,0,0,0,0,0,0,0,0,0,0,0,0,0,0,0,0,0,0,0,0,0,0,0,0,0,0,0,0,0,0,0,0,0,0,0,0,0,0,0,0,0,0,0,0,0,0,0,0,0,0,0,0,0,0,0,0,0,0,0,0,0,0,0,0,0,0,0,0,0,0,0,0,0,0,0,0,0,0,0,0,0,0,0,0,0,0,0,0,0,0,0,0,0,0,0,0,0,0,0,0,0,0,0,0,0,0,0,0,0,0,0,0,0,0,0,0,0,0,0,0,0,0,0,0,0,0,0,0,0,0,0,0,0,0,0,0,0,0,0,0,0,0,0,0,0,0,0,0,0,0,0,0,0,0,0,0,0,0,0,0,0,0,0,0,0,0,0,0,0,0,0,0,0,0,0,0,0,0,0,0,0,0,0,0,0,0,0,0,0,0,0,0,0,0,0,0,0,0,0,0,0,0,0,0,0,0,0,0,0,0,0,0,0,0,0,0,0,0,0,0,0,0,0,0,0,0,0,0,0,0,0,0,0,0,0,0,0,0,0,0,0,0,0,0,0,0,0,0,0,0,0,0,0,0,0,0,0,0,0,0,0,0,0,0,0,0,0
Saccharina,Pabay_30_7_22_2,Pabay,NW,2,30_7_2022,30,7,2022,,19,11883,22251,,,,,,,,,,,,,,,,,,,,,,,,,,,,,,,,,,,,,,,,,,,,,,,,,,,,,,,,,,,,,,,,,,,,,,,,,,0,0,544,0,0,0,0,850,0,16,2445,6926,35,35,0,271,2,0,391,10204,0,16,16,1679,0,0,0,16,16,0,0,16,0,271,0,0,2,16,35,16,0,287,9371,81,35,306,0,0,0,0,0,0,0,0,0,0,0,0,0,0,0,0,0,0,0,0,0,0,0,0,0,0,0,0,0,0,0,0,0,0,0,0,0,0,0,0,0,0,0,0,0,0,0,0,0,0,0,0,0,0,0,0,0,0,0,0,0,0,0,0,0,0,0,0,0,0,0,0,0,0,0,0,0,0,0,0,0,0,0,0,0,0,0,0,0,0,0,0,0,0,0,0,0,0,0,0,0,0,0,0,0,0,0,0,0,0,0,0,0,0,0,0,0,0,0,0,0,0,0,0,0,0,0,0,0,0,0,0,0.0224709,0,0,0,0,0,0,0,0,0,0,0,0,0,0,0,0.05168307,0,0,0,0,0,0,0,0,0,0,0,0,0,0,0,0,0,0,0,0,0,0,0,0,0,0,0,0,0,0,0,0,0,0,0,0,0,0,0,0,0,0,0,0,0,0,0,0,0,0,0,0,0,0,0,0,0,0,0,0,0,0,0,0,0,0,0,0,0,0,0,0,0,0,0,0,0,0,0,0,0,0,0,0,0.01348254,0,0,0,0,0,0,0,0,0,0,0,0,0,0,0,0,0,0,0,0,0,0,0,0,0,0,0,0,0,0,0,0,0,0,0,0,0,0,0,0,0,0,0,0,0,0,0,0,0,0.01348254,0,0,0,0,0,0.00449418,0,0,0,0,0,0,0,0,0,0,0,0,0,0,0,0,0,0,0,0,0,0,0,0,0,0,0,0,0,0,0,0,0,0,0,0,0,0,0,0,0,0,0,0,0,0,0,0,0,0,0,0,0,0,0,0,0,0,0,0,0,0,0,0,0,0,0,0,0,0,0,0,0,0,0,0,0,0,0,0,0,0,0,0,0,0,0,0,0,0,5.244708103,0.087636511,0,0,0,0,0,0,0,0,0,0,0,0,0,0,0,0,0,0,0,0,0,0,0,0,0,0,0,0,0,0,0,0,0,0,0,0,0,0,0,0,0,0,0,0,0,0,0,0,0,0,0,0,0,0,0,0,0,0,0,0,0,0,0,0,0,0,0,0,0,0,0,0,0,0,0,0,0,0,0,0,0,0,0,0,0,0,0,0,0,0,0,0,0,0,0,0,0,0,0,0,0,0,0,0,0,0,0,0,0,0,0
Saccharina,Pabay_30_7_22_3,Pabay,Mid,3,30_7_2022,30,7,2022,,19,5119,39995,,,,,,,,,,,,,,,,,,,,,,,,,,,,,,,,,,,,,,,,,,,,,,,,,,,,,,,,,,,,,,,,,,,,,,,,,,2,0,244,0,0,0,0,570,0,0,597,3314,0,55,2,108,0,0,108,4264,0,35,26,856,0,0,0,2,0,2,0,0,0,26,0,0,2,2,2,26,0,108,3911,90,57,31,0,0,0,0,0,0,0,0,0,0,0,0,0,0,0,0,0,0,0,0,0,0,0,0,0,0,0,0,0,0,0,0,0,0.008751094,0,3.207900988,0,0,0,0,0,0,0,0,0,0,0,0,0,0,0,0,0,0,0,0,0,0,0,0,0,0,0,0,0,0,0,0,0,0,0,0,0,0,0,0,0,0,0,0,0,0.141267658,0,0,0,0.005000625,0,0,0,0,0.056257032,0,0,0,0,0,0,0,0,0,0,0,0,0,0,0,0,0,0.011251406,0,0,0,0,0,0,0,0,0,0,0,0,0,0,0,0,0,0,0,0,3.680460058,0.301287661,1.512689086,0,0.758844856,0.283785473,0.688836105,0,0,0,0,0,0,0,0.198774847,0,0,0,0,0,0,0,0,0,0,0,0,0,0,0,0,0.048756095,0,0,0.118764846,0,0,0,0,0,0,0,0,0,0,0,0,0,0,0,0,0,0,0,0,0,0,0,0,0,0,0,0,0,0,0,0.051256407,0,0,0,0,0,0,0,0,0,0,0,0,0,0,0,0,0,0,0,0,0,0,0,0,0,0,0,0,0,0,0,0,0,0,0,0.001250156,0,0,0,0,0,0,0,0,0,0,0,0,0,0,0,0,0,0,0,0,0,0,0,0,0,0,0,0,0,0,0,0,0,0,0,0,0,0,0,0,0,0,0,0,0,0,0,0,0,0,0,0,0,0,0,0,0,0,0.162520315,0,0,0,0,0,0,0,0,0,0,0.08376047,0,0,0,0,0,0,0,0,0,0,0,0,0,0,0,0,0,0,0,0,0,0,0,0,0,0,0,0,0,0,0,0,0,0,0,0,0,0,0,0,0,0,0,0,0,0,0,0,0,0,0,0,0,0,0,0,0,0,0,0,0,0,0,0,0,0,0,0,0,0,0,0,0,0,0,0,0,0,0.128766096,9.82247781,0,0,0,0,0.008751094,0,0,0,0,0.036254532,0,0,0,0,0,0,0,0,0,0,0,0,0,0,0,0,0,0,0,0,0,0,0,0,0,0,0,0,0,0,0,0,0,0,0,0,0,0,0,0,0,0,0,0,0,0,0,0,0,0,0,0,0,0,0,0,0,0,0,0,0,0,0,0,0,0,0,0,0,0,0,0,0,0,0,0,0,0,0,0,0,0,0,0,0,0,0,0,0,0,0,0,0,0,0,0,0,0,0,0,0
Saccharina,Pabay_7_5_22_1,Pabay,NE,1,7_5_2022,7,5,2022,"clean, circle shape",15,13623,16931.5,,,,,,,,,,,,,,,,,,,,,,,,,,,,,,,,,,,,,,,,,,,,,,,,,,,,,,,,,,,,,,,,,,,,,,,,,,34,2,1850,0,68,51,0,611,0,0,2428,2750,0,51,0,5636,0,0,2,12715,0,0,0,908,0,0,0,51,0,0,0,0,2,51,0,17,0,0,17,0,51,5636,5178,55,85,68,2,0,0,0,0,0,0,0,0,0,0,0,0,0,0,0,0,0,0,0,0,0,0,0,0,0,0.044296134,0,0,0,0,0,0,0,0,0,0,0,0,0,0,0,0,0,0,0,0.307119865,0,0,0,0,0,0,0,0,0,0,0.171278386,0,0,0,0,0,0,0,0,0,0.109263798,0,0,0,0,0,0,0,0,0,0,0.109263798,0,0,0,0,0,0,0,0,0,0,0,0,0,0,0,0,0,0,0,0,0,0,0,0,0,0,0,0,0,0,0,0,0,0,0,0,0,0,0,0,0,0,0.005906151,0,0,0,0,0,0,0,0,0.017718454,0,0,0,0,0,0,0,0,0,0,0,0,0,0,0,0,0,0,0,0,0,0,0,0,0,0,0,0,0,0.410477512,0,0,0,0,0,0,0,0,0,0,0,0,0,0,0,0,0,0,0,0,0,0,0,0.197856067,0,0,0,0,0,0,0,0,0,0,0,0,0,0,0,0,0,0.067920739,0,0,0,0,0,0,0,0,0,0,0,0,0,0,0,0,0,0,0,0,0,0,0,0,0,0,0,0,0,0,0.564037445,0,0,0.313026017,0,0,0,0,0,0,0,0,0,0,0,0,0,0,0,0,0,0,0,0,0,0,0,0,0,0,0,0,0,0,0,0,0,0,0,0,0,0,0,0,0,0,0,0,0,0,0,0,0,0,0,0,0,0,0,0,0,0,0,0,0,0,0,0,0,0,0,0,0,0,0,0.212621445,0,0,0,0,0,0,0,0,0,0,0,0,0,0,0,0,0,0,0,0,0,0,0,0,0,0,0,0,0,0,0,0,0,0,0,0,0,0,0,0,0,0,0,0,0,0,3.363553141,0,0,0,0,0,0,0,0,0,0,0,0,0,0,0,0,0,0.026577681,0,0,0,0,0,0,10.08770635,0,0,0,0,0,0,0,0,0,0,0,0,0,0,0,0,0,0,0,0,0,0,0,0,0,0,0,0,0,0,0,0,0,0,0,0,0,0,0,0,0,0,0,0,0,0.076779966,0,0,0,0,0,0,0,0,0,0,0,0,0,0,0,0.044296134,0,0,0,0,0,0,0,0,0.191949916,0,0,0,0,0,0,0,0,0,0,0,0,0,0,0,0,0,0,0,0,0,0,0,0,0,0,0,0,0,0,0,0,0,0,0,0,0,0,0,0,0
Saccharina,Pabay_7_5_22_2,Pabay,NW,2,7_5_2022,7,5,2022,clean,15,15613,9577.5,,,,,,,,,,,,,,,,,,,,,,,,,,,,,,,,,,,,,,,,,,,,,,,,,,,,,,,,,,,,,,,,,,,,,,,,,,41,2,1793,0,81,61,0,530,0,0,2771,5847,0,61,0,4217,0,0,102,14708,0,2,0,905,0,0,0,2,0,0,0,20,20,61,0,0,0,0,0,0,61,4237,8617,26,102,61,2,0,0,0.078308536,0.078308536,0,0,0,0,0,0,0,0,0,0.041764552,0,0,0,0,0,0,0,0,0,0,0,0,0,0,0,0,0,0,0,0,0,0,0,0,0,0,0,0,0,0,0,0.015661707,0,0,0,0,0,0,0,0,0,0,0,0,0,0,0,0,0,0,0.031323414,0,0,0,0,0,0,0,0,0,0,0,0,0,0,0,0,0,0,0,0,0,0,0,0,0,0,0,0,0,0,0,0,0,0,0,0,0,0,0,0,0,0,0,0,0,0,0,0,0,0,0,0,0.015661707,0,0,0,0,0,0,0,0,0,0,0,0,0,0,0,0,0,0.031323414,0,0,0,0,0,0,0,0,0,0,0,0,0,0,0,0,0,0,0,0,0,0.245366745,0,0.125293657,0,0,0,0,0,0,0,0,0,0,0,0,0,0,0,0,0,0,0,0,0,0,0,0,0,0,0,0,0,0,0,0,0,0,0,0,0,0,0,0,0,0,0,0,0,0,0,0,0,0,0,0,0,0,0,0,0,0,0,0,0,0,0,0,0,0,0,0,0,0,0,0,0.083529105,0,0,0,0,0,0,0,0,0,0,0,0,0,0,0,0,0,0,0,0,0,0,0,0,0,0,0,0,0,0,0,0,0,0,0,0,0,0,0,0,0,0,0,0,0,0,0,0.046985121,0,0,0,0,0,0,0,0,0,0,0,0,0,0.292351866,0,0,0,0,0,0,0,0,0,0,0,0,0,0,0,0,0,0,0,0,0,0,0,0,0,0,0,0,0,0,0,0,0,0,0,0,0,0,0,0,0,0,0.495954059,0.589924302,0,0,0.589924302,0,0,0,0,0,0,0,0,0,0,0.020882276,0,0,0,0,0,0,0,0,0,0,0,0,0,0,0,0,0,0,0,0,0.041764552,0,0,0,0,0,0,0,0,0,0,0,0,0,0,0,0,0,0,0,0,0,0,0,0,0,0,0,0,0,0,0,0,0,0,0,0,0,0,0,0,0,0,0,0,0,0,0,0,0,0,0,0,0,0,0,0,0,0,0,0,0,0,0,0,0,0,0,0,0,0,0,0,0,0,0,0,0,0,0,0,0,0,0,0,0,0,0,0,0,0,0,0,0,0,0,0,0,0,0,0,0,0,0,0,0,0,0,0,0,0,0,0,0,0,0,0,0,0
Saccharina,Pabay_7_5_22_3,Pabay,Mid,3,7_5_2022,7,5,2022,clean,15,7591,12495,,,,,,,,,,,,,,,,,,,,,,,,,,,,,,,,,,,,,,,,,,,,,,,,,,,,,,,,,,,,,,,,,,,,,,,,,,323,2,407,0,34,34,0,0,0,0,2224,2156,0,136,0,2139,0,17,34,6994,0,0,0,596,0,0,0,17,0,0,0,17,0,51,0,0,0,0,0,0,34,2156,4380,17,458,51,0,0,0,0,0,0,0,0,0,0,0,0,0,0,0,0,0,0,0,0,0,0,0,0,0,0,0,0,0,0,0,0,0,0,0,0,0,0,0,0,0,0,0,0,0,0,0,0,0,0,0,0,0,0,0,0,0,0,0,0,0,0,0,0,0,0,0,0,0,0,0,0,0,0,0,0,0,0,0,0,0,0,0,0,0,0,0,0,0,0,0,0,0,0,0,0,0,0,0,0,0,0,0,0,0,0,0,0,0,0,0,0,0,0,0,0,0,0,0,0,0,0,0,0,0,0,0,0,0,0,0,0,0,0,0,0,0,0,0,0,0,0,0,0,0,0,0,0,0,0,0,0,0,0,0,0,0,0,0,0,0,0,0,0,0,0,0,0,0,0,0,0,0,0,0,0,0,0,0,0,0,0,0,0,0,0,0,0,0,0,0,0,0,0,0,0,0,0,0,0,0,0,0,0,0,0,0,0,0,0,0,0,0,0,0,0,0,0,0,0,0,0,0,0,0,0,0,0,0,0,0,0,0,0,0,0,0,0,0,0,0,0,0,0,0,0,0,0,0,0,0,0,0,0,0,0,0,0,0,0,0,0,0,0,0,0,0,0,0,0,0,0,0,0,0,0,0,0,0,0,0,0,0,0,0,0,0,0,0,0,0,0,0,0,0,0,0,0,0,0,0,0,0,0,0,0,0,0,0,0,0,0,0,0,0,0,0,0,0,0,0,0,0,0,0,0,0,0,0,0,0,0,0,0,0,0,0,0,0,0,0,0,0,0,0,0,0,0,0,0,0,0,0,0,0,0,0,0,0,0,0,0,0,0,0,0,0,0,0,0,0,0,0,0,0,0,0,0,0,0,0,0,0,0,0,0,0,0,0,0,0,0,0,0,0,0,0,0,0,0,0,0,0,0,0,0,0,0,0,0,0,0,0,0,0,0,0,0,0,0,0,0,0,0,0,0,0,0,0,0,0,0,0,0,0,0,0,0,0,0,0,0,0,0,0,0,0,0,0,0,0,0,0,0,0,0,0,0,0,0,0,0,0,0,0,0,0,0,0,0,0,0,0,0,0,0,0,0,0,0,0,0,0,0,0,0,0,0,0,0,0,0,0
Saccharina,Pabay_8_2_22_1,Pabay,NE,1,8_2_2022,8,2,2022,"2 blades:one whole one cut, clean",11,155,8453,,,,,,,,,,,,,,,,,,,,,,,,,,,,,,,,,,,,,,,,,,,,,,,,,,,,,,,,,,,,,,,,,,,,,,,,,,0,0,0,0,0,0,0,2,0,0,17,68,0,0,0,0,0,0,34,85,0,0,0,70,0,0,0,0,0,0,0,0,0,34,0,0,0,0,0,0,0,0,85,0,0,34,0,0,0,0,0,0,0,0,0,0,0.053235538,0,0,0,0,0,0,0,0,0,0,0,0,0,0,0,0,0,0,0,0,0,0,0,0,0.46728972,0,0,0,0,0,0,0,0,0,0,0,0,0,0,0,0,0,0,0,0,0,0,0,0,0,0,0,0,0,0,0,0,0,0,0,0,0,0,0,0,0,0,0,0,0,0,0,0,0,0,0,0,0,0,0,0,0,0,0,0,0,0,0,0,0,0,0,0,0,0,0,0,0,0,0,0,0,0,0,0,0,0,0,0,0,0,0,0,0,0,7.435230096,0,0,0.153791553,0,0,0,0,0,0,0,0,0,0.289837927,0,0,0,0,0,0,0,0,0,0,0,0,0,0,0,0,0,0,0,0,25.7127647,0,0,0,0,0,0.047320478,0.017745179,0,0,0,0,0,0,0,0,0,0,0,0,0,0,0,0,0,0,0,0,0,0,0,0,0,0,0,0,0,0,0,0,0,0,0,0,0,0,0,0,0,0,0,0,0,0,0,0,0,0,0,0,0,0,0,0,0,0,0,0,0,0,0,0,0,0,0,0,0,0,0,0,0,0,0,0,0,0,0,0,0,0,0,0,0,0,0,0,0,0,0,0,0,0,0,0,0,0,0,0,0,0,0,0,0,0,0,0,0,0,0,0,0,0,0,0,0,0,0,0,0,0,0,0,0,0,0,0,0,0,0,0,0,0,0,0,0,0,0,0,0,0,0,0,0,0,0,0,0,0,0,0,0,0,0,0,0,0,0,0,0,0,0.053235538,0,0,0,0,0,0,0,3.288773217,0,0,0,0,0,0,0,0,0,0,0,0,0,0,0,0,0.703892109,0.023660239,0,0,0,0,0,0,0,0,0,0,0,0,0,0,0,0,0,0,0,0,0,0,0,0.035490358,0,0,0,0,0,0,0,0,0,0,0,0,0,0,0,0,0,0,0,0,0,0,0,0,0,0,0,0,0,0,0,0,0.011830119,0,0,0,0,0,0,0,0,0,0,0,0,0,0,0,0,0.112386135,0,0,0,0,0,0,0,0,0,0,0,0,0,0,0,0,0,0,0,0,0,0,0,0,0,0,0,0,0,0,0,0,0,0,0,0,0,0,0,0,0,0,0,0,0,0,0,0,0,0,0,0,0,5.335383887,0,0,0,0,0,0,0,0
Saccharina,Pabay_8_2_22_2,Pabay,NW,2,8_2_2022,8,2,2022,,11,849,3594.5,5083,0,0,0,0,0,0,0,0,0,0,0,0,0,0,0,0,0,0,0,0,0,0,0,0,0,0,0,231,0,0,0,0,0,0,0,0,0,0,0,0,0,0,0,0,0,0,0,1155,0,0,0,0,0,2541,693,0,0,0,0,462,0,0,0,0,0,0,0,1155,0,1155.172414,0,0,0,0,0,0,0,0,34,136,17,0,119,373,0,0,0,0,0,0,34,526,0,0,0,323,0,2,0,0,0,102,0,0,0,34,0,0,0,0,0,0,34,0,492,0,0,136,0,0,0,0,0,0,0,0,0,0,0,0,0,0,0,0,0,0,0,0,0,0,0,0,0,0,0,0,0,0,0,0,0,0,0,0,0,0,0,0,0,0,0,0,0,0,0,0,0,0,0,0,0,0,0,0,0,0,0,0,0,0,0,0,0,0,0,0,0,0,0,0,0,0,0,0,0,0,0,0,0,0,0,0,0.417304215,0,0,0,0,0,0,0,0,0,0,0,0,0,0,0.27820281,0,0,0,0,0,0,0,0,0,0,0,0,0,0,0,0,0,0,0,0.041730421,0,0,0,0,0,0,0.598136041,0,0,0,0,0,0,0,0,0,0,0,0,0,0,0,0,0,0,0,0,0,0,0,0,0,0,0,0,0,0,0,0,0,13.71539853,0,0.041730421,0,0,0,0.250382529,0,0,0,0,0,0,0,0,0,0,0,0,0,0,0,0,0,0,0,0,0,0,0,0,0,0,0,0,0,0,0,0,0,0,0,0,0,0,0,0,0,0,0,0,0,0,0,0,0,0,0,0,0.069550702,0,0,0,0,0,0,0,0,0,0,0,0,0,0,0,0,0,0,0,0,0,0,0,0,0,0,0,0,0,0,0,0,0,0,0,0,0,0,0,0,0,0,0,0,0,0,0,0,0,0,0,0,0,0,0,0,0,0,0,0,0,0,0,0,0,0,0,0,0,0,0,0,0,0,0,0,0,0,0,0,0,0,0,0,0,0,0,0,0,0,0,0,0,0,0,0,0,0,0,0,0,0,0,0,0,0,0,0,0,0.180831826,0,0,0,0,0,0,0,0,0.083460843,0,0,0,0,0,0,0,0,0,0,0,0,0,0,0,0,0,0.111281124,0,0,0,0,0,0,0,0,0,0,0,0,0,0,0,0,0,0,0,0,0,0,0,0,0,0,0,0,0,0,0,0,0,0,0,0,0,0,0,0,0,0,0,0,0,0,0,0,0,0,0,0,0,0,0,0,0,0,0,0,0,0,0,0,0,0,0,0,0,0,0,0,0,0,0,0,0,0,0,0,0,0,0,0,0,0,0,0,0,0,0,0,0,0,0,0,0,0,0,0,0,0,0,0,0,0,0,0,0,0,0,0,0,0,0,0,0,0,0,0,0,0,0,0,0,0,0,2.225622479,0,0,0,0,0,0,0,0
Saccharina,Pabay_8_2_22_3,Pabay,Mid,3,8_2_2022,8,2,2022,,11,719,5686,8779,0,0,0,0,462,0,0,0,0,0,0,0,0,0,0,0,0,0,0,0,1848.275862,0,231,0,231,0,231.0344828,231,0,0,0,231.0344828,462,0,462,0,0,0,0,0,0,0,0,0,0,0,0,693,0,0,0,0,0,2541,462,0,0,0,0,1386,0,0,0,0,0,462.0689655,0,231,0,231.0344828,0,0,2,0,2,0,0,0,2,85,0,0,289,221,0,0,0,0,17,0,68,530,0,0,0,189,2,0,0,0,0,0,0,0,0,34,0,0,0,0,0,0,2,0,509,0,2,34,0,0,0,0,0,0,0,0,0,0,0,0,0,0,0,0,0,0,0,0,0,0,0,0,0,0,0,0,0,0,0,0,0,0,0,0.589166374,0,0,0,0,0,0,0,0,0,0,0,0,0,0,0,0,0,0,0,0,0,0,0,0,0,0,0,0,0,0,0,0,0,0,0,0,0,0,0,0,0,0,0,0,0,0,0,0,0,0,0,0,0,0,0,0,0,0,0,0,0,0,0,0,0,0,0,0,0,0.105522336,0,0,0,0,0,0,0,0,0,0,0,0,0,0,0,0,0,0,0,0,6.8237777,0,0,0.43088287,0,0,0,0,0,0,0,0,0,0,0,0,0,0,0,0,0,0,0,0,0.307773479,0,0,0,0,0,0,0,0,0,24.63946535,0,0,0,0,0,0,0,0,0,0,0,0,0,0,0,0,0,0,0,0,0,0,0,0,0,0,0,0,0,0,0.395708758,0,0,0,0,0,0,0,0,0,0,0,0,0,0,0,0,0,0,0,0,0,0,0,0,0,0,0,0,0,0,0,0,0,0,0,0,0,0,0,0,0,0,0,0,0,0,0,0,0,0,0,0,0,0,0,0,0,0,0,0,0,0,0,0,0,0,0,0,0,0,0,0,0,0,0,0,0,0,0,0,0,0,0,0,0,0,0,0,0,0,0,0,0,0,0,0,0,0,0,0,0,0,0,0,0,0,0,0,0,0,0,0,0,0,0,0,0,0,0,0,0,0,0,0,0,0,0,0,0,0,0,0,0,0,0,0,0,0,0,0,0,0,0,0,0,0,0.940907492,0,0,0,0,0,0,0,0,0,0,0,0,0,0,0,0,0.932113964,0,0,0,0,0,0,0,0,0,0,0,0,0,0,0,0,0,0,0,0,0,0,0,0,0,0,0,0,0,0,0,0,0,0,0,0,0,0,0,0,0,0,0,0,0,0,0,0,0,0,0,0,0,0,0,0,0,0,0,0,0,0,0,0,0,0,0,0,0,0,0,0,0,0,0,0,0,0,0,0,0,0.061554696,0,0,0.035174112,0.017587056,0,0,0,0,0,0,0,0,0,0,0,0,0,0,0,0,0,0,0,0,0,0,0,0,0,0,0,0,0,0,0,0,0,0,0,0,0,0,0,0,0,0,1.55645445,0,0,0,0,0,0,0,0
Saccharina,Pabay_8_3_22_1,Pabay,NE,1,8_3_2022,8,3,2022,"5 blades, epibionts semmed to come from the rope",12,3181,18127.5,56141,0,693,0,0,0,0,0,0,0,0,0,0,0,0,0,0,0,0,0,0,693.1034483,0,0,0,0,0,0,231,0,0,0,0,0,0,0,0,0,0,0,0,0,0,693,0,0,0,0,462,0,0,0,0,0,0,231,0,0,0,0,11552,0,0,0,0,35579,0,1386,5776,231,4620.689655,462,462,0,0,0,0,0,0,2241,289,17,0,136,187,0,2,0,2,2,0,85,2568,0,0,0,613,0,0,0,0,0,17,0,0,0,204,0,0,0,0,0,0,2241,2,323,0,2,221,0,0.551648049,0,0,0,0,0,0,0,0,0,0,0,0,0,0,0,0,0,0,0,0,0,0,0,0,0,0,0,0,0,0,0,0,0,0.289615225,0,0,0.060681285,0,0,0,0,0,0,0,0,0,0,0,0,0,0,0,0,0,0,0,0,0,0.085505448,0,0,0,0,0,0,0,0,0,0,0,0,0,0,0,0,0,0,0,0,0,0,0,0,0,0,0.157219694,0,0,0,0,0,0,0,0,0,0,0,0,0,0,0,0,0,0,0,0,0,0,0,0,0,0,0,0,0,0,0,0,0,0,0,0,0.038615363,0,0,0,0,0,0,0,0,0,1.514273893,0,0.049648324,0,0,0,0,0,0,0,0,0,0,0,0,0,0,0,0,0,0,0,0,0,0,0,1.199834506,1.572196938,0,0,0,0,0,0.388911874,0,0,0,0,0,0,0,0,0,0,0,0,0,0.204109778,0.046890084,0,0,0,0.063439526,0,0,0,0,0,0,0,0.11308785,0,0.102054889,0,0,0,0,0,0,0,0,0.057923045,0.055164805,0,0,0,0.044131844,0,0,0,0,0,0,0,0,0,0,0,0,0,0,0,0,0,0,0,0,0,0,0.035857123,0,0,0,0,0,0,0,0,0,0,0,0,0,0,0,0,0,0,0,0,0,0,0,0,0,0,0,0,0,0,0,0,0,0,0,0,0,0,0,0,0,0,0,0,0,0,0,0,0,0,0,0,0,0,0,0,0,0,0,0,0,0,0,0,0,0,0,0,0,0,0,0,0,0,0,0,0,0,0.157219694,0,0,0.096538408,0,0.082747207,0,0,0,0,0.052406565,0,0,0.046890084,0,0,0,0,0,0,0,0,0,0,0,0,0.198593297,0,0,0,0,0,0,0,0,0,0,0,0,0,0,0,0,0,1.177768584,0,0,0,0,0,0,0,0,0,0,0,0,0,0,0,0,0,0,0,0,0,0,0,0.220659219,0,0,0,0,0,0,0,0,0,0,0,0,0,0,0,0,0,0,0,0,0,0,0,0,0,0,0,0,0,0,0,0,0,0,0,0,0,0,0,0,0,0,0,0,0,0,0,0,0,0,0,0,0,0,0,0,0,0,0,0,0,0.44959316,0,0,0,0,0,0,0,0,0,0,0,0,1.677010068,0,0,0,0,0,0,0,0,0,0,0,0,0,0,0,0,0,0,0,0,0,0,0,0,0,0,0,0,0,0.612329334,0,0,0.264791063,0,0,0,0
Saccharina,Pabay_8_3_22_2,Pabay,NW,2,8_3_2022,8,3,2022,,12,5044,12718,30034,0,462,0,1617,0,0,0,0,0,0,0,0,0,0,0,0,0,0,0,0,3234.482759,0,231,0,231,0,0,0,0,0,0,924.137931,0,0,0,0,0,0,0,0,0,0,462,231,0,0,0,462,0,0,0,0,0,0,0,0,0,0,0,15017,0,0,0,0,2772,0,1617,3928,0,2541.37931,693,693,0,0,0,0,0,0,3616,204,34,0,340,441,0,0,0,2,0,0,136,4399,0,0,0,645,2,0,0,0,0,0,0,0,0,255,0,17,0,0,0,0,3616,2,781,0,0,255,0,0,0,0,0,0,0,0,0,0,0,0,0,0,0,0,0,0,0,0,0,0,0,0,0,0,0,0,0,0,0,0,0,0,0,2.087592389,0,0,0,0,0,0,0,0,0,0,0,0,0,0,0,0,0,0,0,0,0,0,0,0,0,0,0,0,0,0,0,0,0,0,0,0,0,0,0,0,0,0,0,0,0,0,0,0,0,0,0,0,0,0,0,0,0,0,0,0,0,0,0,0,0,0,0,0,0,0,0,0,0,0,0,0,0,0,0,0,0,0,0,0,0,0,0,0,0,0,0,0,0,0,0,0,0,0.023588615,0.015725743,0,0,0,0,0,0.047177229,0,0,0,0,0,0,0,0,0,0,0,0,0,0,0,0,0,0,0,0.098285894,0,0.165120302,0,0,0,0,0,0.538606699,0.904230225,0,0,0,0,0,0,0.12973738,0,0,0,0,0,0,0,0,0,0,0,0,0,0,0,0,0,0,0,0,0,0,0,0,0.243749017,0,0,0,0,0,0,0,0,0,0,0,0,0,0,0,0,0,0,0,0,0,0,0,0,0,0,0,0,0.007862872,0,0,0.043245793,0,0,0,0,0,0.007862872,0,0,0,0,0,0,0,0,0,0,0,0,0,0,0,0,0,0,0,0,0,0,0,0,0,0,0,0,0,0.420663626,0,0,0,0,0,0,0,0,0,0,0,0,0,0,0,0,0,0,0,0,0,0,0,0,0,0,0,0,0,0,0,0,0,0,0,0,0,0,0,0,0,0,0,0,0,0,0,0,0,0,0,0,0,0.047177229,0,0,0,0,0,0,0,0,0,0,0,0,0,0,0.058971536,0.121874509,0,0,0,0,0,0,0,0,0,0,0,0,0,0,0,0,0,0,0,0,0,0,0,0,0,0,0,0,0,0,0,0,0,0,0,0,0,0,0,0,9.172039629,0,0,0,0,0,0,0,0,0,0,0,0,0,0,0,0,0,0,0,0,0,0,0,0,0,0,0,0,0,0,0,0,0,0,0,0,0,0,0,0,0,0,0,0,0,0,0,0,0,0,0,0,0,0,0,0,0,0,0,0,0,0,0,0,0,0,0,0,0,0,0,0,0,0,0,0,0,0,0,0,0,0,0,0.086491587,0,0,0,0,0,0,0,0.062902972,0,0,0,0,0,0,0,0,0,0,0.023588615,0,0,0,0,0,0,0,0,0
Saccharina,Pabay_8_3_22_3,Pabay,Mid,3,8_3_2022,8,3,2022,,12,6510,27323,72545,0,0,0,231,0,0,0,0,0,0,1617,1617.241379,0,0,0,0,0,0,0,0,924.137931,0,0,0,0,0,231.0344828,462,0,0,0,1155.172414,0,0,0,0,0,0,0,0,0,0,0,0,0,0,0,231,0,0,0,0,0,0,0,0,0,0,0,20793,0,0,0,0,40200,0,0,6931,462,5082.758621,693,693,0,0,0,0,0,0,5959,34,51,0,51,204,0,2,0,2,17,0,102,6232,0,0,0,278,0,0,0,2,0,2,0,0,0,85,0,0,0,0,0,0,5959,2,255,2,2,87,0,0,0,0,0,0,0.025619441,0,0,0,0,0,0,0,0,0.014639681,0,0,0.010979761,0,0,0,0,0,0,0,0,0,0,0,0,0,0,0,0,4.099110639,0,0,0.133587088,0,0,0.034769242,0,0.031109322,0.029279362,0.023789481,0,0,0,0,0.00182996,0.00182996,0,0,0,0,0,0,0,0,0,0,0,0,0,0,0,0,0.192145811,0.020129561,0.064048604,0,0,0,0,0,0,0,0,0,0.060388684,0,0,0,0,0,0,0,0,0,0,0,0,0,0.058558723,0,0,0,0,0,0.034769242,0,0,0,0,0,0,0,0,0.016469641,0,0,0,0,0,0,0,0,0,0,0,0,0,0,0,0.00182996,0,0,0,0.053068843,0.042089082,0,0,0.161036489,0.144566848,0,0,0,0,0.056728763,0,0,0,0,0,0,0,0,0,0,0,0,0,0,0,0,0,0,0,0,0.248874575,1.050397101,0.106137686,0,0,0,0,0,0,0,0,0,0,0,0,0,0,0,0,0.17933609,0,0,0,0,0,0,0,0,0,0,0.133587088,0,0,0,0,0,0,0,0.060388684,0,0,0,0,0,0.040259122,0,0,0,0,0,0,0,0,0.029279362,0.018299601,0,0,0,0,0,0,0,0,0.069538484,0,0,0,0,0,0,0,0,0,0.060388684,0,0,0.274494016,0,0,0,0,0,0,0,0,0,0,0,0,0,0,0,0,0,0,0,0,0,0,0,0.036599202,0.020129561,0,0,0,0,0,0,0,0,0.089668045,0,0,0,0,0,0,0,0,0,0,0,0,0,0,0,0,0,0,0,0,0,0,0,0,0,0,0,0,0,0,0,0,0,0,0,0,0,0,0,0,0,0,0.075028364,0,0,0,0,0,0,0,0,0,0,0,0,0,0.029279362,0,0,0,0,0,0,0,0,0.254364455,0,0,0.666105479,0,0,0,0,0,0,0,0,0,0,0,0,0,0,0,0,0,0,0,0,0,0,0,0,0.075028364,0,0,0,0,0,0,0,0,0,0,0,0,0,0,0,18.82845954,0,0,0,0,0.161036489,0,0.093327965,0.087838085,0,0,0,0.049408923,0.047578963,0.047578963,0,0.040259122,0.031109322,0,0.029279362,0,0,0,0.021959521,0.020129561,0,0.016469641,0.016469641,0,0,0,0.009149801,0,0,0.00365992,0.00182996,0.00182996,0.00182996,0.00182996,0.00182996,0.00182996,0.00182996,0.00182996,0,0,0,0,0,0,0,0,0,0,0,0,0,0,0,0,0,0,0,1.414559163,0,0,0,0,0.17933609,0,0.124437287,0,0,0,0,0,11.3622223,0,0,0,0.064048604,0.058558723,0,0.053068843,0.053068843,0,0.036599202,0.034769242,0.032939282,0.032939282,0.032939282,0.025619441,0.023789481,0,0.021959521,0.018299601,0.016469641,0.00731984,0.00365992,0.00182996,0.00182996,0.00182996,0.00182996,0.00182996,0,0,0.018299601,0,0,0,0,0,0,0
