Plot Title: 21820141_pendant3,,,,,,
#,"Date Time, GMT+00:00","X Accel, g (LGR S/N: 21820141, SEN S/N: 21820141)",Coupler Attached (LGR S/N: 21820141),Host Connected (LGR S/N: 21820141),Stopped (LGR S/N: 21820141),End Of File (LGR S/N: 21820141)
1,11/21/24 18:00:00,-1.075,,,,
2,11/21/24 18:15:00,-0.875,,,,
3,11/21/24 18:30:00,-1,,,,
4,11/21/24 18:45:00,-1,,,,
5,11/21/24 19:00:00,-1,,,,
6,11/21/24 19:15:00,-1,,,,
7,11/21/24 19:30:00,-0.825,,,,
8,11/21/24 19:45:00,-1.075,,,,
9,11/21/24 20:00:00,-1.1,,,,
10,11/21/24 20:15:00,-1.025,,,,
11,11/21/24 20:30:00,-1.025,,,,
12,11/21/24 20:45:00,-0.975,,,,
13,11/21/24 21:00:00,-1,,,,
14,11/21/24 21:15:00,-1,,,,
15,11/21/24 21:30:00,-0.925,,,,
16,11/21/24 21:45:00,-0.975,,,,
17,11/21/24 22:00:00,-1.025,,,,
18,11/21/24 22:15:00,-0.975,,,,
19,11/21/24 22:30:00,-1.025,,,,
20,11/21/24 22:45:00,-1.025,,,,
21,11/21/24 23:00:00,-1.1,,,,
22,11/21/24 23:15:00,-1.025,,,,
23,11/21/24 23:30:00,-1.025,,,,
24,11/21/24 23:45:00,-1.05,,,,
25,11/22/24 00:00:00,-1.025,,,,
26,11/22/24 00:15:00,-1,,,,
27,11/22/24 00:30:00,-0.975,,,,
28,11/22/24 00:45:00,-1.05,,,,
29,11/22/24 01:00:00,-0.675,,,,
30,11/22/24 01:15:00,-1,,,,
31,11/22/24 01:30:00,-1.025,,,,
32,11/22/24 01:45:00,-1.1,,,,
33,11/22/24 02:00:00,-0.975,,,,
34,11/22/24 02:15:00,-1,,,,
35,11/22/24 02:30:00,-0.95,,,,
36,11/22/24 02:45:00,-1.125,,,,
37,11/22/24 03:00:00,-0.975,,,,
38,11/22/24 03:15:00,-1.025,,,,
39,11/22/24 03:30:00,-1.05,,,,
40,11/22/24 03:45:00,-1.025,,,,
41,11/22/24 04:00:00,-1,,,,
42,11/22/24 04:15:00,-1,,,,
43,11/22/24 04:30:00,-0.8,,,,
44,11/22/24 04:45:00,-0.95,,,,
45,11/22/24 05:00:00,-1,,,,
46,11/22/24 05:15:00,-1,,,,
47,11/22/24 05:30:00,-0.9,,,,
48,11/22/24 05:45:00,-1.05,,,,
49,11/22/24 06:00:00,-1.1,,,,
50,11/22/24 06:15:00,-0.95,,,,
51,11/22/24 06:30:00,-1,,,,
52,11/22/24 06:45:00,-1.05,,,,
53,11/22/24 07:00:00,-0.975,,,,
54,11/22/24 07:15:00,-1.025,,,,
55,11/22/24 07:30:00,-1.125,,,,
56,11/22/24 07:45:00,-0.95,,,,
57,11/22/24 08:00:00,-1.05,,,,
58,11/22/24 08:15:00,-1.05,,,,
59,11/22/24 08:30:00,-0.975,,,,
60,11/22/24 08:45:00,-1.025,,,,
61,11/22/24 09:00:00,-1.025,,,,
62,11/22/24 09:15:00,-0.975,,,,
63,11/22/24 09:30:00,-1.025,,,,
64,11/22/24 09:45:00,-1.075,,,,
65,11/22/24 10:00:00,0.025,,,,
66,11/22/24 10:15:00,-0.8,,,,
67,11/22/24 10:30:00,-0.975,,,,
68,11/22/24 10:45:00,-0.875,,,,
69,11/22/24 11:00:00,-1.025,,,,
70,11/22/24 11:15:00,-1.15,,,,
71,11/22/24 11:30:00,-1.025,,,,
72,11/22/24 11:45:00,-0.825,,,,
73,11/22/24 12:00:00,-1.025,,,,
74,11/22/24 12:15:00,-0.325,,,,
75,11/22/24 12:30:00,-1.025,,,,
76,11/22/24 12:45:00,-1.175,,,,
77,11/22/24 13:00:00,-1.05,,,,
78,11/22/24 13:15:00,-0.875,,,,
79,11/22/24 13:30:00,-0.675,,,,
80,11/22/24 13:45:00,-1,,,,
81,11/22/24 14:00:00,-0.95,,,,
82,11/22/24 14:15:00,-1,,,,
83,11/22/24 14:30:00,-1.025,,,,
84,11/22/24 14:45:00,-0.95,,,,
85,11/22/24 15:00:00,-0.9,,,,
86,11/22/24 15:15:00,-1.1,,,,
87,11/22/24 15:30:00,-0.95,,,,
88,11/22/24 15:45:00,-1.025,,,,
89,11/22/24 16:00:00,-0.8,,,,
90,11/22/24 16:15:00,-0.95,,,,
91,11/22/24 16:30:00,-1,,,,
92,11/22/24 16:45:00,-1.025,,,,
93,11/22/24 17:00:00,-1.05,,,,
94,11/22/24 17:15:00,-1.075,,,,
95,11/22/24 17:30:00,-1.025,,,,
96,11/22/24 17:45:00,-1.025,,,,
97,11/22/24 18:00:00,-1.05,,,,
98,11/22/24 18:15:00,-1.05,,,,
99,11/22/24 18:30:00,-1.05,,,,
100,11/22/24 18:45:00,-1.025,,,,
101,11/22/24 19:00:00,-1.025,,,,
102,11/22/24 19:15:00,-1.025,,,,
103,11/22/24 19:30:00,-1.05,,,,
104,11/22/24 19:45:00,-1.025,,,,
105,11/22/24 20:00:00,-1,,,,
106,11/22/24 20:15:00,-1.1,,,,
107,11/22/24 20:30:00,-1.05,,,,
108,11/22/24 20:45:00,-1.05,,,,
109,11/22/24 21:00:00,-1.025,,,,
110,11/22/24 21:15:00,-1.075,,,,
111,11/22/24 21:30:00,-1.05,,,,
112,11/22/24 21:45:00,-1.05,,,,
113,11/22/24 22:00:00,-1.025,,,,
114,11/22/24 22:15:00,-1,,,,
115,11/22/24 22:30:00,-1.025,,,,
116,11/22/24 22:45:00,-1.025,,,,
117,11/22/24 23:00:00,-1.1,,,,
118,11/22/24 23:15:00,-1.075,,,,
119,11/22/24 23:30:00,-0.975,,,,
120,11/22/24 23:45:00,-1.1,,,,
121,11/23/24 00:00:00,-0.775,,,,
122,11/23/24 00:15:00,-1.1,,,,
123,11/23/24 00:30:00,-1.025,,,,
124,11/23/24 00:45:00,-1.025,,,,
125,11/23/24 01:00:00,-1,,,,
126,11/23/24 01:15:00,-1.025,,,,
127,11/23/24 01:30:00,-1.075,,,,
128,11/23/24 01:45:00,-1.1,,,,
129,11/23/24 02:00:00,-1.05,,,,
130,11/23/24 02:15:00,-1,,,,
131,11/23/24 02:30:00,-1,,,,
132,11/23/24 02:45:00,-0.9,,,,
133,11/23/24 03:00:00,-1,,,,
134,11/23/24 03:15:00,-1,,,,
135,11/23/24 03:30:00,-1.05,,,,
136,11/23/24 03:45:00,-1.05,,,,
137,11/23/24 04:00:00,-0.925,,,,
138,11/23/24 04:15:00,-1,,,,
139,11/23/24 04:30:00,-0.975,,,,
140,11/23/24 04:45:00,-0.825,,,,
141,11/23/24 05:00:00,-1.125,,,,
142,11/23/24 05:15:00,-0.975,,,,
143,11/23/24 05:30:00,-1.1,,,,
144,11/23/24 05:45:00,-0.95,,,,
145,11/23/24 06:00:00,-0.85,,,,
146,11/23/24 06:15:00,-1.075,,,,
147,11/23/24 06:30:00,-0.575,,,,
148,11/23/24 06:45:00,-0.9,,,,
149,11/23/24 07:00:00,-1,,,,
150,11/23/24 07:15:00,-0.75,,,,
151,11/23/24 07:30:00,-0.925,,,,
152,11/23/24 07:45:00,-0.975,,,,
153,11/23/24 08:00:00,0.025,,,,
154,11/23/24 08:15:00,-0.425,,,,
155,11/23/24 08:30:00,0.15,,,,
156,11/23/24 08:45:00,-0.925,,,,
157,11/23/24 09:00:00,-0.175,,,,
158,11/23/24 09:15:00,-0.8,,,,
159,11/23/24 09:30:00,-0.525,,,,
160,11/23/24 09:45:00,-0.575,,,,
161,11/23/24 10:00:00,-1.075,,,,
162,11/23/24 10:15:00,-0.6,,,,
163,11/23/24 10:30:00,-0.975,,,,
164,11/23/24 10:45:00,-1.025,,,,
165,11/23/24 11:00:00,-0.975,,,,
166,11/23/24 11:15:00,-0.975,,,,
167,11/23/24 11:30:00,-0.825,,,,
168,11/23/24 11:45:00,-1,,,,
169,11/23/24 12:00:00,-0.975,,,,
170,11/23/24 12:15:00,-0.95,,,,
171,11/23/24 12:30:00,-1.025,,,,
172,11/23/24 12:45:00,-1.05,,,,
173,11/23/24 13:00:00,-0.975,,,,
174,11/23/24 13:15:00,-1.025,,,,
175,11/23/24 13:30:00,-1,,,,
176,11/23/24 13:45:00,-1,,,,
177,11/23/24 14:00:00,-1.075,,,,
178,11/23/24 14:15:00,-1.125,,,,
179,11/23/24 14:30:00,-1.075,,,,
180,11/23/24 14:45:00,-1.025,,,,
181,11/23/24 15:00:00,-0.975,,,,
182,11/23/24 15:15:00,-1,,,,
183,11/23/24 15:30:00,-1,,,,
184,11/23/24 15:45:00,-1.05,,,,
185,11/23/24 16:00:00,-0.975,,,,
186,11/23/24 16:15:00,-0.95,,,,
187,11/23/24 16:30:00,-0.9,,,,
188,11/23/24 16:45:00,-1.075,,,,
189,11/23/24 17:00:00,-1,,,,
190,11/23/24 17:15:00,-1,,,,
191,11/23/24 17:30:00,-1.05,,,,
192,11/23/24 17:45:00,-1.1,,,,
193,11/23/24 18:00:00,-1.025,,,,
194,11/23/24 18:15:00,-0.975,,,,
195,11/23/24 18:30:00,-1.075,,,,
196,11/23/24 18:45:00,-1,,,,
197,11/23/24 19:00:00,-1.025,,,,
198,11/23/24 19:15:00,-1.025,,,,
199,11/23/24 19:30:00,-1.1,,,,
200,11/23/24 19:45:00,-0.975,,,,
201,11/23/24 20:00:00,0.35,,,,
202,11/23/24 20:15:00,-0.975,,,,
203,11/23/24 20:30:00,-0.925,,,,
204,11/23/24 20:45:00,-0.675,,,,
205,11/23/24 21:00:00,-0.95,,,,
206,11/23/24 21:15:00,-0.975,,,,
207,11/23/24 21:30:00,-1.175,,,,
208,11/23/24 21:45:00,-0.85,,,,
209,11/23/24 22:00:00,-0.85,,,,
210,11/23/24 22:15:00,-0.575,,,,
211,11/23/24 22:30:00,-1,,,,
212,11/23/24 22:45:00,-1.05,,,,
213,11/23/24 23:00:00,-1.1,,,,
214,11/23/24 23:15:00,0.325,,,,
215,11/23/24 23:30:00,-1,,,,
216,11/23/24 23:45:00,-0.6,,,,
217,11/24/24 00:00:00,-0.825,,,,
218,11/24/24 00:15:00,-1.075,,,,
219,11/24/24 00:30:00,0.95,,,,
220,11/24/24 00:45:00,0.75,,,,
221,11/24/24 01:00:00,-1.175,,,,
222,11/24/24 01:15:00,-0.65,,,,
223,11/24/24 01:30:00,-0.425,,,,
224,11/24/24 01:45:00,-1.05,,,,
225,11/24/24 02:00:00,-1.075,,,,
226,11/24/24 02:15:00,-1.075,,,,
227,11/24/24 02:30:00,-1,,,,
228,11/24/24 02:45:00,-0.675,,,,
229,11/24/24 03:00:00,-1.1,,,,
230,11/24/24 03:15:00,-1.1,,,,
231,11/24/24 03:30:00,0.875,,,,
232,11/24/24 03:45:00,-0.575,,,,
233,11/24/24 04:00:00,-0.7,,,,
234,11/24/24 04:15:00,-1.125,,,,
235,11/24/24 04:30:00,-0.925,,,,
236,11/24/24 04:45:00,0.525,,,,
237,11/24/24 05:00:00,-0.975,,,,
238,11/24/24 05:15:00,0.45,,,,
239,11/24/24 05:30:00,-0.825,,,,
240,11/24/24 05:45:00,-0.075,,,,
241,11/24/24 06:00:00,-0.975,,,,
242,11/24/24 06:15:00,-1.075,,,,
243,11/24/24 06:30:00,-1.275,,,,
244,11/24/24 06:45:00,-0.925,,,,
245,11/24/24 07:00:00,-0.9,,,,
246,11/24/24 07:15:00,-0.875,,,,
247,11/24/24 07:30:00,0.2,,,,
248,11/24/24 07:45:00,-0.575,,,,
249,11/24/24 08:00:00,-1.025,,,,
250,11/24/24 08:15:00,-0.9,,,,
251,11/24/24 08:30:00,-1.25,,,,
252,11/24/24 08:45:00,-0.4,,,,
253,11/24/24 09:00:00,-1.075,,,,
254,11/24/24 09:15:00,-0.45,,,,
255,11/24/24 09:30:00,-0.725,,,,
256,11/24/24 09:45:00,-0.5,,,,
257,11/24/24 10:00:00,-0.375,,,,
258,11/24/24 10:15:00,-0.95,,,,
259,11/24/24 10:30:00,-0.825,,,,
260,11/24/24 10:45:00,-0.325,,,,
261,11/24/24 11:00:00,-0.475,,,,
262,11/24/24 11:15:00,-0.65,,,,
263,11/24/24 11:30:00,-0.975,,,,
264,11/24/24 11:45:00,-1.025,,,,
265,11/24/24 12:00:00,-0.2,,,,
266,11/24/24 12:15:00,-0.925,,,,
267,11/24/24 12:30:00,-1.3,,,,
268,11/24/24 12:45:00,0.225,,,,
269,11/24/24 13:00:00,0.8,,,,
270,11/24/24 13:15:00,-1.025,,,,
271,11/24/24 13:30:00,-0.425,,,,
272,11/24/24 13:45:00,-1.15,,,,
273,11/24/24 14:00:00,-1.1,,,,
274,11/24/24 14:15:00,-0.7,,,,
275,11/24/24 14:30:00,-0.9,,,,
276,11/24/24 14:45:00,-1,,,,
277,11/24/24 15:00:00,0.075,,,,
278,11/24/24 15:15:00,-0.875,,,,
279,11/24/24 15:30:00,-0.575,,,,
280,11/24/24 15:45:00,-0.425,,,,
281,11/24/24 16:00:00,-1.225,,,,
282,11/24/24 16:15:00,-0.9,,,,
283,11/24/24 16:30:00,-0.825,,,,
284,11/24/24 16:45:00,-1.1,,,,
285,11/24/24 17:00:00,-1,,,,
286,11/24/24 17:15:00,0.7,,,,
287,11/24/24 17:30:00,-1.025,,,,
288,11/24/24 17:45:00,-0.675,,,,
289,11/24/24 18:00:00,-0.575,,,,
290,11/24/24 18:15:00,-1.35,,,,
291,11/24/24 18:30:00,-0.675,,,,
292,11/24/24 18:45:00,-0.875,,,,
293,11/24/24 19:00:00,-0.4,,,,
294,11/24/24 19:15:00,-0.025,,,,
295,11/24/24 19:30:00,-0.7,,,,
296,11/24/24 19:45:00,-0.525,,,,
297,11/24/24 20:00:00,0.875,,,,
298,11/24/24 20:15:00,-0.25,,,,
299,11/24/24 20:30:00,-0.975,,,,
300,11/24/24 20:45:00,0.9,,,,
301,11/24/24 21:00:00,0.525,,,,
302,11/24/24 21:15:00,-0.975,,,,
303,11/24/24 21:30:00,-1.15,,,,
304,11/24/24 21:45:00,-0.275,,,,
305,11/24/24 22:00:00,0.075,,,,
306,11/24/24 22:15:00,-0.125,,,,
307,11/24/24 22:30:00,0.125,,,,
308,11/24/24 22:45:00,-0.675,,,,
309,11/24/24 23:00:00,0.05,,,,
310,11/24/24 23:15:00,-1.05,,,,
311,11/24/24 23:30:00,-0.725,,,,
312,11/24/24 23:45:00,-0.85,,,,
313,11/25/24 00:00:00,-0.15,,,,
314,11/25/24 00:15:00,-0.65,,,,
315,11/25/24 00:30:00,-0.875,,,,
316,11/25/24 00:45:00,-0.225,,,,
317,11/25/24 01:00:00,0.475,,,,
318,11/25/24 01:15:00,-1.1,,,,
319,11/25/24 01:30:00,-1.075,,,,
320,11/25/24 01:45:00,-0.95,,,,
321,11/25/24 02:00:00,-0.675,,,,
322,11/25/24 02:15:00,-0.85,,,,
323,11/25/24 02:30:00,-0.975,,,,
324,11/25/24 02:45:00,0.425,,,,
325,11/25/24 03:00:00,0.125,,,,
326,11/25/24 03:15:00,-1.025,,,,
327,11/25/24 03:30:00,-0.25,,,,
328,11/25/24 03:45:00,0.975,,,,
329,11/25/24 04:00:00,-1.125,,,,
330,11/25/24 04:15:00,-0.325,,,,
331,11/25/24 04:30:00,0.5,,,,
332,11/25/24 04:45:00,-1.05,,,,
333,11/25/24 05:00:00,-1.075,,,,
334,11/25/24 05:15:00,-0.4,,,,
335,11/25/24 05:30:00,-0.175,,,,
336,11/25/24 05:45:00,-0.2,,,,
337,11/25/24 06:00:00,-0.9,,,,
338,11/25/24 06:15:00,-1.025,,,,
339,11/25/24 06:30:00,-1.2,,,,
340,11/25/24 06:45:00,-0.9,,,,
341,11/25/24 07:00:00,-1.025,,,,
342,11/25/24 07:15:00,-0.2,,,,
343,11/25/24 07:30:00,0.525,,,,
344,11/25/24 07:45:00,-1,,,,
345,11/25/24 08:00:00,-1.025,,,,
346,11/25/24 08:15:00,-0.575,,,,
347,11/25/24 08:30:00,-0.675,,,,
348,11/25/24 08:45:00,-0.7,,,,
349,11/25/24 09:00:00,0.075,,,,
350,11/25/24 09:15:00,-0.975,,,,
351,11/25/24 09:30:00,-0.15,,,,
352,11/25/24 09:45:00,-1.15,,,,
353,11/25/24 10:00:00,-0.9,,,,
354,11/25/24 10:15:00,0.875,,,,
355,11/25/24 10:30:00,-1,,,,
356,11/25/24 10:45:00,-1.3,,,,
357,11/25/24 11:00:00,-0.85,,,,
358,11/25/24 11:15:00,-0.85,,,,
359,11/25/24 11:30:00,-1.05,,,,
360,11/25/24 11:45:00,1,,,,
361,11/25/24 12:00:00,-0.575,,,,
362,11/25/24 12:15:00,-0.625,,,,
363,11/25/24 12:30:00,-1.2,,,,
364,11/25/24 12:45:00,0.725,,,,
365,11/25/24 13:00:00,-0.975,,,,
366,11/25/24 13:15:00,-0.8,,,,
367,11/25/24 13:30:00,-0.95,,,,
368,11/25/24 13:45:00,-0.9,,,,
369,11/25/24 14:00:00,0.85,,,,
370,11/25/24 14:15:00,-0.3,,,,
371,11/25/24 14:30:00,-0.35,,,,
372,11/25/24 14:45:00,-0.25,,,,
373,11/25/24 15:00:00,0.25,,,,
374,11/25/24 15:15:00,-0.875,,,,
375,11/25/24 15:30:00,-1.1,,,,
376,11/25/24 15:45:00,-0.7,,,,
377,11/25/24 16:00:00,-0.925,,,,
378,11/25/24 16:15:00,-0.975,,,,
379,11/25/24 16:30:00,-1.025,,,,
380,11/25/24 16:45:00,-0.75,,,,
381,11/25/24 17:00:00,-1.025,,,,
382,11/25/24 17:15:00,-0.925,,,,
383,11/25/24 17:30:00,-0.825,,,,
384,11/25/24 17:45:00,-0.525,,,,
385,11/25/24 18:00:00,-1.025,,,,
386,11/25/24 18:15:00,-0.75,,,,
387,11/25/24 18:30:00,-0.95,,,,
388,11/25/24 18:45:00,-1,,,,
389,11/25/24 19:00:00,-1.075,,,,
390,11/25/24 19:15:00,-1.125,,,,
391,11/25/24 19:30:00,-0.95,,,,
392,11/25/24 19:45:00,-0.9,,,,
393,11/25/24 20:00:00,-0.8,,,,
394,11/25/24 20:15:00,-1,,,,
395,11/25/24 20:30:00,-1.025,,,,
396,11/25/24 20:45:00,-1,,,,
397,11/25/24 21:00:00,-1.075,,,,
398,11/25/24 21:15:00,-0.975,,,,
399,11/25/24 21:30:00,-1.05,,,,
400,11/25/24 21:45:00,-0.925,,,,
401,11/25/24 22:00:00,-0.925,,,,
402,11/25/24 22:15:00,-1.05,,,,
403,11/25/24 22:30:00,-1.075,,,,
404,11/25/24 22:45:00,-1.05,,,,
405,11/25/24 23:00:00,-1.025,,,,
406,11/25/24 23:15:00,-0.4,,,,
407,11/25/24 23:30:00,-0.925,,,,
408,11/25/24 23:45:00,-0.95,,,,
409,11/26/24 00:00:00,-1.075,,,,
410,11/26/24 00:15:00,-1.025,,,,
411,11/26/24 00:30:00,-1,,,,
412,11/26/24 00:45:00,-1.05,,,,
413,11/26/24 01:00:00,-1,,,,
414,11/26/24 01:15:00,-1.1,,,,
415,11/26/24 01:30:00,-1.1,,,,
416,11/26/24 01:45:00,-1,,,,
417,11/26/24 02:00:00,-0.975,,,,
418,11/26/24 02:15:00,-1.025,,,,
419,11/26/24 02:30:00,-1.075,,,,
420,11/26/24 02:45:00,-1.025,,,,
421,11/26/24 03:00:00,-1.05,,,,
422,11/26/24 03:15:00,-1.025,,,,
423,11/26/24 03:30:00,-1.025,,,,
424,11/26/24 03:45:00,-1.025,,,,
425,11/26/24 04:00:00,-1.025,,,,
426,11/26/24 04:15:00,-1.05,,,,
427,11/26/24 04:30:00,-1.025,,,,
428,11/26/24 04:45:00,-1.025,,,,
429,11/26/24 05:00:00,-1.025,,,,
430,11/26/24 05:15:00,-1.025,,,,
431,11/26/24 05:30:00,-1.025,,,,
432,11/26/24 05:45:00,-1.025,,,,
433,11/26/24 06:00:00,-1.025,,,,
434,11/26/24 06:15:00,-1.025,,,,
435,11/26/24 06:30:00,-1.025,,,,
436,11/26/24 06:45:00,-1.025,,,,
437,11/26/24 07:00:00,-1.025,,,,
438,11/26/24 07:15:00,-1.025,,,,
439,11/26/24 07:30:00,-1.025,,,,
440,11/26/24 07:45:00,-1.025,,,,
441,11/26/24 08:00:00,-1.05,,,,
442,11/26/24 08:15:00,-1,,,,
443,11/26/24 08:30:00,-0.975,,,,
444,11/26/24 08:45:00,-1.025,,,,
445,11/26/24 09:00:00,-1,,,,
446,11/26/24 09:15:00,-1.05,,,,
447,11/26/24 09:30:00,-1.025,,,,
448,11/26/24 09:45:00,-1.025,,,,
449,11/26/24 10:00:00,-1.025,,,,
450,11/26/24 10:15:00,-1.025,,,,
451,11/26/24 10:30:00,-1.025,,,,
452,11/26/24 10:45:00,-1,,,,
453,11/26/24 11:00:00,-0.975,,,,
454,11/26/24 11:15:00,-1.05,,,,
455,11/26/24 11:30:00,-1.05,,,,
456,11/26/24 11:45:00,-1.05,,,,
457,11/26/24 12:00:00,-1.025,,,,
458,11/26/24 12:15:00,-1.025,,,,
459,11/26/24 12:30:00,-1.025,,,,
460,11/26/24 12:45:00,-1.025,,,,
461,11/26/24 13:00:00,-1.05,,,,
462,11/26/24 13:15:00,-1.025,,,,
463,11/26/24 13:30:00,-1.025,,,,
464,11/26/24 13:45:00,-1,,,,
465,11/26/24 14:00:00,-1,,,,
466,11/26/24 14:15:00,-1.025,,,,
467,11/26/24 14:30:00,-1.025,,,,
468,11/26/24 14:45:00,-1.025,,,,
469,11/26/24 15:00:00,-1.025,,,,
470,11/26/24 15:15:00,-1.05,,,,
471,11/26/24 15:30:00,-1,,,,
472,11/26/24 15:45:00,-1.05,,,,
473,11/26/24 16:00:00,-1.025,,,,
474,11/26/24 16:15:00,-1.025,,,,
475,11/26/24 16:30:00,-1.025,,,,
476,11/26/24 16:45:00,-1.025,,,,
477,11/26/24 17:00:00,-1.025,,,,
478,11/26/24 17:15:00,-1.025,,,,
479,11/26/24 17:30:00,-1.025,,,,
480,11/26/24 17:45:00,-1.025,,,,
481,11/26/24 18:00:00,-1.025,,,,
482,11/26/24 18:15:00,-1.025,,,,
483,11/26/24 18:30:00,-1.025,,,,
484,11/26/24 18:45:00,-1.025,,,,
485,11/26/24 19:00:00,-1.05,,,,
486,11/26/24 19:15:00,-1.025,,,,
487,11/26/24 19:30:00,-1.025,,,,
488,11/26/24 19:45:00,-1.025,,,,
489,11/26/24 20:00:00,-1.025,,,,
490,11/26/24 20:15:00,-1.025,,,,
491,11/26/24 20:30:00,-1.025,,,,
492,11/26/24 20:45:00,-1.025,,,,
493,11/26/24 21:00:00,-1.05,,,,
494,11/26/24 21:15:00,-1.05,,,,
495,11/26/24 21:30:00,-1.025,,,,
496,11/26/24 21:45:00,-1.05,,,,
497,11/26/24 22:00:00,-1.025,,,,
498,11/26/24 22:15:00,-1.025,,,,
499,11/26/24 22:30:00,-1.025,,,,
500,11/26/24 22:45:00,-1.025,,,,
501,11/26/24 23:00:00,-1.025,,,,
502,11/26/24 23:15:00,-1.05,,,,
503,11/26/24 23:30:00,-1.05,,,,
504,11/26/24 23:45:00,-1.025,,,,
505,11/27/24 00:00:00,-1.025,,,,
506,11/27/24 00:15:00,-1.075,,,,
507,11/27/24 00:30:00,-1.025,,,,
508,11/27/24 00:45:00,-1.025,,,,
509,11/27/24 01:00:00,-1.025,,,,
510,11/27/24 01:15:00,-1.05,,,,
511,11/27/24 01:30:00,-1.05,,,,
512,11/27/24 01:45:00,-1.025,,,,
513,11/27/24 02:00:00,-1.075,,,,
514,11/27/24 02:15:00,-1.025,,,,
515,11/27/24 02:30:00,-1.025,,,,
516,11/27/24 02:45:00,-1.025,,,,
517,11/27/24 03:00:00,-1.025,,,,
518,11/27/24 03:15:00,-1.025,,,,
519,11/27/24 03:30:00,-1.025,,,,
520,11/27/24 03:45:00,-1.05,,,,
521,11/27/24 04:00:00,-1.025,,,,
522,11/27/24 04:15:00,-1.025,,,,
523,11/27/24 04:30:00,-1,,,,
524,11/27/24 04:45:00,-1.025,,,,
525,11/27/24 05:00:00,-1.025,,,,
526,11/27/24 05:15:00,-1.025,,,,
527,11/27/24 05:30:00,-1.025,,,,
528,11/27/24 05:45:00,-1.05,,,,
529,11/27/24 06:00:00,-1.025,,,,
530,11/27/24 06:15:00,-1.025,,,,
531,11/27/24 06:30:00,-1.025,,,,
532,11/27/24 06:45:00,-1.025,,,,
533,11/27/24 07:00:00,-1.025,,,,
534,11/27/24 07:15:00,-1.025,,,,
535,11/27/24 07:30:00,-1.075,,,,
536,11/27/24 07:45:00,-1,,,,
537,11/27/24 08:00:00,-1.025,,,,
538,11/27/24 08:15:00,-1.025,,,,
539,11/27/24 08:30:00,-1.025,,,,
540,11/27/24 08:45:00,-1.025,,,,
541,11/27/24 09:00:00,-1.025,,,,
542,11/27/24 09:15:00,-1.025,,,,
543,11/27/24 09:30:00,-1.025,,,,
544,11/27/24 09:45:00,-1.025,,,,
545,11/27/24 10:00:00,-1.025,,,,
546,11/27/24 10:15:00,-1.025,,,,
547,11/27/24 10:30:00,-1.025,,,,
548,11/27/24 10:45:00,-1.025,,,,
549,11/27/24 11:00:00,-1.025,,,,
550,11/27/24 11:15:00,-1.025,,,,
551,11/27/24 11:30:00,-1.05,,,,
552,11/27/24 11:45:00,-1.025,,,,
553,11/27/24 12:00:00,-1.025,,,,
554,11/27/24 12:15:00,-1.025,,,,
555,11/27/24 12:30:00,-1.025,,,,
556,11/27/24 12:45:00,-1.025,,,,
557,11/27/24 13:00:00,-1.075,,,,
558,11/27/24 13:15:00,-1.025,,,,
559,11/27/24 13:30:00,-1.05,,,,
560,11/27/24 13:45:00,-1.025,,,,
561,11/27/24 14:00:00,-1.025,,,,
562,11/27/24 14:15:00,-1.025,,,,
563,11/27/24 14:30:00,-1.025,,,,
564,11/27/24 14:45:00,-1.025,,,,
565,11/27/24 15:00:00,-1.025,,,,
566,11/27/24 15:15:00,-1.025,,,,
567,11/27/24 15:30:00,-1.025,,,,
568,11/27/24 15:45:00,-1.05,,,,
569,11/27/24 16:00:00,-1.025,,,,
570,11/27/24 16:15:00,-1.05,,,,
571,11/27/24 16:30:00,-1.025,,,,
572,11/27/24 16:45:00,-1.025,,,,
573,11/27/24 17:00:00,-1.025,,,,
574,11/27/24 17:15:00,-1.025,,,,
575,11/27/24 17:30:00,-1.025,,,,
576,11/27/24 17:45:00,-1.05,,,,
577,11/27/24 18:00:00,-1.025,,,,
578,11/27/24 18:15:00,-1.025,,,,
579,11/27/24 18:30:00,-1.05,,,,
580,11/27/24 18:45:00,-1.025,,,,
581,11/27/24 19:00:00,-1.025,,,,
582,11/27/24 19:15:00,-1.025,,,,
583,11/27/24 19:30:00,-1.025,,,,
584,11/27/24 19:45:00,-1.025,,,,
585,11/27/24 20:00:00,-1.025,,,,
586,11/27/24 20:15:00,-1.025,,,,
587,11/27/24 20:30:00,-1.025,,,,
588,11/27/24 20:45:00,-1.025,,,,
589,11/27/24 21:00:00,-1.025,,,,
590,11/27/24 21:15:00,-1.025,,,,
591,11/27/24 21:30:00,-1.025,,,,
592,11/27/24 21:45:00,-1.025,,,,
593,11/27/24 22:00:00,-1.025,,,,
594,11/27/24 22:15:00,-1.025,,,,
595,11/27/24 22:30:00,-1.025,,,,
596,11/27/24 22:45:00,-1.025,,,,
597,11/27/24 23:00:00,-1.075,,,,
598,11/27/24 23:15:00,-1.025,,,,
599,11/27/24 23:30:00,-1.025,,,,
600,11/27/24 23:45:00,-1.025,,,,
601,11/28/24 00:00:00,-1.05,,,,
602,11/28/24 00:15:00,-1,,,,
603,11/28/24 00:30:00,-1.025,,,,
604,11/28/24 00:45:00,-1.075,,,,
605,11/28/24 01:00:00,-1.025,,,,
606,11/28/24 01:15:00,-1.025,,,,
607,11/28/24 01:30:00,-1.05,,,,
608,11/28/24 01:45:00,-1,,,,
609,11/28/24 02:00:00,-1.025,,,,
610,11/28/24 02:15:00,-1.025,,,,
611,11/28/24 02:30:00,-1.025,,,,
612,11/28/24 02:45:00,-1.025,,,,
613,11/28/24 03:00:00,-1.025,,,,
614,11/28/24 03:15:00,-1.025,,,,
615,11/28/24 03:30:00,-1.025,,,,
616,11/28/24 03:45:00,-1.05,,,,
617,11/28/24 04:00:00,-1,,,,
618,11/28/24 04:15:00,-1.025,,,,
619,11/28/24 04:30:00,-0.925,,,,
620,11/28/24 04:45:00,-1.05,,,,
621,11/28/24 05:00:00,-1.025,,,,
622,11/28/24 05:15:00,-1.025,,,,
623,11/28/24 05:30:00,-1.05,,,,
624,11/28/24 05:45:00,-1.025,,,,
625,11/28/24 06:00:00,-1.1,,,,
626,11/28/24 06:15:00,-1.025,,,,
627,11/28/24 06:30:00,-1,,,,
628,11/28/24 06:45:00,-0.95,,,,
629,11/28/24 07:00:00,-1,,,,
630,11/28/24 07:15:00,-1.025,,,,
631,11/28/24 07:30:00,-1,,,,
632,11/28/24 07:45:00,-1.05,,,,
633,11/28/24 08:00:00,-0.975,,,,
634,11/28/24 08:15:00,-1,,,,
635,11/28/24 08:30:00,-1.025,,,,
636,11/28/24 08:45:00,-0.975,,,,
637,11/28/24 09:00:00,-0.95,,,,
638,11/28/24 09:15:00,-1.05,,,,
639,11/28/24 09:30:00,-1.025,,,,
640,11/28/24 09:45:00,-1,,,,
641,11/28/24 10:00:00,-0.975,,,,
642,11/28/24 10:15:00,-0.975,,,,
643,11/28/24 10:30:00,-0.925,,,,
644,11/28/24 10:45:00,-1,,,,
645,11/28/24 11:00:00,-1,,,,
646,11/28/24 11:15:00,-0.95,,,,
647,11/28/24 11:30:00,-1.025,,,,
648,11/28/24 11:45:00,-1.05,,,,
649,11/28/24 12:00:00,-1.025,,,,
650,11/28/24 12:15:00,-1.1,,,,
651,11/28/24 12:30:00,-0.975,,,,
652,11/28/24 12:45:00,-0.975,,,,
653,11/28/24 13:00:00,-0.9,,,,
654,11/28/24 13:15:00,-1,,,,
655,11/28/24 13:30:00,-0.9,,,,
656,11/28/24 13:45:00,-0.8,,,,
657,11/28/24 14:00:00,-0.85,,,,
658,11/28/24 14:15:00,-0.975,,,,
659,11/28/24 14:30:00,-1.025,,,,
660,11/28/24 14:45:00,-1.1,,,,
661,11/28/24 15:00:00,-0.975,,,,
662,11/28/24 15:15:00,-1,,,,
663,11/28/24 15:30:00,-1.125,,,,
664,11/28/24 15:45:00,-1.125,,,,
665,11/28/24 16:00:00,-1,,,,
666,11/28/24 16:15:00,-1.025,,,,
667,11/28/24 16:30:00,-1.125,,,,
668,11/28/24 16:45:00,-1.05,,,,
669,11/28/24 17:00:00,-1.075,,,,
670,11/28/24 17:15:00,-1,,,,
671,11/28/24 17:30:00,-1,,,,
672,11/28/24 17:45:00,-1,,,,
673,11/28/24 18:00:00,-0.9,,,,
674,11/28/24 18:15:00,-1.075,,,,
675,11/28/24 18:30:00,-0.975,,,,
676,11/28/24 18:45:00,-0.55,,,,
677,11/28/24 19:00:00,-1.075,,,,
678,11/28/24 19:15:00,-0.75,,,,
679,11/28/24 19:30:00,-1.075,,,,
680,11/28/24 19:45:00,-0.9,,,,
681,11/28/24 20:00:00,-1,,,,
682,11/28/24 20:15:00,-1.075,,,,
683,11/28/24 20:30:00,-0.85,,,,
684,11/28/24 20:45:00,-0.55,,,,
685,11/28/24 21:00:00,-0.625,,,,
686,11/28/24 21:15:00,-0.9,,,,
687,11/28/24 21:30:00,-0.1,,,,
688,11/28/24 21:45:00,-1,,,,
689,11/28/24 22:00:00,-0.6,,,,
690,11/28/24 22:15:00,-0.95,,,,
691,11/28/24 22:30:00,-0.9,,,,
692,11/28/24 22:45:00,-0.9,,,,
693,11/28/24 23:00:00,-1.15,,,,
694,11/28/24 23:15:00,-0.975,,,,
695,11/28/24 23:30:00,-0.375,,,,
696,11/28/24 23:45:00,-1.025,,,,
697,11/29/24 00:00:00,-1.05,,,,
698,11/29/24 00:15:00,-0.975,,,,
699,11/29/24 00:30:00,-1.1,,,,
700,11/29/24 00:45:00,-1.1,,,,
701,11/29/24 01:00:00,-1.025,,,,
702,11/29/24 01:15:00,-0.625,,,,
703,11/29/24 01:30:00,-0.7,,,,
704,11/29/24 01:45:00,-1.15,,,,
705,11/29/24 02:00:00,-1.15,,,,
706,11/29/24 02:15:00,0.225,,,,
707,11/29/24 02:30:00,-0.5,,,,
708,11/29/24 02:45:00,-0.325,,,,
709,11/29/24 03:00:00,-1.05,,,,
710,11/29/24 03:15:00,-1.1,,,,
711,11/29/24 03:30:00,-1,,,,
712,11/29/24 03:45:00,-0.975,,,,
713,11/29/24 04:00:00,-1.075,,,,
714,11/29/24 04:15:00,-0.95,,,,
715,11/29/24 04:30:00,-0.9,,,,
716,11/29/24 04:45:00,-1,,,,
717,11/29/24 05:00:00,-1.025,,,,
718,11/29/24 05:15:00,-0.925,,,,
719,11/29/24 05:30:00,-0.875,,,,
720,11/29/24 05:45:00,-0.65,,,,
721,11/29/24 06:00:00,-0.975,,,,
722,11/29/24 06:15:00,-0.65,,,,
723,11/29/24 06:30:00,-0.925,,,,
724,11/29/24 06:45:00,-0.925,,,,
725,11/29/24 07:00:00,-1.125,,,,
726,11/29/24 07:15:00,0.5,,,,
727,11/29/24 07:30:00,-0.025,,,,
728,11/29/24 07:45:00,-1.075,,,,
729,11/29/24 08:00:00,-1.05,,,,
730,11/29/24 08:15:00,-0.875,,,,
731,11/29/24 08:30:00,-1.075,,,,
732,11/29/24 08:45:00,-0.925,,,,
733,11/29/24 09:00:00,-1.025,,,,
734,11/29/24 09:15:00,-0.35,,,,
735,11/29/24 09:30:00,-0.7,,,,
736,11/29/24 09:45:00,-1.025,,,,
737,11/29/24 10:00:00,-0.9,,,,
738,11/29/24 10:15:00,-1.05,,,,
739,11/29/24 10:30:00,-0.85,,,,
740,11/29/24 10:45:00,-1.025,,,,
741,11/29/24 11:00:00,-0.85,,,,
742,11/29/24 11:15:00,0.45,,,,
743,11/29/24 11:30:00,-0.8,,,,
744,11/29/24 11:45:00,-1.025,,,,
745,11/29/24 12:00:00,-1.075,,,,
746,11/29/24 12:15:00,-0.85,,,,
747,11/29/24 12:30:00,-1.15,,,,
748,11/29/24 12:45:00,-1.1,,,,
749,11/29/24 13:00:00,-0.825,,,,
750,11/29/24 13:15:00,-0.875,,,,
751,11/29/24 13:30:00,-0.55,,,,
752,11/29/24 13:45:00,-0.775,,,,
753,11/29/24 14:00:00,-0.75,,,,
754,11/29/24 14:15:00,-1.125,,,,
755,11/29/24 14:30:00,-1.025,,,,
756,11/29/24 14:45:00,-0.3,,,,
757,11/29/24 15:00:00,-1.05,,,,
758,11/29/24 15:15:00,-1.175,,,,
759,11/29/24 15:30:00,-1.125,,,,
760,11/29/24 15:45:00,-1.05,,,,
761,11/29/24 16:00:00,-1,,,,
762,11/29/24 16:15:00,-0.8,,,,
763,11/29/24 16:30:00,-1.05,,,,
764,11/29/24 16:45:00,-0.7,,,,
765,11/29/24 17:00:00,-1.1,,,,
766,11/29/24 17:15:00,-0.825,,,,
767,11/29/24 17:30:00,0.55,,,,
768,11/29/24 17:45:00,-1.1,,,,
769,11/29/24 18:00:00,-1,,,,
770,11/29/24 18:15:00,-0.925,,,,
771,11/29/24 18:30:00,-1.125,,,,
772,11/29/24 18:45:00,-1.125,,,,
773,11/29/24 19:00:00,-0.9,,,,
774,11/29/24 19:15:00,-1.075,,,,
775,11/29/24 19:30:00,-0.975,,,,
776,11/29/24 19:45:00,0.375,,,,
777,11/29/24 20:00:00,-1.05,,,,
778,11/29/24 20:15:00,-1.05,,,,
779,11/29/24 20:30:00,-0.225,,,,
780,11/29/24 20:45:00,-1.075,,,,
781,11/29/24 21:00:00,-1.025,,,,
782,11/29/24 21:15:00,-1.15,,,,
783,11/29/24 21:30:00,-0.525,,,,
784,11/29/24 21:45:00,-1.1,,,,
785,11/29/24 22:00:00,-0.475,,,,
786,11/29/24 22:15:00,-0.95,,,,
787,11/29/24 22:30:00,-1.125,,,,
788,11/29/24 22:45:00,-0.975,,,,
789,11/29/24 23:00:00,-0.6,,,,
790,11/29/24 23:15:00,-0.875,,,,
791,11/29/24 23:30:00,-0.8,,,,
792,11/29/24 23:45:00,-0.95,,,,
793,11/30/24 00:00:00,-0.675,,,,
794,11/30/24 00:15:00,-0.95,,,,
795,11/30/24 00:30:00,-0.875,,,,
796,11/30/24 00:45:00,-0.75,,,,
797,11/30/24 01:00:00,-0.1,,,,
798,11/30/24 01:15:00,-0.95,,,,
799,11/30/24 01:30:00,-0.825,,,,
800,11/30/24 01:45:00,0.325,,,,
801,11/30/24 02:00:00,-1,,,,
802,11/30/24 02:15:00,-1,,,,
803,11/30/24 02:30:00,-0.125,,,,
804,11/30/24 02:45:00,-1.125,,,,
805,11/30/24 03:00:00,0.1,,,,
806,11/30/24 03:15:00,-1.05,,,,
807,11/30/24 03:30:00,-1,,,,
808,11/30/24 03:45:00,-1,,,,
809,11/30/24 04:00:00,-0.975,,,,
810,11/30/24 04:15:00,-0.9,,,,
811,11/30/24 04:30:00,-0.825,,,,
812,11/30/24 04:45:00,-1.125,,,,
813,11/30/24 05:00:00,0.925,,,,
814,11/30/24 05:15:00,0.25,,,,
815,11/30/24 05:30:00,-0.875,,,,
816,11/30/24 05:45:00,-1.025,,,,
817,11/30/24 06:00:00,-1.05,,,,
818,11/30/24 06:15:00,-0.8,,,,
819,11/30/24 06:30:00,-0.975,,,,
820,11/30/24 06:45:00,-0.75,,,,
821,11/30/24 07:00:00,-0.4,,,,
822,11/30/24 07:15:00,-0.35,,,,
823,11/30/24 07:30:00,-0.95,,,,
824,11/30/24 07:45:00,-0.95,,,,
825,11/30/24 08:00:00,-0.05,,,,
826,11/30/24 08:15:00,-1.1,,,,
827,11/30/24 08:30:00,-0.975,,,,
828,11/30/24 08:45:00,0.175,,,,
829,11/30/24 09:00:00,0.325,,,,
830,11/30/24 09:15:00,-0.975,,,,
831,11/30/24 09:30:00,-0.95,,,,
832,11/30/24 09:45:00,-1.025,,,,
833,11/30/24 10:00:00,-0.75,,,,
834,11/30/24 10:15:00,-0.7,,,,
835,11/30/24 10:30:00,-1.1,,,,
836,11/30/24 10:45:00,-0.9,,,,
837,11/30/24 11:00:00,-1,,,,
838,11/30/24 11:15:00,-0.925,,,,
839,11/30/24 11:30:00,-1.025,,,,
840,11/30/24 11:45:00,-0.625,,,,
841,11/30/24 12:00:00,-1.05,,,,
842,11/30/24 12:15:00,-0.975,,,,
843,11/30/24 12:30:00,-0.975,,,,
844,11/30/24 12:45:00,-1.125,,,,
845,11/30/24 13:00:00,-1.1,,,,
846,11/30/24 13:15:00,-0.25,,,,
847,11/30/24 13:30:00,-0.975,,,,
848,11/30/24 13:45:00,-1,,,,
849,11/30/24 14:00:00,-0.375,,,,
850,11/30/24 14:15:00,-1.025,,,,
851,11/30/24 14:30:00,0.1,,,,
852,11/30/24 14:45:00,-1.05,,,,
853,11/30/24 15:00:00,-1.025,,,,
854,11/30/24 15:15:00,-1.075,,,,
855,11/30/24 15:30:00,-0.95,,,,
856,11/30/24 15:45:00,-1.1,,,,
857,11/30/24 16:00:00,-0.275,,,,
858,11/30/24 16:15:00,-0.3,,,,
859,11/30/24 16:30:00,-0.9,,,,
860,11/30/24 16:45:00,-0.5,,,,
861,11/30/24 17:00:00,-1.175,,,,
862,11/30/24 17:15:00,-1.2,,,,
863,11/30/24 17:30:00,-0.575,,,,
864,11/30/24 17:45:00,-0.775,,,,
865,11/30/24 18:00:00,-1.15,,,,
866,11/30/24 18:15:00,-0.9,,,,
867,11/30/24 18:30:00,-0.075,,,,
868,11/30/24 18:45:00,-0.975,,,,
869,11/30/24 19:00:00,0.275,,,,
870,11/30/24 19:15:00,-1.125,,,,
871,11/30/24 19:30:00,-1.05,,,,
872,11/30/24 19:45:00,-0.475,,,,
873,11/30/24 20:00:00,0.075,,,,
874,11/30/24 20:15:00,-0.75,,,,
875,11/30/24 20:30:00,-1.125,,,,
876,11/30/24 20:45:00,-0.275,,,,
877,11/30/24 21:00:00,-1.25,,,,
878,11/30/24 21:15:00,-1.175,,,,
879,11/30/24 21:30:00,-1,,,,
880,11/30/24 21:45:00,-0.925,,,,
881,11/30/24 22:00:00,0.275,,,,
882,11/30/24 22:15:00,-0.325,,,,
883,11/30/24 22:30:00,-0.825,,,,
884,11/30/24 22:45:00,0.775,,,,
885,11/30/24 23:00:00,-0.9,,,,
886,11/30/24 23:15:00,-1.025,,,,
887,11/30/24 23:30:00,0.325,,,,
888,11/30/24 23:45:00,-0.8,,,,
889,12/01/2024 00:00,-0.175,,,,
890,12/01/2024 00:15,-1,,,,
891,12/01/2024 00:30,-1,,,,
892,12/01/2024 00:45,-1,,,,
893,12/01/2024 01:00,-0.9,,,,
894,12/01/2024 01:15,-0.25,,,,
895,12/01/2024 01:30,-1.025,,,,
896,12/01/2024 01:45,-0.925,,,,
897,12/01/2024 02:00,-0.525,,,,
898,12/01/2024 02:15,-0.825,,,,
899,12/01/2024 02:30,-0.7,,,,
900,12/01/2024 02:45,0.95,,,,
901,12/01/2024 03:00,-0.875,,,,
902,12/01/2024 03:15,-0.875,,,,
903,12/01/2024 03:30,-0.75,,,,
904,12/01/2024 03:45,-0.825,,,,
905,12/01/2024 04:00,-0.925,,,,
906,12/01/2024 04:15,-0.775,,,,
907,12/01/2024 04:30,-0.825,,,,
908,12/01/2024 04:45,-1.025,,,,
909,12/01/2024 05:00,0.4,,,,
910,12/01/2024 05:15,-1.125,,,,
911,12/01/2024 05:30,-0.925,,,,
912,12/01/2024 05:45,-0.975,,,,
913,12/01/2024 06:00,-0.7,,,,
914,12/01/2024 06:15,-1,,,,
915,12/01/2024 06:30,-0.975,,,,
916,12/01/2024 06:45,-1.125,,,,
917,12/01/2024 07:00,-1.275,,,,
918,12/01/2024 07:15,-0.5,,,,
919,12/01/2024 07:30,-1.025,,,,
920,12/01/2024 07:45,-1.125,,,,
921,12/01/2024 08:00,-0.875,,,,
922,12/01/2024 08:15,0.225,,,,
923,12/01/2024 08:30,-0.775,,,,
924,12/01/2024 08:45,-1.025,,,,
925,12/01/2024 09:00,-1.025,,,,
926,12/01/2024 09:15,-0.875,,,,
927,12/01/2024 09:30,-1.025,,,,
928,12/01/2024 09:45,-0.925,,,,
929,12/01/2024 10:00,-1.1,,,,
930,12/01/2024 10:15,0.325,,,,
931,12/01/2024 10:30,-0.225,,,,
932,12/01/2024 10:45,-1.075,,,,
933,12/01/2024 11:00,-0.575,,,,
934,12/01/2024 11:15,-1.175,,,,
935,12/01/2024 11:30,-0.75,,,,
936,12/01/2024 11:45,0.85,,,,
937,12/01/2024 12:00,-0.75,,,,
938,12/01/2024 12:15,-0.925,,,,
939,12/01/2024 12:30,0.4,,,,
940,12/01/2024 12:45,-1,,,,
941,12/01/2024 13:00,1.025,,,,
942,12/01/2024 13:15,-0.95,,,,
943,12/01/2024 13:30,-1.025,,,,
944,12/01/2024 13:45,-0.875,,,,
945,12/01/2024 14:00,-0.2,,,,
946,12/01/2024 14:15,-0.525,,,,
947,12/01/2024 14:30,-0.1,,,,
948,12/01/2024 14:45,-0.975,,,,
949,12/01/2024 15:00,-0.925,,,,
950,12/01/2024 15:15,-0.975,,,,
951,12/01/2024 15:30,0.7,,,,
952,12/01/2024 15:45,-1.025,,,,
953,12/01/2024 16:00,-0.525,,,,
954,12/01/2024 16:15,-1.025,,,,
955,12/01/2024 16:30,-0.75,,,,
956,12/01/2024 16:45,0.25,,,,
957,12/01/2024 17:00,-1.125,,,,
958,12/01/2024 17:15,-0.975,,,,
959,12/01/2024 17:30,-1,,,,
960,12/01/2024 17:45,-1.075,,,,
961,12/01/2024 18:00,-0.875,,,,
962,12/01/2024 18:15,-1.075,,,,
963,12/01/2024 18:30,-1,,,,
964,12/01/2024 18:45,-0.75,,,,
965,12/01/2024 19:00,-0.975,,,,
966,12/01/2024 19:15,-1.075,,,,
967,12/01/2024 19:30,-1.1,,,,
968,12/01/2024 19:45,-0.125,,,,
969,12/01/2024 20:00,-1,,,,
970,12/01/2024 20:15,-0.875,,,,
971,12/01/2024 20:30,-1.025,,,,
972,12/01/2024 20:45,-1.075,,,,
973,12/01/2024 21:00,-1.025,,,,
974,12/01/2024 21:15,-0.925,,,,
975,12/01/2024 21:30,-1.025,,,,
976,12/01/2024 21:45,-0.725,,,,
977,12/01/2024 22:00,-1,,,,
978,12/01/2024 22:15,-1.125,,,,
979,12/01/2024 22:30,-1.025,,,,
980,12/01/2024 22:45,-1,,,,
981,12/01/2024 23:00,-1.025,,,,
982,12/01/2024 23:15,-1.025,,,,
983,12/01/2024 23:30,-0.975,,,,
984,12/01/2024 23:45,-1.05,,,,
985,12/02/2024 00:00,-1,,,,
986,12/02/2024 00:15,-1.025,,,,
987,12/02/2024 00:30,-1.075,,,,
988,12/02/2024 00:45,-1.025,,,,
989,12/02/2024 01:00,-1.05,,,,
990,12/02/2024 01:15,-1.05,,,,
991,12/02/2024 01:30,-1.025,,,,
992,12/02/2024 01:45,-0.975,,,,
993,12/02/2024 02:00,-1.05,,,,
994,12/02/2024 02:15,-0.3,,,,
995,12/02/2024 02:30,-1.125,,,,
996,12/02/2024 02:45,-1,,,,
997,12/02/2024 03:00,-0.95,,,,
998,12/02/2024 03:15,-0.9,,,,
999,12/02/2024 03:30,-1.1,,,,
1000,12/02/2024 03:45,-1.025,,,,
1001,12/02/2024 04:00,-1.075,,,,
1002,12/02/2024 04:15,-1.025,,,,
1003,12/02/2024 04:30,-1.075,,,,
1004,12/02/2024 04:45,-1.05,,,,
1005,12/02/2024 05:00,-0.975,,,,
1006,12/02/2024 05:15,-1.025,,,,
1007,12/02/2024 05:30,-1.075,,,,
1008,12/02/2024 05:45,-1.025,,,,
1009,12/02/2024 06:00,-0.975,,,,
1010,12/02/2024 06:15,-1.025,,,,
1011,12/02/2024 06:30,-1,,,,
1012,12/02/2024 06:45,-1.025,,,,
1013,12/02/2024 07:00,-1.025,,,,
1014,12/02/2024 07:15,-1.025,,,,
1015,12/02/2024 07:30,-1.025,,,,
1016,12/02/2024 07:45,-1.075,,,,
1017,12/02/2024 08:00,-1.05,,,,
1018,12/02/2024 08:15,-1.05,,,,
1019,12/02/2024 08:30,-1.025,,,,
1020,12/02/2024 08:45,-1.025,,,,
1021,12/02/2024 09:00,-1.075,,,,
1022,12/02/2024 09:15,-0.975,,,,
1023,12/02/2024 09:30,-1.025,,,,
1024,12/02/2024 09:45,-1.05,,,,
1025,12/02/2024 10:00,-1,,,,
1026,12/02/2024 10:15,-1.025,,,,
1027,12/02/2024 10:30,-1.05,,,,
1028,12/02/2024 10:45,-1.025,,,,
1029,12/02/2024 11:00,-1.05,,,,
1030,12/02/2024 11:15,-1.025,,,,
1031,12/02/2024 11:30,-1.025,,,,
1032,12/02/2024 11:45,-1.025,,,,
1033,12/02/2024 12:00,-1.025,,,,
1034,12/02/2024 12:15,-1.025,,,,
1035,12/02/2024 12:30,-1.025,,,,
1036,12/02/2024 12:45,-1.05,,,,
1037,12/02/2024 13:00,-1.025,,,,
1038,12/02/2024 13:15,-1.025,,,,
1039,12/02/2024 13:30,-1.025,,,,
1040,12/02/2024 13:45,-1.025,,,,
1041,12/02/2024 14:00,-1.025,,,,
1042,12/02/2024 14:15,-1.025,,,,
1043,12/02/2024 14:30,-1.05,,,,
1044,12/02/2024 14:45,-1.025,,,,
1045,12/02/2024 15:00,-1.025,,,,
1046,12/02/2024 15:15,-1.025,,,,
1047,12/02/2024 15:30,-1.025,,,,
1048,12/02/2024 15:45,-1.05,,,,
1049,12/02/2024 16:00,-1.025,,,,
1050,12/02/2024 16:15,-1.025,,,,
1051,12/02/2024 16:30,-1.025,,,,
1052,12/02/2024 16:45,-1.05,,,,
1053,12/02/2024 17:00,-1.025,,,,
1054,12/02/2024 17:15,-1,,,,
1055,12/02/2024 17:30,-1.05,,,,
1056,12/02/2024 17:45,-1.05,,,,
1057,12/02/2024 18:00,-0.975,,,,
1058,12/02/2024 18:15,-0.95,,,,
1059,12/02/2024 18:30,-1.025,,,,
1060,12/02/2024 18:45,-0.975,,,,
1061,12/02/2024 19:00,-1.075,,,,
1062,12/02/2024 19:15,-1.025,,,,
1063,12/02/2024 19:30,-1.025,,,,
1064,12/02/2024 19:45,-1.025,,,,
1065,12/02/2024 20:00,-1.025,,,,
1066,12/02/2024 20:15,-1.025,,,,
1067,12/02/2024 20:30,-1.025,,,,
1068,12/02/2024 20:45,-1.05,,,,
1069,12/02/2024 21:00,-1.025,,,,
1070,12/02/2024 21:15,-1.05,,,,
1071,12/02/2024 21:30,-1.025,,,,
1072,12/02/2024 21:45,-1,,,,
1073,12/02/2024 22:00,-1.025,,,,
1074,12/02/2024 22:15,-1.025,,,,
1075,12/02/2024 22:30,-1,,,,
1076,12/02/2024 22:45,-1.025,,,,
1077,12/02/2024 23:00,-1.025,,,,
1078,12/02/2024 23:15,-1.025,,,,
1079,12/02/2024 23:30,-1.05,,,,
1080,12/02/2024 23:45,-1.025,,,,
1081,12/03/2024 00:00,-1.025,,,,
1082,12/03/2024 00:15,-1.025,,,,
1083,12/03/2024 00:30,-1.075,,,,
1084,12/03/2024 00:45,-1.025,,,,
1085,12/03/2024 01:00,-1,,,,
1086,12/03/2024 01:15,-1.025,,,,
1087,12/03/2024 01:30,-1.025,,,,
1088,12/03/2024 01:45,-1,,,,
1089,12/03/2024 02:00,-1.025,,,,
1090,12/03/2024 02:15,-1.075,,,,
1091,12/03/2024 02:30,-1,,,,
1092,12/03/2024 02:45,-1.05,,,,
1093,12/03/2024 03:00,-1.025,,,,
1094,12/03/2024 03:15,-1.05,,,,
1095,12/03/2024 03:30,-0.975,,,,
1096,12/03/2024 03:45,-1.025,,,,
1097,12/03/2024 04:00,-1,,,,
1098,12/03/2024 04:15,-0.975,,,,
1099,12/03/2024 04:30,-1,,,,
1100,12/03/2024 04:45,-1.025,,,,
1101,12/03/2024 05:00,-1.025,,,,
1102,12/03/2024 05:15,-1.05,,,,
1103,12/03/2024 05:30,-1.05,,,,
1104,12/03/2024 05:45,-1,,,,
1105,12/03/2024 06:00,-1,,,,
1106,12/03/2024 06:15,-1.025,,,,
1107,12/03/2024 06:30,-1.025,,,,
1108,12/03/2024 06:45,-1.025,,,,
1109,12/03/2024 07:00,-1.05,,,,
1110,12/03/2024 07:15,-1.025,,,,
1111,12/03/2024 07:30,-1,,,,
1112,12/03/2024 07:45,-1.05,,,,
1113,12/03/2024 08:00,-1.05,,,,
1114,12/03/2024 08:15,-1.05,,,,
1115,12/03/2024 08:30,-1.075,,,,
1116,12/03/2024 08:45,-0.975,,,,
1117,12/03/2024 09:00,-1.025,,,,
1118,12/03/2024 09:15,-0.925,,,,
1119,12/03/2024 09:30,-1.125,,,,
1120,12/03/2024 09:45,-1.075,,,,
1121,12/03/2024 10:00,-1.025,,,,
1122,12/03/2024 10:15,-1.025,,,,
1123,12/03/2024 10:30,-0.975,,,,
1124,12/03/2024 10:45,-1,,,,
1125,12/03/2024 11:00,-0.9,,,,
1126,12/03/2024 11:15,-0.925,,,,
1127,12/03/2024 11:30,-1.025,,,,
1128,12/03/2024 11:45,-1,,,,
1129,12/03/2024 12:00,-0.975,,,,
1130,12/03/2024 12:15,-0.925,,,,
1131,12/03/2024 12:30,-1,,,,
1132,12/03/2024 12:45,-1.025,,,,
1133,12/03/2024 13:00,-1,,,,
1134,12/03/2024 13:15,-1.05,,,,
1135,12/03/2024 13:30,-1.05,,,,
1136,12/03/2024 13:45,-1.1,,,,
1137,12/03/2024 14:00,-1.025,,,,
1138,12/03/2024 14:15,0.75,,,,
1139,12/03/2024 14:30,-0.975,,,,
1140,12/03/2024 14:45,-1.075,,,,
1141,12/03/2024 15:00,-1.025,,,,
1142,12/03/2024 15:15,-0.975,,,,
1143,12/03/2024 15:30,-1.025,,,,
1144,12/03/2024 15:45,-0.675,,,,
1145,12/03/2024 16:00,0.075,,,,
1146,12/03/2024 16:15,-0.925,,,,
1147,12/03/2024 16:30,-0.925,,,,
1148,12/03/2024 16:45,-0.9,,,,
1149,12/03/2024 17:00,0.025,,,,
1150,12/03/2024 17:15,-1,,,,
1151,12/03/2024 17:30,0.1,,,,
1152,12/03/2024 17:45,-0.65,,,,
1153,12/03/2024 18:00,-0.975,,,,
1154,12/03/2024 18:15,-0.825,,,,
1155,12/03/2024 18:30,-1.15,,,,
1156,12/03/2024 18:45,-1.05,,,,
1157,12/03/2024 19:00,-1,,,,
1158,12/03/2024 19:15,-0.85,,,,
1159,12/03/2024 19:30,-0.9,,,,
1160,12/03/2024 19:45,-1.025,,,,
1161,12/03/2024 20:00,-1.025,,,,
1162,12/03/2024 20:15,-0.975,,,,
1163,12/03/2024 20:30,-1.075,,,,
1164,12/03/2024 20:45,-1,,,,
1165,12/03/2024 21:00,-1.075,,,,
1166,12/03/2024 21:15,-1.025,,,,
1167,12/03/2024 21:30,-1.025,,,,
1168,12/03/2024 21:45,-1.025,,,,
1169,12/03/2024 22:00,-1.025,,,,
1170,12/03/2024 22:15,-1.025,,,,
1171,12/03/2024 22:30,-1.025,,,,
1172,12/03/2024 22:45,-1.025,,,,
1173,12/03/2024 23:00,-1.025,,,,
1174,12/03/2024 23:15,-1.025,,,,
1175,12/03/2024 23:30,-1.025,,,,
1176,12/03/2024 23:45,-1.025,,,,
1177,12/04/2024 00:00,-1,,,,
1178,12/04/2024 00:15,-1.025,,,,
1179,12/04/2024 00:30,-1,,,,
1180,12/04/2024 00:45,-1.075,,,,
1181,12/04/2024 01:00,-1.075,,,,
1182,12/04/2024 01:15,-1.05,,,,
1183,12/04/2024 01:30,-1.05,,,,
1184,12/04/2024 01:45,-1.025,,,,
1185,12/04/2024 02:00,-1.05,,,,
1186,12/04/2024 02:15,-0.625,,,,
1187,12/04/2024 02:30,-1,,,,
1188,12/04/2024 02:45,-0.975,,,,
1189,12/04/2024 03:00,-0.675,,,,
1190,12/04/2024 03:15,-0.975,,,,
1191,12/04/2024 03:30,-1.075,,,,
1192,12/04/2024 03:45,-1,,,,
1193,12/04/2024 04:00,-1.025,,,,
1194,12/04/2024 04:15,-1.075,,,,
1195,12/04/2024 04:30,-1.025,,,,
1196,12/04/2024 04:45,-1.075,,,,
1197,12/04/2024 05:00,-0.975,,,,
1198,12/04/2024 05:15,-1.05,,,,
1199,12/04/2024 05:30,-1.025,,,,
1200,12/04/2024 05:45,-1.025,,,,
1201,12/04/2024 06:00,-1.025,,,,
1202,12/04/2024 06:15,-1.025,,,,
1203,12/04/2024 06:30,-1.025,,,,
1204,12/04/2024 06:45,-1.025,,,,
1205,12/04/2024 07:00,-1.025,,,,
1206,12/04/2024 07:15,-1.025,,,,
1207,12/04/2024 07:30,-1.05,,,,
1208,12/04/2024 07:45,-1.025,,,,
1209,12/04/2024 08:00,-1.025,,,,
1210,12/04/2024 08:15,-1.025,,,,
1211,12/04/2024 08:30,-1.025,,,,
1212,12/04/2024 08:45,-0.975,,,,
1213,12/04/2024 09:00,-1.075,,,,
1214,12/04/2024 09:15,-1.075,,,,
1215,12/04/2024 09:30,0.05,,,,
1216,12/04/2024 09:45,-1.025,,,,
1217,12/04/2024 10:00,-0.875,,,,
1218,12/04/2024 10:15,-1,,,,
1219,12/04/2024 10:30,-1.025,,,,
1220,12/04/2024 10:45,-0.525,,,,
1221,12/04/2024 11:00,-1,,,,
1222,12/04/2024 11:15,-1.025,,,,
1223,12/04/2024 11:30,-0.825,,,,
1224,12/04/2024 11:45,-0.625,,,,
1225,12/04/2024 12:00,-1.05,,,,
1226,12/04/2024 12:15,-1.05,,,,
1227,12/04/2024 12:30,-0.975,,,,
1228,12/04/2024 12:45,-1.075,,,,
1229,12/04/2024 13:00,-0.95,,,,
1230,12/04/2024 13:15,-1.025,,,,
1231,12/04/2024 13:30,0.05,,,,
1232,12/04/2024 13:45,-0.6,,,,
1233,12/04/2024 14:00,-0.875,,,,
1234,12/04/2024 14:15,-1.05,,,,
1235,12/04/2024 14:30,-1,,,,
1236,12/04/2024 14:45,-1.1,,,,
1237,12/04/2024 15:00,-0.95,,,,
1238,12/04/2024 15:15,-1,,,,
1239,12/04/2024 15:30,-1.05,,,,
1240,12/04/2024 15:45,-0.725,,,,
1241,12/04/2024 16:00,-1,,,,
1242,12/04/2024 16:15,-1.025,,,,
1243,12/04/2024 16:30,-0.875,,,,
1244,12/04/2024 16:45,-0.125,,,,
1245,12/04/2024 17:00,-1.025,,,,
1246,12/04/2024 17:15,-1.15,,,,
1247,12/04/2024 17:30,-0.65,,,,
1248,12/04/2024 17:45,-1.175,,,,
1249,12/04/2024 18:00,-0.125,,,,
1250,12/04/2024 18:15,-0.675,,,,
1251,12/04/2024 18:30,-0.6,,,,
1252,12/04/2024 18:45,-0.85,,,,
1253,12/04/2024 19:00,-0.525,,,,
1254,12/04/2024 19:15,-1.025,,,,
1255,12/04/2024 19:30,-0.5,,,,
1256,12/04/2024 19:45,-1.225,,,,
1257,12/04/2024 20:00,-0.675,,,,
1258,12/04/2024 20:15,-0.85,,,,
1259,12/04/2024 20:30,-1.05,,,,
1260,12/04/2024 20:45,-1.175,,,,
1261,12/04/2024 21:00,-0.75,,,,
1262,12/04/2024 21:15,0.7,,,,
1263,12/04/2024 21:30,-0.575,,,,
1264,12/04/2024 21:45,-1.1,,,,
1265,12/04/2024 22:00,-1.025,,,,
1266,12/04/2024 22:15,-1.075,,,,
1267,12/04/2024 22:30,-1.125,,,,
1268,12/04/2024 22:45,-0.9,,,,
1269,12/04/2024 23:00,-0.85,,,,
1270,12/04/2024 23:15,-1,,,,
1271,12/04/2024 23:30,-0.9,,,,
1272,12/04/2024 23:45,0.025,,,,
1273,12/05/2024 00:00,-0.9,,,,
1274,12/05/2024 00:15,0.025,,,,
1275,12/05/2024 00:30,-0.75,,,,
1276,12/05/2024 00:45,-0.4,,,,
1277,12/05/2024 01:00,0.775,,,,
1278,12/05/2024 01:15,-1.025,,,,
1279,12/05/2024 01:30,0.2,,,,
1280,12/05/2024 01:45,-0.95,,,,
1281,12/05/2024 02:00,-0.975,,,,
1282,12/05/2024 02:15,-0.95,,,,
1283,12/05/2024 02:30,-1.05,,,,
1284,12/05/2024 02:45,-0.55,,,,
1285,12/05/2024 03:00,-0.875,,,,
1286,12/05/2024 03:15,-0.925,,,,
1287,12/05/2024 03:30,-1.025,,,,
1288,12/05/2024 03:45,-1,,,,
1289,12/05/2024 04:00,-1.05,,,,
1290,12/05/2024 04:15,-1.075,,,,
1291,12/05/2024 04:30,-0.975,,,,
1292,12/05/2024 04:45,-1.025,,,,
1293,12/05/2024 05:00,-1.05,,,,
1294,12/05/2024 05:15,-0.975,,,,
1295,12/05/2024 05:30,-0.125,,,,
1296,12/05/2024 05:45,-1.05,,,,
1297,12/05/2024 06:00,-1.025,,,,
1298,12/05/2024 06:15,-1.075,,,,
1299,12/05/2024 06:30,-1.025,,,,
1300,12/05/2024 06:45,-0.975,,,,
1301,12/05/2024 07:00,-0.9,,,,
1302,12/05/2024 07:15,-0.875,,,,
1303,12/05/2024 07:30,-1.05,,,,
1304,12/05/2024 07:45,-1.025,,,,
1305,12/05/2024 08:00,-1.075,,,,
1306,12/05/2024 08:15,-1.125,,,,
1307,12/05/2024 08:30,-0.925,,,,
1308,12/05/2024 08:45,-0.6,,,,
1309,12/05/2024 09:00,0.1,,,,
1310,12/05/2024 09:15,-0.975,,,,
1311,12/05/2024 09:30,0.425,,,,
1312,12/05/2024 09:45,-1.025,,,,
1313,12/05/2024 10:00,-0.95,,,,
1314,12/05/2024 10:15,-0.975,,,,
1315,12/05/2024 10:30,-1.075,,,,
1316,12/05/2024 10:45,-0.125,,,,
1317,12/05/2024 11:00,-1,,,,
1318,12/05/2024 11:15,-0.875,,,,
1319,12/05/2024 11:30,-1.025,,,,
1320,12/05/2024 11:45,-0.925,,,,
1321,12/05/2024 12:00,-0.375,,,,
1322,12/05/2024 12:15,-0.55,,,,
1323,12/05/2024 12:30,0.2,,,,
1324,12/05/2024 12:45,-0.85,,,,
1325,12/05/2024 13:00,-0.95,,,,
1326,12/05/2024 13:15,0.925,,,,
1327,12/05/2024 13:30,-0.875,,,,
1328,12/05/2024 13:45,-0.775,,,,
1329,12/05/2024 14:00,-1.075,,,,
1330,12/05/2024 14:15,-0.75,,,,
1331,12/05/2024 14:30,0.575,,,,
1332,12/05/2024 14:45,-1,,,,
1333,12/05/2024 15:00,-0.25,,,,
1334,12/05/2024 15:15,-1.025,,,,
1335,12/05/2024 15:30,-0.8,,,,
1336,12/05/2024 15:45,-0.9,,,,
1337,12/05/2024 16:00,-0.525,,,,
1338,12/05/2024 16:15,-1,,,,
1339,12/05/2024 16:30,-0.975,,,,
1340,12/05/2024 16:45,-0.95,,,,
1341,12/05/2024 17:00,-1.025,,,,
1342,12/05/2024 17:15,-0.6,,,,
1343,12/05/2024 17:30,-1.05,,,,
1344,12/05/2024 17:45,-1.025,,,,
1345,12/05/2024 18:00,-0.8,,,,
1346,12/05/2024 18:15,-1.1,,,,
1347,12/05/2024 18:30,-0.925,,,,
1348,12/05/2024 18:45,-0.975,,,,
1349,12/05/2024 19:00,-1.075,,,,
1350,12/05/2024 19:15,-0.975,,,,
1351,12/05/2024 19:30,-0.975,,,,
1352,12/05/2024 19:45,-1.025,,,,
1353,12/05/2024 20:00,-1.025,,,,
1354,12/05/2024 20:15,-1.125,,,,
1355,12/05/2024 20:30,-1,,,,
1356,12/05/2024 20:45,-0.975,,,,
1357,12/05/2024 21:00,-1,,,,
1358,12/05/2024 21:15,-0.85,,,,
1359,12/05/2024 21:30,-0.975,,,,
1360,12/05/2024 21:45,-1.15,,,,
1361,12/05/2024 22:00,-0.95,,,,
1362,12/05/2024 22:15,-1.075,,,,
1363,12/05/2024 22:30,-1.025,,,,
1364,12/05/2024 22:45,-0.975,,,,
1365,12/05/2024 23:00,-1.1,,,,
1366,12/05/2024 23:15,-0.9,,,,
1367,12/05/2024 23:30,-0.65,,,,
1368,12/05/2024 23:45,-1.125,,,,
1369,12/06/2024 00:00,-0.975,,,,
1370,12/06/2024 00:15,-1.025,,,,
1371,12/06/2024 00:30,-1.075,,,,
1372,12/06/2024 00:45,-1.1,,,,
1373,12/06/2024 01:00,-0.475,,,,
1374,12/06/2024 01:15,-0.875,,,,
1375,12/06/2024 01:30,-1.1,,,,
1376,12/06/2024 01:45,-0.925,,,,
1377,12/06/2024 02:00,-1.1,,,,
1378,12/06/2024 02:15,-1.025,,,,
1379,12/06/2024 02:30,-1.05,,,,
1380,12/06/2024 02:45,-1,,,,
1381,12/06/2024 03:00,-0.9,,,,
1382,12/06/2024 03:15,-1.075,,,,
1383,12/06/2024 03:30,-0.975,,,,
1384,12/06/2024 03:45,-0.925,,,,
1385,12/06/2024 04:00,-1,,,,
1386,12/06/2024 04:15,-1.025,,,,
1387,12/06/2024 04:30,-0.875,,,,
1388,12/06/2024 04:45,-0.95,,,,
1389,12/06/2024 05:00,-1.025,,,,
1390,12/06/2024 05:15,-1.125,,,,
1391,12/06/2024 05:30,-0.975,,,,
1392,12/06/2024 05:45,-1.025,,,,
1393,12/06/2024 06:00,-1.025,,,,
1394,12/06/2024 06:15,-1.025,,,,
1395,12/06/2024 06:30,-1.025,,,,
1396,12/06/2024 06:45,-1.05,,,,
1397,12/06/2024 07:00,-1.025,,,,
1398,12/06/2024 07:15,-1.025,,,,
1399,12/06/2024 07:30,-1.05,,,,
1400,12/06/2024 07:45,-1.025,,,,
1401,12/06/2024 08:00,-1,,,,
1402,12/06/2024 08:15,-1.05,,,,
1403,12/06/2024 08:30,-1.025,,,,
1404,12/06/2024 08:45,-1.075,,,,
1405,12/06/2024 09:00,-1.075,,,,
1406,12/06/2024 09:15,-1.025,,,,
1407,12/06/2024 09:30,-1.075,,,,
1408,12/06/2024 09:45,-1.025,,,,
1409,12/06/2024 10:00,-1.025,,,,
1410,12/06/2024 10:15,-1.025,,,,
1411,12/06/2024 10:30,-1.025,,,,
1412,12/06/2024 10:45,-1.025,,,,
1413,12/06/2024 11:00,-1.05,,,,
1414,12/06/2024 11:15,-1.025,,,,
1415,12/06/2024 11:30,-1.025,,,,
1416,12/06/2024 11:45,-1.025,,,,
1417,12/06/2024 12:00,-1.025,,,,
1418,12/06/2024 12:15,-0.925,,,,
1419,12/06/2024 12:30,-0.95,,,,
1420,12/06/2024 12:45,-1.025,,,,
1421,12/06/2024 13:00,-1.025,,,,
1422,12/06/2024 13:15,-0.95,,,,
1423,12/06/2024 13:30,-0.975,,,,
1424,12/06/2024 13:45,-1.05,,,,
1425,12/06/2024 14:00,-1.025,,,,
1426,12/06/2024 14:15,-1.05,,,,
1427,12/06/2024 14:30,-0.95,,,,
1428,12/06/2024 14:45,-0.95,,,,
1429,12/06/2024 15:00,-1.025,,,,
1430,12/06/2024 15:15,-1,,,,
1431,12/06/2024 15:30,-0.875,,,,
1432,12/06/2024 15:45,-1.1,,,,
1433,12/06/2024 16:00,-1.1,,,,
1434,12/06/2024 16:15,-1.025,,,,
1435,12/06/2024 16:30,-0.975,,,,
1436,12/06/2024 16:45,-0.7,,,,
1437,12/06/2024 17:00,-1.025,,,,
1438,12/06/2024 17:15,-1.025,,,,
1439,12/06/2024 17:30,-1.025,,,,
1440,12/06/2024 17:45,-0.9,,,,
1441,12/06/2024 18:00,-1,,,,
1442,12/06/2024 18:15,-1.05,,,,
1443,12/06/2024 18:30,-1.125,,,,
1444,12/06/2024 18:45,-0.85,,,,
1445,12/06/2024 19:00,-0.925,,,,
1446,12/06/2024 19:15,-1.025,,,,
1447,12/06/2024 19:30,-0.725,,,,
1448,12/06/2024 19:45,-0.925,,,,
1449,12/06/2024 20:00,-1.075,,,,
1450,12/06/2024 20:15,-0.975,,,,
1451,12/06/2024 20:30,-0.8,,,,
1452,12/06/2024 20:45,-0.85,,,,
1453,12/06/2024 21:00,-0.9,,,,
1454,12/06/2024 21:15,-1.025,,,,
1455,12/06/2024 21:30,-0.9,,,,
1456,12/06/2024 21:45,-0.775,,,,
1457,12/06/2024 22:00,-0.8,,,,
1458,12/06/2024 22:15,-0.9,,,,
1459,12/06/2024 22:30,-0.625,,,,
1460,12/06/2024 22:45,-0.725,,,,
1461,12/06/2024 23:00,-0.7,,,,
1462,12/06/2024 23:15,-0.725,,,,
1463,12/06/2024 23:30,-0.7,,,,
1464,12/06/2024 23:45,-0.7,,,,
1465,12/07/2024 00:00,-0.725,,,,
1466,12/07/2024 00:15,-0.875,,,,
1467,12/07/2024 00:30,-1.05,,,,
1468,12/07/2024 00:45,-0.8,,,,
1469,12/07/2024 01:00,-0.975,,,,
1470,12/07/2024 01:15,-1.1,,,,
1471,12/07/2024 01:30,-1.05,,,,
1472,12/07/2024 01:45,-1.025,,,,
1473,12/07/2024 02:00,-1.05,,,,
1474,12/07/2024 02:15,-1.025,,,,
1475,12/07/2024 02:30,-0.975,,,,
1476,12/07/2024 02:45,-1.025,,,,
1477,12/07/2024 03:00,-1.025,,,,
1478,12/07/2024 03:15,-1,,,,
1479,12/07/2024 03:30,-1.1,,,,
1480,12/07/2024 03:45,-1.125,,,,
1481,12/07/2024 04:00,-0.925,,,,
1482,12/07/2024 04:15,-1.075,,,,
1483,12/07/2024 04:30,-1.025,,,,
1484,12/07/2024 04:45,-1.075,,,,
1485,12/07/2024 05:00,-1,,,,
1486,12/07/2024 05:15,-0.775,,,,
1487,12/07/2024 05:30,-1.175,,,,
1488,12/07/2024 05:45,-0.925,,,,
1489,12/07/2024 06:00,-0.775,,,,
1490,12/07/2024 06:15,-0.825,,,,
1491,12/07/2024 06:30,-0.925,,,,
1492,12/07/2024 06:45,-0.975,,,,
1493,12/07/2024 07:00,-1.025,,,,
1494,12/07/2024 07:15,-1.025,,,,
1495,12/07/2024 07:30,-1,,,,
1496,12/07/2024 07:45,-0.95,,,,
1497,12/07/2024 08:00,-0.975,,,,
1498,12/07/2024 08:15,-0.525,,,,
1499,12/07/2024 08:30,-1.05,,,,
1500,12/07/2024 08:45,-0.9,,,,
1501,12/07/2024 09:00,-1.15,,,,
1502,12/07/2024 09:15,-1.125,,,,
1503,12/07/2024 09:30,-1.125,,,,
1504,12/07/2024 09:45,-0.9,,,,
1505,12/07/2024 10:00,-0.825,,,,
1506,12/07/2024 10:15,-0.875,,,,
1507,12/07/2024 10:30,-0.575,,,,
1508,12/07/2024 10:45,-0.975,,,,
1509,12/07/2024 11:00,-0.975,,,,
1510,12/07/2024 11:15,-0.925,,,,
1511,12/07/2024 11:30,-1.1,,,,
1512,12/07/2024 11:45,-1.175,,,,
1513,12/07/2024 12:00,-0.975,,,,
1514,12/07/2024 12:15,-0.75,,,,
1515,12/07/2024 12:30,-0.625,,,,
1516,12/07/2024 12:45,-0.775,,,,
1517,12/07/2024 13:00,-1.025,,,,
1518,12/07/2024 13:15,-1,,,,
1519,12/07/2024 13:30,-0.925,,,,
1520,12/07/2024 13:45,-0.85,,,,
1521,12/07/2024 14:00,-1.025,,,,
1522,12/07/2024 14:15,0.15,,,,
1523,12/07/2024 14:30,-1.125,,,,
1524,12/07/2024 14:45,-0.85,,,,
1525,12/07/2024 15:00,-1.05,,,,
1526,12/07/2024 15:15,-0.925,,,,
1527,12/07/2024 15:30,-0.85,,,,
1528,12/07/2024 15:45,-1,,,,
1529,12/07/2024 16:00,-0.9,,,,
1530,12/07/2024 16:15,-1.125,,,,
1531,12/07/2024 16:30,-1.025,,,,
1532,12/07/2024 16:45,-0.8,,,,
1533,12/07/2024 17:00,-1.075,,,,
1534,12/07/2024 17:15,-1.05,,,,
1535,12/07/2024 17:30,-0.85,,,,
1536,12/07/2024 17:45,-1.025,,,,
1537,12/07/2024 18:00,-0.8,,,,
1538,12/07/2024 18:15,-1.025,,,,
1539,12/07/2024 18:30,-0.675,,,,
1540,12/07/2024 18:45,-1.025,,,,
1541,12/07/2024 19:00,-0.975,,,,
1542,12/07/2024 19:15,-1,,,,
1543,12/07/2024 19:30,-1.025,,,,
1544,12/07/2024 19:45,-0.75,,,,
1545,12/07/2024 20:00,-1,,,,
1546,12/07/2024 20:15,-0.975,,,,
1547,12/07/2024 20:30,-0.925,,,,
1548,12/07/2024 20:45,-1.025,,,,
1549,12/07/2024 21:00,-1.075,,,,
1550,12/07/2024 21:15,-1.075,,,,
1551,12/07/2024 21:30,-0.925,,,,
1552,12/07/2024 21:45,-1.1,,,,
1553,12/07/2024 22:00,-1.025,,,,
1554,12/07/2024 22:15,-0.975,,,,
1555,12/07/2024 22:30,-0.775,,,,
1556,12/07/2024 22:45,-0.975,,,,
1557,12/07/2024 23:00,-1,,,,
1558,12/07/2024 23:15,-1.075,,,,
1559,12/07/2024 23:30,-1.025,,,,
1560,12/07/2024 23:45,-1.125,,,,
1561,12/08/2024 00:00,-1.025,,,,
1562,12/08/2024 00:15,-1.075,,,,
1563,12/08/2024 00:30,-0.85,,,,
1564,12/08/2024 00:45,-1.075,,,,
1565,12/08/2024 01:00,-1.05,,,,
1566,12/08/2024 01:15,-1.075,,,,
1567,12/08/2024 01:30,-0.95,,,,
1568,12/08/2024 01:45,-1,,,,
1569,12/08/2024 02:00,-0.975,,,,
1570,12/08/2024 02:15,-0.9,,,,
1571,12/08/2024 02:30,-0.925,,,,
1572,12/08/2024 02:45,-0.975,,,,
1573,12/08/2024 03:00,-1.125,,,,
1574,12/08/2024 03:15,-1.025,,,,
1575,12/08/2024 03:30,-1,,,,
1576,12/08/2024 03:45,-0.95,,,,
1577,12/08/2024 04:00,-1.025,,,,
1578,12/08/2024 04:15,-1.025,,,,
1579,12/08/2024 04:30,-1.025,,,,
1580,12/08/2024 04:45,-1.05,,,,
1581,12/08/2024 05:00,-1,,,,
1582,12/08/2024 05:15,-1.025,,,,
1583,12/08/2024 05:30,-1.025,,,,
1584,12/08/2024 05:45,-1.025,,,,
1585,12/08/2024 06:00,-1.05,,,,
1586,12/08/2024 06:15,-1.025,,,,
1587,12/08/2024 06:30,-1.05,,,,
1588,12/08/2024 06:45,-1,,,,
1589,12/08/2024 07:00,-0.975,,,,
1590,12/08/2024 07:15,-1.05,,,,
1591,12/08/2024 07:30,-1.05,,,,
1592,12/08/2024 07:45,-1,,,,
1593,12/08/2024 08:00,-1,,,,
1594,12/08/2024 08:15,-1,,,,
1595,12/08/2024 08:30,-1.025,,,,
1596,12/08/2024 08:45,-1,,,,
1597,12/08/2024 09:00,-0.95,,,,
1598,12/08/2024 09:15,-0.975,,,,
1599,12/08/2024 09:30,-1,,,,
1600,12/08/2024 09:45,-1.05,,,,
1601,12/08/2024 10:00,-1.05,,,,
1602,12/08/2024 10:15,-1.025,,,,
1603,12/08/2024 10:30,-1.025,,,,
1604,12/08/2024 10:45,-1.025,,,,
1605,12/08/2024 11:00,-1.025,,,,
1606,12/08/2024 11:15,-1.025,,,,
1607,12/08/2024 11:30,-1.05,,,,
1608,12/08/2024 11:45,-1,,,,
1609,12/08/2024 12:00,-1.025,,,,
1610,12/08/2024 12:15,-1,,,,
1611,12/08/2024 12:30,-1.025,,,,
1612,12/08/2024 12:45,-1,,,,
1613,12/08/2024 13:00,-1.05,,,,
1614,12/08/2024 13:15,-1.05,,,,
1615,12/08/2024 13:30,-1,,,,
1616,12/08/2024 13:45,-1.075,,,,
1617,12/08/2024 14:00,-1.025,,,,
1618,12/08/2024 14:15,-0.975,,,,
1619,12/08/2024 14:30,-1.125,,,,
1620,12/08/2024 14:45,-0.975,,,,
1621,12/08/2024 15:00,-1.025,,,,
1622,12/08/2024 15:15,-1.025,,,,
1623,12/08/2024 15:30,-1.075,,,,
1624,12/08/2024 15:45,-1.025,,,,
1625,12/08/2024 16:00,-1.05,,,,
1626,12/08/2024 16:15,-1.025,,,,
1627,12/08/2024 16:30,-1,,,,
1628,12/08/2024 16:45,-1.025,,,,
1629,12/08/2024 17:00,-1.05,,,,
1630,12/08/2024 17:15,-1.025,,,,
1631,12/08/2024 17:30,-1.025,,,,
1632,12/08/2024 17:45,-1.025,,,,
1633,12/08/2024 18:00,-1.025,,,,
1634,12/08/2024 18:15,-1.025,,,,
1635,12/08/2024 18:30,-1.05,,,,
1636,12/08/2024 18:45,-1.05,,,,
1637,12/08/2024 19:00,-1.025,,,,
1638,12/08/2024 19:15,-1.1,,,,
1639,12/08/2024 19:30,-1.025,,,,
1640,12/08/2024 19:45,-1.025,,,,
1641,12/08/2024 20:00,-1.075,,,,
1642,12/08/2024 20:15,-1.025,,,,
1643,12/08/2024 20:30,-1.025,,,,
1644,12/08/2024 20:45,-1.075,,,,
1645,12/08/2024 21:00,-1,,,,
1646,12/08/2024 21:15,-0.975,,,,
1647,12/08/2024 21:30,-1.025,,,,
1648,12/08/2024 21:45,-1.025,,,,
1649,12/08/2024 22:00,-1,,,,
1650,12/08/2024 22:15,-1.025,,,,
1651,12/08/2024 22:30,-1,,,,
1652,12/08/2024 22:45,-1.025,,,,
1653,12/08/2024 23:00,-0.975,,,,
1654,12/08/2024 23:15,-1.05,,,,
1655,12/08/2024 23:30,-1.025,,,,
1656,12/08/2024 23:45,-1.025,,,,
1657,12/09/2024 00:00,-1.05,,,,
1658,12/09/2024 00:15,-1.025,,,,
1659,12/09/2024 00:30,-1.025,,,,
1660,12/09/2024 00:45,-1.025,,,,
1661,12/09/2024 01:00,-1.05,,,,
1662,12/09/2024 01:15,-1.025,,,,
1663,12/09/2024 01:30,-1.025,,,,
1664,12/09/2024 01:45,-1.025,,,,
1665,12/09/2024 02:00,-1.025,,,,
1666,12/09/2024 02:15,-1,,,,
1667,12/09/2024 02:30,-1.05,,,,
1668,12/09/2024 02:45,-1.025,,,,
1669,12/09/2024 03:00,-1.025,,,,
1670,12/09/2024 03:15,-1.025,,,,
1671,12/09/2024 03:30,-1.025,,,,
1672,12/09/2024 03:45,-1.025,,,,
1673,12/09/2024 04:00,-1.025,,,,
1674,12/09/2024 04:15,-1.05,,,,
1675,12/09/2024 04:30,-1.05,,,,
1676,12/09/2024 04:45,-1.025,,,,
1677,12/09/2024 05:00,-1.025,,,,
1678,12/09/2024 05:15,-1.025,,,,
1679,12/09/2024 05:30,-1.025,,,,
1680,12/09/2024 05:45,-1.025,,,,
1681,12/09/2024 06:00,-1.025,,,,
1682,12/09/2024 06:15,-1.025,,,,
1683,12/09/2024 06:30,-1.025,,,,
1684,12/09/2024 06:45,-1.025,,,,
1685,12/09/2024 07:00,-1.025,,,,
1686,12/09/2024 07:15,-1.025,,,,
1687,12/09/2024 07:30,-1.025,,,,
1688,12/09/2024 07:45,-1.025,,,,
1689,12/09/2024 08:00,-1.025,,,,
1690,12/09/2024 08:15,-1.025,,,,
1691,12/09/2024 08:30,-1.025,,,,
1692,12/09/2024 08:45,-1.025,,,,
1693,12/09/2024 09:00,-1.075,,,,
1694,12/09/2024 09:15,-1.025,,,,
1695,12/09/2024 09:30,-1.025,,,,
1696,12/09/2024 09:45,-1.025,,,,
1697,12/09/2024 10:00,-1.025,,,,
1698,12/09/2024 10:15,-1.025,,,,
1699,12/09/2024 10:30,-1.025,,,,
1700,12/09/2024 10:45,-1.025,,,,
1701,12/09/2024 11:00,-1.025,,,,
1702,12/09/2024 11:15,-1.025,,,,
1703,12/09/2024 11:30,-1.025,,,,
1704,12/09/2024 11:45,-1.025,,,,
1705,12/09/2024 12:00,-1.025,,,,
1706,12/09/2024 12:15,-1.025,,,,
1707,12/09/2024 12:30,-1.025,,,,
1708,12/09/2024 12:45,-1.025,,,,
1709,12/09/2024 13:00,-1.025,,,,
1710,12/09/2024 13:15,-1.025,,,,
1711,12/09/2024 13:30,-1.025,,,,
1712,12/09/2024 13:45,-1.025,,,,
1713,12/09/2024 14:00,-1.025,,,,
1714,12/09/2024 14:15,-1.05,,,,
1715,12/09/2024 14:30,-1.05,,,,
1716,12/09/2024 14:45,-1.075,,,,
1717,12/09/2024 15:00,-1.025,,,,
1718,12/09/2024 15:15,-1.025,,,,
1719,12/09/2024 15:30,-1.025,,,,
1720,12/09/2024 15:45,-1.025,,,,
1721,12/09/2024 16:00,-1.025,,,,
1722,12/09/2024 16:15,-1.075,,,,
1723,12/09/2024 16:30,-1.075,,,,
1724,12/09/2024 16:45,-1.025,,,,
1725,12/09/2024 17:00,-1.025,,,,
1726,12/09/2024 17:15,-1.025,,,,
1727,12/09/2024 17:30,-1.025,,,,
1728,12/09/2024 17:45,-1.025,,,,
1729,12/09/2024 18:00,-1.025,,,,
1730,12/09/2024 18:15,-1.025,,,,
1731,12/09/2024 18:30,-1.025,,,,
1732,12/09/2024 18:45,-1.025,,,,
1733,12/09/2024 19:00,-1.025,,,,
1734,12/09/2024 19:15,-1.025,,,,
1735,12/09/2024 19:30,-1.025,,,,
1736,12/09/2024 19:45,-1.025,,,,
1737,12/09/2024 20:00,-1.025,,,,
1738,12/09/2024 20:15,-1.025,,,,
1739,12/09/2024 20:30,-1.025,,,,
1740,12/09/2024 20:45,-1.025,,,,
1741,12/09/2024 21:00,-1.025,,,,
1742,12/09/2024 21:15,-1.025,,,,
1743,12/09/2024 21:30,-1.025,,,,
1744,12/09/2024 21:45,-1.025,,,,
1745,12/09/2024 22:00,-1.05,,,,
1746,12/09/2024 22:15,-1.025,,,,
1747,12/09/2024 22:30,-1.025,,,,
1748,12/09/2024 22:45,-1.025,,,,
1749,12/09/2024 23:00,-1.025,,,,
1750,12/09/2024 23:15,-1.025,,,,
1751,12/09/2024 23:30,-1.025,,,,
1752,12/09/2024 23:45,-1.025,,,,
1753,12/10/2024 00:00,-1.025,,,,
1754,12/10/2024 00:15,-1.025,,,,
1755,12/10/2024 00:30,-1.025,,,,
1756,12/10/2024 00:45,-1.025,,,,
1757,12/10/2024 01:00,-1.025,,,,
1758,12/10/2024 01:15,-1.075,,,,
1759,12/10/2024 01:30,-1.025,,,,
1760,12/10/2024 01:45,-1.025,,,,
1761,12/10/2024 02:00,-1.025,,,,
1762,12/10/2024 02:15,-1.025,,,,
1763,12/10/2024 02:30,-1.025,,,,
1764,12/10/2024 02:45,-1.025,,,,
1765,12/10/2024 03:00,-1.025,,,,
1766,12/10/2024 03:15,-1.025,,,,
1767,12/10/2024 03:30,-1.025,,,,
1768,12/10/2024 03:45,-1.025,,,,
1769,12/10/2024 04:00,-1.025,,,,
1770,12/10/2024 04:15,-1.025,,,,
1771,12/10/2024 04:30,-1.025,,,,
1772,12/10/2024 04:45,-1.025,,,,
1773,12/10/2024 05:00,-1.025,,,,
1774,12/10/2024 05:15,-1.025,,,,
1775,12/10/2024 05:30,-1.025,,,,
1776,12/10/2024 05:45,-1.025,,,,
1777,12/10/2024 06:00,-1.025,,,,
1778,12/10/2024 06:15,-1.025,,,,
1779,12/10/2024 06:30,-1.025,,,,
1780,12/10/2024 06:45,-1.025,,,,
1781,12/10/2024 07:00,-1.025,,,,
1782,12/10/2024 07:15,-1.025,,,,
1783,12/10/2024 07:30,-1.025,,,,
1784,12/10/2024 07:45,-1.025,,,,
1785,12/10/2024 08:00,-1.025,,,,
1786,12/10/2024 08:15,-1.025,,,,
1787,12/10/2024 08:30,-1.05,,,,
1788,12/10/2024 08:45,-1.025,,,,
1789,12/10/2024 09:00,-1.025,,,,
1790,12/10/2024 09:15,-1.025,,,,
1791,12/10/2024 09:30,-1.025,,,,
1792,12/10/2024 09:45,-1.025,,,,
1793,12/10/2024 10:00,-1.025,,,,
1794,12/10/2024 10:15,-1.025,,,,
1795,12/10/2024 10:30,-1.025,,,,
1796,12/10/2024 10:45,-1.025,,,,
1797,12/10/2024 11:00,-1.025,,,,
1798,12/10/2024 11:15,-1.025,,,,
1799,12/10/2024 11:30,-1.025,,,,
1800,12/10/2024 11:45,-1.025,,,,
1801,12/10/2024 12:00,-1.025,,,,
1802,12/10/2024 12:15,-1.025,,,,
1803,12/10/2024 12:30,-1.025,,,,
1804,12/10/2024 12:45,-1.025,,,,
1805,12/10/2024 13:00,-1.025,,,,
1806,12/10/2024 13:15,-1.05,,,,
1807,12/10/2024 13:30,-1,,,,
1808,12/10/2024 13:45,-1.025,,,,
1809,12/10/2024 14:00,-1.025,,,,
1810,12/10/2024 14:15,-1.025,,,,
1811,12/10/2024 14:30,-1,,,,
1812,12/10/2024 14:45,-1.025,,,,
1813,12/10/2024 15:00,-1.025,,,,
1814,12/10/2024 15:15,-1.025,,,,
1815,12/10/2024 15:30,-1.025,,,,
1816,12/10/2024 15:45,-1.025,,,,
1817,12/10/2024 16:00,-1.025,,,,
1818,12/10/2024 16:15,-1.025,,,,
1819,12/10/2024 16:30,-1.025,,,,
1820,12/10/2024 16:45,-1.025,,,,
1821,12/10/2024 17:00,-1.025,,,,
1822,12/10/2024 17:15,-1.025,,,,
1823,12/10/2024 17:30,-1.025,,,,
1824,12/10/2024 17:45,-1,,,,
1825,12/10/2024 18:00,-1.025,,,,
1826,12/10/2024 18:15,-1.025,,,,
1827,12/10/2024 18:30,-1.025,,,,
1828,12/10/2024 18:45,-1.025,,,,
1829,12/10/2024 19:00,-1.025,,,,
1830,12/10/2024 19:15,-1.025,,,,
1831,12/10/2024 19:30,-1.025,,,,
1832,12/10/2024 19:45,-1.025,,,,
1833,12/10/2024 20:00,-1.025,,,,
1834,12/10/2024 20:15,-1.05,,,,
1835,12/10/2024 20:30,-1.025,,,,
1836,12/10/2024 20:45,-1.025,,,,
1837,12/10/2024 21:00,-1.025,,,,
1838,12/10/2024 21:15,-1.025,,,,
1839,12/10/2024 21:30,-1.025,,,,
1840,12/10/2024 21:45,-1.025,,,,
1841,12/10/2024 22:00,-1.025,,,,
1842,12/10/2024 22:15,-1.025,,,,
1843,12/10/2024 22:30,-1.025,,,,
1844,12/10/2024 22:45,-1.025,,,,
1845,12/10/2024 23:00,-1.025,,,,
1846,12/10/2024 23:15,-1.025,,,,
1847,12/10/2024 23:30,-1.025,,,,
1848,12/10/2024 23:45,-1.025,,,,
1849,12/11/2024 00:00,-1.025,,,,
1850,12/11/2024 00:15,-1.025,,,,
1851,12/11/2024 00:30,-1.025,,,,
1852,12/11/2024 00:45,-1.025,,,,
1853,12/11/2024 01:00,-1.025,,,,
1854,12/11/2024 01:15,-1.05,,,,
1855,12/11/2024 01:30,-1.025,,,,
1856,12/11/2024 01:45,-1.025,,,,
1857,12/11/2024 02:00,-1.025,,,,
1858,12/11/2024 02:15,-1.025,,,,
1859,12/11/2024 02:30,-1.025,,,,
1860,12/11/2024 02:45,-1.025,,,,
1861,12/11/2024 03:00,-1.025,,,,
1862,12/11/2024 03:15,-1.075,,,,
1863,12/11/2024 03:30,-1.025,,,,
1864,12/11/2024 03:45,-1.025,,,,
1865,12/11/2024 04:00,-1.05,,,,
1866,12/11/2024 04:15,-1.025,,,,
1867,12/11/2024 04:30,-1.025,,,,
1868,12/11/2024 04:45,-1,,,,
1869,12/11/2024 05:00,-1.075,,,,
1870,12/11/2024 05:15,-1.025,,,,
1871,12/11/2024 05:30,-1.025,,,,
1872,12/11/2024 05:45,-1.025,,,,
1873,12/11/2024 06:00,-1.025,,,,
1874,12/11/2024 06:15,-1.025,,,,
1875,12/11/2024 06:30,-1.025,,,,
1876,12/11/2024 06:45,-1.025,,,,
1877,12/11/2024 07:00,-1.025,,,,
1878,12/11/2024 07:15,-1.025,,,,
1879,12/11/2024 07:30,-1.025,,,,
1880,12/11/2024 07:45,-1.025,,,,
1881,12/11/2024 08:00,-1.025,,,,
1882,12/11/2024 08:15,-1.025,,,,
1883,12/11/2024 08:30,-1.025,,,,
1884,12/11/2024 08:45,-1.025,,,,
1885,12/11/2024 09:00,-1.025,,,,
1886,12/11/2024 09:15,-1.025,,,,
1887,12/11/2024 09:30,-1.025,,,,
1888,12/11/2024 09:45,-1.025,,,,
1889,12/11/2024 10:00,-1.025,,,,
1890,12/11/2024 10:15,-1.025,,,,
1891,12/11/2024 10:30,-1.025,,,,
1892,12/11/2024 10:45,-1.025,,,,
1893,12/11/2024 11:00,-1.05,,,,
1894,12/11/2024 11:15,-1.025,,,,
1895,12/11/2024 11:30,-1.025,,,,
1896,12/11/2024 11:45,-1.025,,,,
1897,12/11/2024 12:00,-1.025,,,,
1898,12/11/2024 12:15,-1.025,,,,
1899,12/11/2024 12:30,-1.025,,,,
1900,12/11/2024 12:45,-1.075,,,,
1901,12/11/2024 13:00,-1.075,,,,
1902,12/11/2024 13:15,-1.05,,,,
1903,12/11/2024 13:30,-1.025,,,,
1904,12/11/2024 13:45,-1.025,,,,
1905,12/11/2024 14:00,-1.025,,,,
1906,12/11/2024 14:15,-1.025,,,,
1907,12/11/2024 14:30,-1.025,,,,
1908,12/11/2024 14:45,-1.025,,,,
1909,12/11/2024 15:00,-1.05,,,,
1910,12/11/2024 15:15,-1.025,,,,
1911,12/11/2024 15:30,-1.05,,,,
1912,12/11/2024 15:45,-1.05,,,,
1913,12/11/2024 16:00,-1.05,,,,
1914,12/11/2024 16:15,-1.025,,,,
1915,12/11/2024 16:30,-1.025,,,,
1916,12/11/2024 16:45,-1.025,,,,
1917,12/11/2024 17:00,-1.025,,,,
1918,12/11/2024 17:15,-1.025,,,,
1919,12/11/2024 17:30,-1.025,,,,
1920,12/11/2024 17:45,-1.025,,,,
1921,12/11/2024 18:00,-1.025,,,,
1922,12/11/2024 18:15,-1.025,,,,
1923,12/11/2024 18:30,-1.05,,,,
1924,12/11/2024 18:45,-1.075,,,,
1925,12/11/2024 19:00,-1.05,,,,
1926,12/11/2024 19:15,-1.025,,,,
1927,12/11/2024 19:30,-1.075,,,,
1928,12/11/2024 19:45,-1.025,,,,
1929,12/11/2024 20:00,-1.025,,,,
1930,12/11/2024 20:15,-1.025,,,,
1931,12/11/2024 20:30,-1.025,,,,
1932,12/11/2024 20:45,-1.025,,,,
1933,12/11/2024 21:00,-1.025,,,,
1934,12/11/2024 21:15,-1.025,,,,
1935,12/11/2024 21:30,-1.025,,,,
1936,12/11/2024 21:45,-1.025,,,,
1937,12/11/2024 22:00,-1.025,,,,
1938,12/11/2024 22:15,-1.05,,,,
1939,12/11/2024 22:30,-1.05,,,,
1940,12/11/2024 22:45,-1.025,,,,
1941,12/11/2024 23:00,-1.025,,,,
1942,12/11/2024 23:15,-1.05,,,,
1943,12/11/2024 23:30,-1.025,,,,
1944,12/11/2024 23:45,-1.025,,,,
1945,12/12/2024 00:00,-1.025,,,,
1946,12/12/2024 00:15,-1.025,,,,
1947,12/12/2024 00:30,-1.025,,,,
1948,12/12/2024 00:45,-1.025,,,,
1949,12/12/2024 01:00,-1.025,,,,
1950,12/12/2024 01:15,-1.025,,,,
1951,12/12/2024 01:30,-1.025,,,,
1952,12/12/2024 01:45,-1.025,,,,
1953,12/12/2024 02:00,-1,,,,
1954,12/12/2024 02:15,-1.025,,,,
1955,12/12/2024 02:30,-1.025,,,,
1956,12/12/2024 02:45,-1.05,,,,
1957,12/12/2024 03:00,-1.025,,,,
1958,12/12/2024 03:15,-1.025,,,,
1959,12/12/2024 03:30,-1.025,,,,
1960,12/12/2024 03:45,-1.025,,,,
1961,12/12/2024 04:00,-1.025,,,,
1962,12/12/2024 04:15,-1.025,,,,
1963,12/12/2024 04:30,-1.05,,,,
1964,12/12/2024 04:45,-1.025,,,,
1965,12/12/2024 05:00,-1.025,,,,
1966,12/12/2024 05:15,-1.025,,,,
1967,12/12/2024 05:30,-1.025,,,,
1968,12/12/2024 05:45,-1.025,,,,
1969,12/12/2024 06:00,-1.025,,,,
1970,12/12/2024 06:15,-1.025,,,,
1971,12/12/2024 06:30,-1.025,,,,
1972,12/12/2024 06:45,-1.025,,,,
1973,12/12/2024 07:00,-1.025,,,,
1974,12/12/2024 07:15,-1.025,,,,
1975,12/12/2024 07:30,-1.025,,,,
1976,12/12/2024 07:45,-1.05,,,,
1977,12/12/2024 08:00,-1.025,,,,
1978,12/12/2024 08:15,-1.025,,,,
1979,12/12/2024 08:30,-1.025,,,,
1980,12/12/2024 08:45,-1.075,,,,
1981,12/12/2024 09:00,-1.025,,,,
1982,12/12/2024 09:15,-1.025,,,,
1983,12/12/2024 09:30,-1.025,,,,
1984,12/12/2024 09:45,-1.05,,,,
1985,12/12/2024 10:00,-1.025,,,,
1986,12/12/2024 10:15,-1,,,,
1987,12/12/2024 10:30,-1,,,,
1988,12/12/2024 10:45,-1.025,,,,
1989,12/12/2024 11:00,-1.025,,,,
1990,12/12/2024 11:15,-1.075,,,,
1991,12/12/2024 11:30,-1.025,,,,
1992,12/12/2024 11:45,-1.05,,,,
1993,12/12/2024 12:00,-1.075,,,,
1994,12/12/2024 12:15,-1.025,,,,
1995,12/12/2024 12:30,-1.025,,,,
1996,12/12/2024 12:45,-1.025,,,,
1997,12/12/2024 13:00,-1.025,,,,
1998,12/12/2024 13:15,-1.025,,,,
1999,12/12/2024 13:30,-1.025,,,,
2000,12/12/2024 13:45,-1.025,,,,
2001,12/12/2024 14:00,-1.025,,,,
2002,12/12/2024 14:15,-1.025,,,,
2003,12/12/2024 14:30,-1.025,,,,
2004,12/12/2024 14:45,-1.025,,,,
2005,12/12/2024 15:00,0.95,,,,
2006,12/12/2024 15:15,0.975,,,,
2007,12/12/2024 15:30,0.975,,,,
2008,12/12/2024 15:45,0.1,,,,
2009,12/12/2024 16:00,0.1,,,,
2010,12/12/2024 16:15,0.1,,,,
2011,12/12/2024 16:30,0.1,,,,
2012,12/12/2024 16:45,0.1,,,,
2013,12/12/2024 17:00,0.1,,,,
2014,12/12/2024 17:15,0.1,,,,
2015,12/12/2024 17:30,0.1,,,,
2016,12/12/2024 17:45,0.1,,,,
2017,12/12/2024 18:00,0.1,,,,
2018,12/12/2024 18:15,0.1,,,,
2019,12/12/2024 18:30,0.1,,,,
2020,12/12/2024 18:45,0.1,,,,
2021,12/12/2024 19:00,0.1,,,,
2022,12/12/2024 19:15,0.1,,,,
2023,12/12/2024 19:30,0.1,,,,
2024,12/12/2024 19:45,0.1,,,,
2025,12/12/2024 20:00,0.1,,,,
2026,12/12/2024 20:15,0.1,,,,
2027,12/12/2024 20:30,0.1,,,,
2028,12/12/2024 20:45,0.1,,,,
2029,12/12/2024 21:00,0.1,,,,
2030,12/12/2024 21:15,0.1,,,,
2031,12/12/2024 21:30,0.1,,,,
2032,12/12/2024 21:45,0.1,,,,
2033,12/12/2024 22:00,0.1,,,,
2034,12/12/2024 22:15,0.1,,,,
2035,12/12/2024 22:30,0.1,,,,
2036,12/12/2024 22:45,0.1,,,,
2037,12/12/2024 23:00,0.1,,,,
2038,12/12/2024 23:15,0.1,,,,
2039,12/12/2024 23:30,0.1,,,,
2040,12/12/2024 23:45,0.1,,,,
2041,12/13/24 00:00:00,0.1,,,,
2042,12/13/24 00:15:00,0.1,,,,
2043,12/13/24 00:30:00,0.1,,,,
2044,12/13/24 00:45:00,0.1,,,,
2045,12/13/24 01:00:00,0.1,,,,
2046,12/13/24 01:15:00,0.1,,,,
2047,12/13/24 01:30:00,0.1,,,,
2048,12/13/24 01:45:00,0.1,,,,
2049,12/13/24 02:00:00,0.1,,,,
2050,12/13/24 02:15:00,0.1,,,,
2051,12/13/24 02:30:00,0.1,,,,
2052,12/13/24 02:45:00,0.1,,,,
2053,12/13/24 03:00:00,0.1,,,,
2054,12/13/24 03:15:00,0.1,,,,
2055,12/13/24 03:30:00,0.1,,,,
2056,12/13/24 03:45:00,0.1,,,,
2057,12/13/24 04:00:00,0.1,,,,
2058,12/13/24 04:15:00,0.1,,,,
2059,12/13/24 04:30:00,0.1,,,,
2060,12/13/24 04:45:00,0.1,,,,
2061,12/13/24 05:00:00,0.1,,,,
2062,12/13/24 05:15:00,0.1,,,,
2063,12/13/24 05:30:00,0.1,,,,
2064,12/13/24 05:45:00,0.1,,,,
2065,12/13/24 06:00:00,0.1,,,,
2066,12/13/24 06:15:00,0.1,,,,
2067,12/13/24 06:30:00,0.1,,,,
2068,12/13/24 06:45:00,0.1,,,,
2069,12/13/24 07:00:00,0.1,,,,
2070,12/13/24 07:15:00,0.1,,,,
2071,12/13/24 07:30:00,0.1,,,,
2072,12/13/24 07:45:00,0.1,,,,
2073,12/13/24 08:00:00,0.1,,,,
2074,12/13/24 08:15:00,0.1,,,,
2075,12/13/24 08:30:00,0.1,,,,
2076,12/13/24 08:45:00,0.1,,,,
2077,12/13/24 09:00:00,0.1,,,,
2078,12/13/24 09:15:00,0.1,,,,
2079,12/13/24 09:30:00,0.1,,,,
2080,12/13/24 09:45:00,0.1,,,,
2081,12/13/24 10:00:00,0.1,,,,
2082,12/13/24 10:15:00,0.1,,,,
2083,12/13/24 10:30:00,0.1,,,,
2084,12/13/24 10:45:00,0.125,,,,
2085,12/13/24 11:00:00,0.1,,,,
2086,12/13/24 11:15:00,0.1,,,,
2087,12/13/24 11:30:00,0.125,,,,
2088,12/13/24 11:45:00,0.1,,,,
2089,12/13/24 12:00:00,0.125,,,,
2090,12/13/24 12:15:00,0.1,,,,
2091,12/13/24 12:30:00,0.1,,,,
2092,12/13/24 12:45:00,0.1,,,,
2093,12/13/24 13:00:00,0.1,,,,
2094,12/13/24 13:15:00,0.125,,,,
2095,12/13/24 13:30:00,0.1,,,,
2096,12/13/24 13:45:00,0.1,,,,
2097,12/13/24 14:00:00,0.1,,,,
2098,12/13/24 14:15:00,0.1,,,,
2099,12/13/24 14:30:00,0.1,,,,
2100,12/13/24 14:45:00,0.1,,,,
2101,12/13/24 15:00:00,0.1,,,,
2102,12/13/24 15:15:00,0.1,,,,
2103,12/13/24 15:30:00,0.1,,,,
2104,12/13/24 15:45:00,0.1,,,,
2105,12/13/24 16:00:00,0.1,,,,
2106,12/13/24 16:15:00,0.1,,,,
2107,12/13/24 16:30:00,0.1,,,,
2108,12/13/24 16:45:00,0.1,,,,
2109,12/13/24 17:00:00,0.1,,,,
2110,12/13/24 17:15:00,0.125,,,,
2111,12/13/24 17:30:00,0.125,,,,
2112,12/13/24 17:45:00,0.1,,,,
2113,12/13/24 18:00:00,0.1,,,,
2114,12/13/24 18:15:00,0.1,,,,
2115,12/13/24 18:30:00,0.1,,,,
2116,12/13/24 18:45:00,0.1,,,,
2117,12/13/24 19:00:00,0.1,,,,
2118,12/13/24 19:15:00,0.1,,,,
2119,12/13/24 19:30:00,0.1,,,,
2120,12/13/24 19:45:00,0.1,,,,
2121,12/13/24 20:00:00,0.1,,,,
2122,12/13/24 20:15:00,0.1,,,,
2123,12/13/24 20:30:00,0.1,,,,
2124,12/13/24 20:45:00,0.1,,,,
2125,12/13/24 21:00:00,0.1,,,,
2126,12/13/24 21:15:00,0.125,,,,
2127,12/13/24 21:30:00,0.1,,,,
2128,12/13/24 21:45:00,0.1,,,,
2129,12/13/24 22:00:00,0.1,,,,
2130,12/13/24 22:15:00,0.1,,,,
2131,12/13/24 22:30:00,0.1,,,,
2132,12/13/24 22:45:00,0.1,,,,
2133,12/13/24 23:00:00,0.1,,,,
2134,12/13/24 23:15:00,0.1,,,,
2135,12/13/24 23:30:00,0.1,,,,
2136,12/13/24 23:45:00,0.1,,,,
2137,12/14/24 00:00:00,0.1,,,,
2138,12/14/24 00:15:00,0.1,,,,
2139,12/14/24 00:30:00,0.1,,,,
2140,12/14/24 00:45:00,0.1,,,,
2141,12/14/24 01:00:00,0.1,,,,
2142,12/14/24 01:15:00,0.1,,,,
2143,12/14/24 01:30:00,0.1,,,,
2144,12/14/24 01:45:00,0.1,,,,
2145,12/14/24 02:00:00,0.1,,,,
2146,12/14/24 02:15:00,0.1,,,,
2147,12/14/24 02:30:00,0.1,,,,
2148,12/14/24 02:45:00,0.1,,,,
2149,12/14/24 03:00:00,0.1,,,,
2150,12/14/24 03:15:00,0.1,,,,
2151,12/14/24 03:30:00,0.1,,,,
2152,12/14/24 03:45:00,0.1,,,,
2153,12/14/24 04:00:00,0.1,,,,
2154,12/14/24 04:15:00,0.1,,,,
2155,12/14/24 04:30:00,0.1,,,,
2156,12/14/24 04:45:00,0.125,,,,
2157,12/14/24 05:00:00,0.1,,,,
2158,12/14/24 05:15:00,0.1,,,,
2159,12/14/24 05:30:00,0.1,,,,
2160,12/14/24 05:45:00,0.1,,,,
2161,12/14/24 06:00:00,0.1,,,,
2162,12/14/24 06:15:00,0.1,,,,
2163,12/14/24 06:30:00,0.1,,,,
2164,12/14/24 06:45:00,0.1,,,,
2165,12/14/24 07:00:00,0.1,,,,
2166,12/14/24 07:15:00,0.1,,,,
2167,12/14/24 07:30:00,0.1,,,,
2168,12/14/24 07:45:00,0.1,,,,
2169,12/14/24 08:00:00,0.125,,,,
2170,12/14/24 08:15:00,0.1,,,,
2171,12/14/24 08:30:00,0.1,,,,
2172,12/14/24 08:45:00,0.1,,,,
2173,12/14/24 09:00:00,0.1,,,,
2174,12/14/24 09:15:00,0.1,,,,
2175,12/14/24 09:30:00,0.1,,,,
2176,12/14/24 09:45:00,0.1,,,,
2177,12/14/24 10:00:00,0.1,,,,
2178,12/14/24 10:15:00,0.1,,,,
2179,12/14/24 10:30:00,0.1,,,,
2180,12/14/24 10:45:00,0.1,,,,
2181,12/14/24 11:00:00,0.1,,,,
2182,12/14/24 11:15:00,0.125,,,,
2183,12/14/24 11:30:00,0.1,,,,
2184,12/14/24 11:45:00,0.1,,,,
2185,12/14/24 12:00:00,0.1,,,,
2186,12/14/24 12:15:00,0.1,,,,
2187,12/14/24 12:30:00,0.1,,,,
2188,12/14/24 12:45:00,0.1,,,,
2189,12/14/24 13:00:00,0.1,,,,
2190,12/14/24 13:15:00,0.1,,,,
2191,12/14/24 13:30:00,0.1,,,,
2192,12/14/24 13:45:00,0.1,,,,
2193,12/14/24 14:00:00,0.1,,,,
2194,12/14/24 14:15:00,0.1,,,,
2195,12/14/24 14:30:00,0.1,,,,
2196,12/14/24 14:45:00,0.1,,,,
2197,12/14/24 15:00:00,0.1,,,,
2198,12/14/24 15:15:00,0.1,,,,
2199,12/14/24 15:30:00,0.1,,,,
2200,12/14/24 15:45:00,0.1,,,,
2201,12/14/24 16:00:00,0.1,,,,
2202,12/14/24 16:15:00,0.1,,,,
2203,12/14/24 16:30:00,0.1,,,,
2204,12/14/24 16:45:00,0.1,,,,
2205,12/14/24 17:00:00,0.1,,,,
2206,12/14/24 17:15:00,0.1,,,,
2207,12/14/24 17:30:00,0.1,,,,
2208,12/14/24 17:45:00,0.1,,,,
2209,12/14/24 18:00:00,0.1,,,,
2210,12/14/24 18:15:00,0.125,,,,
2211,12/14/24 18:30:00,0.1,,,,
2212,12/14/24 18:45:00,0.1,,,,
2213,12/14/24 19:00:00,0.1,,,,
2214,12/14/24 19:15:00,0.1,,,,
2215,12/14/24 19:30:00,0.1,,,,
2216,12/14/24 19:45:00,0.1,,,,
2217,12/14/24 20:00:00,0.1,,,,
2218,12/14/24 20:15:00,0.1,,,,
2219,12/14/24 20:30:00,0.1,,,,
2220,12/14/24 20:45:00,0.1,,,,
2221,12/14/24 21:00:00,0.1,,,,
2222,12/14/24 21:15:00,0.1,,,,
2223,12/14/24 21:30:00,0.1,,,,
2224,12/14/24 21:45:00,0.1,,,,
2225,12/14/24 22:00:00,0.1,,,,
2226,12/14/24 22:15:00,0.1,,,,
2227,12/14/24 22:30:00,0.1,,,,
2228,12/14/24 22:45:00,0.1,,,,
2229,12/14/24 23:00:00,0.1,,,,
2230,12/14/24 23:15:00,0.1,,,,
2231,12/14/24 23:30:00,0.1,,,,
2232,12/14/24 23:45:00,0.1,,,,
2233,12/15/24 00:00:00,0.1,,,,
2234,12/15/24 00:15:00,0.1,,,,
2235,12/15/24 00:30:00,0.1,,,,
2236,12/15/24 00:45:00,0.1,,,,
2237,12/15/24 01:00:00,0.1,,,,
2238,12/15/24 01:15:00,0.1,,,,
2239,12/15/24 01:30:00,0.1,,,,
2240,12/15/24 01:45:00,0.1,,,,
2241,12/15/24 02:00:00,0.1,,,,
2242,12/15/24 02:15:00,0.1,,,,
2243,12/15/24 02:30:00,0.1,,,,
2244,12/15/24 02:45:00,0.1,,,,
2245,12/15/24 03:00:00,0.1,,,,
2246,12/15/24 03:15:00,0.1,,,,
2247,12/15/24 03:30:00,0.1,,,,
2248,12/15/24 03:45:00,0.1,,,,
2249,12/15/24 04:00:00,0.1,,,,
2250,12/15/24 04:15:00,0.1,,,,
2251,12/15/24 04:30:00,0.1,,,,
2252,12/15/24 04:45:00,0.1,,,,
2253,12/15/24 05:00:00,0.1,,,,
2254,12/15/24 05:15:00,0.1,,,,
2255,12/15/24 05:30:00,0.1,,,,
2256,12/15/24 05:45:00,0.1,,,,
2257,12/15/24 06:00:00,0.1,,,,
2258,12/15/24 06:15:00,0.1,,,,
2259,12/15/24 06:30:00,0.1,,,,
2260,12/15/24 06:45:00,0.1,,,,
2261,12/15/24 07:00:00,0.1,,,,
2262,12/15/24 07:15:00,0.1,,,,
2263,12/15/24 07:30:00,0.1,,,,
2264,12/15/24 07:45:00,0.1,,,,
2265,12/15/24 08:00:00,0.1,,,,
2266,12/15/24 08:15:00,0.1,,,,
2267,12/15/24 08:30:00,0.1,,,,
2268,12/15/24 08:45:00,0.1,,,,
2269,12/15/24 09:00:00,0.1,,,,
2270,12/15/24 09:15:00,0.1,,,,
2271,12/15/24 09:30:00,0.1,,,,
2272,12/15/24 09:45:00,0.1,,,,
2273,12/15/24 10:00:00,0.1,,,,
2274,12/15/24 10:15:00,0.1,,,,
2275,12/15/24 10:30:00,0.1,,,,
2276,12/15/24 10:45:00,0.1,,,,
2277,12/15/24 11:00:00,0.1,,,,
2278,12/15/24 11:15:00,0.1,,,,
2279,12/15/24 11:30:00,0.1,,,,
2280,12/15/24 11:45:00,0.1,,,,
2281,12/15/24 12:00:00,0.1,,,,
2282,12/15/24 12:15:00,0.1,,,,
2283,12/15/24 12:30:00,0.1,,,,
2284,12/15/24 12:45:00,0.1,,,,
2285,12/15/24 13:00:00,0.1,,,,
2286,12/15/24 13:15:00,0.1,,,,
2287,12/15/24 13:30:00,0.1,,,,
2288,12/15/24 13:45:00,0.1,,,,
2289,12/15/24 14:00:00,0.1,,,,
2290,12/15/24 14:15:00,0.1,,,,
2291,12/15/24 14:30:00,0.1,,,,
2292,12/15/24 14:45:00,0.1,,,,
2293,12/15/24 15:00:00,0.1,,,,
2294,12/15/24 15:15:00,0.1,,,,
2295,12/15/24 15:30:00,0.1,,,,
2296,12/15/24 15:45:00,0.1,,,,
2297,12/15/24 16:00:00,0.1,,,,
2298,12/15/24 16:15:00,0.1,,,,
2299,12/15/24 16:30:00,0.1,,,,
2300,12/15/24 16:45:00,0.1,,,,
2301,12/15/24 17:00:00,0.1,,,,
2302,12/15/24 17:15:00,0.1,,,,
2303,12/15/24 17:30:00,0.1,,,,
2304,12/15/24 17:45:00,0.1,,,,
2305,12/15/24 18:00:00,0.1,,,,
2306,12/15/24 18:15:00,0.1,,,,
2307,12/15/24 18:30:00,0.1,,,,
2308,12/15/24 18:45:00,0.1,,,,
2309,12/15/24 19:00:00,0.1,,,,
2310,12/15/24 19:15:00,0.1,,,,
2311,12/15/24 19:30:00,0.1,,,,
2312,12/15/24 19:45:00,0.1,,,,
2313,12/15/24 20:00:00,0.1,,,,
2314,12/15/24 20:15:00,0.1,,,,
2315,12/15/24 20:30:00,0.1,,,,
2316,12/15/24 20:45:00,0.1,,,,
2317,12/15/24 21:00:00,0.1,,,,
2318,12/15/24 21:15:00,0.1,,,,
2319,12/15/24 21:30:00,0.1,,,,
2320,12/15/24 21:45:00,0.1,,,,
2321,12/15/24 22:00:00,0.1,,,,
2322,12/15/24 22:15:00,0.1,,,,
2323,12/15/24 22:30:00,0.1,,,,
2324,12/15/24 22:45:00,0.1,,,,
2325,12/15/24 23:00:00,0.1,,,,
2326,12/15/24 23:15:00,0.1,,,,
2327,12/15/24 23:30:00,0.125,,,,
2328,12/15/24 23:45:00,0.1,,,,
2329,12/16/24 00:00:00,0.125,,,,
2330,12/16/24 00:15:00,0.1,,,,
2331,12/16/24 00:30:00,0.1,,,,
2332,12/16/24 00:45:00,0.1,,,,
2333,12/16/24 01:00:00,0.1,,,,
2334,12/16/24 01:15:00,0.1,,,,
2335,12/16/24 01:30:00,0.1,,,,
2336,12/16/24 01:45:00,0.1,,,,
2337,12/16/24 02:00:00,0.1,,,,
2338,12/16/24 02:15:00,0.1,,,,
2339,12/16/24 02:30:00,0.1,,,,
2340,12/16/24 02:45:00,0.1,,,,
2341,12/16/24 03:00:00,0.1,,,,
2342,12/16/24 03:15:00,0.1,,,,
2343,12/16/24 03:30:00,0.1,,,,
2344,12/16/24 03:45:00,0.1,,,,
2345,12/16/24 04:00:00,0.1,,,,
2346,12/16/24 04:15:00,0.1,,,,
2347,12/16/24 04:30:00,0.1,,,,
2348,12/16/24 04:45:00,0.1,,,,
2349,12/16/24 05:00:00,0.1,,,,
2350,12/16/24 05:15:00,0.1,,,,
2351,12/16/24 05:30:00,0.1,,,,
2352,12/16/24 05:45:00,0.1,,,,
2353,12/16/24 06:00:00,0.1,,,,
2354,12/16/24 06:15:00,0.1,,,,
2355,12/16/24 06:30:00,0.1,,,,
2356,12/16/24 06:45:00,0.1,,,,
2357,12/16/24 07:00:00,0.1,,,,
2358,12/16/24 07:15:00,0.1,,,,
2359,12/16/24 07:30:00,0.1,,,,
2360,12/16/24 07:45:00,0.1,,,,
2361,12/16/24 08:00:00,0.1,,,,
2362,12/16/24 08:15:00,0.1,,,,
2363,12/16/24 08:30:00,0.1,,,,
2364,12/16/24 08:45:00,0.1,,,,
2365,12/16/24 09:00:00,0.1,,,,
2366,12/16/24 09:15:00,0.1,,,,
2367,12/16/24 09:30:00,0.1,,,,
2368,12/16/24 09:45:00,0.1,,,,
2369,12/16/24 10:00:00,0.1,,,,
2370,12/16/24 10:15:00,0.1,,,,
2371,12/16/24 10:30:00,0.1,,,,
2372,12/16/24 10:45:00,0.1,,,,
2373,12/16/24 11:00:00,0.1,,,,
2374,12/16/24 11:15:00,0.1,,,,
2375,12/16/24 11:30:00,0.1,,,,
2376,12/16/24 11:45:00,0.1,,,,
2377,12/16/24 12:00:00,0.1,,,,
2378,12/16/24 12:15:00,0.1,,,,
2379,12/16/24 12:30:00,0.1,,,,
2380,12/16/24 12:45:00,0.1,,,,
2381,12/16/24 13:00:00,0.1,,,,
2382,12/16/24 13:15:00,0.1,,,,
2383,12/16/24 13:30:00,0.1,,,,
2384,12/16/24 13:45:00,0.1,,,,
2385,12/16/24 14:00:00,0.125,,,,
2386,12/16/24 14:15:00,0.1,,,,
2387,12/16/24 14:30:00,0.1,,,,
2388,12/16/24 14:45:00,0.1,,,,
2389,12/16/24 15:00:00,0.1,,,,
2390,12/16/24 15:15:00,0.1,,,,
2391,12/16/24 15:30:00,0.1,,,,
2392,12/16/24 15:45:00,0.1,,,,
2393,12/16/24 16:00:00,0.1,,,,
2394,12/16/24 16:15:00,0.1,,,,
2395,12/16/24 16:30:00,0.1,,,,
2396,12/16/24 16:45:00,0.1,,,,
2397,12/16/24 17:00:00,0.1,,,,
2398,12/16/24 17:15:00,0.1,,,,
2399,12/16/24 17:30:00,0.1,,,,
2400,12/16/24 17:45:00,0.1,,,,
2401,12/16/24 18:00:00,0.1,,,,
2402,12/16/24 18:15:00,0.1,,,,
2403,12/16/24 18:30:00,0.1,,,,
2404,12/16/24 18:45:00,0.1,,,,
2405,12/16/24 19:00:00,0.1,,,,
2406,12/16/24 19:15:00,0.1,,,,
2407,12/16/24 19:30:00,0.1,,,,
2408,12/16/24 19:45:00,0.1,,,,
2409,12/16/24 20:00:00,0.1,,,,
2410,12/16/24 20:15:00,0.1,,,,
2411,12/16/24 20:30:00,0.1,,,,
2412,12/16/24 20:45:00,0.1,,,,
2413,12/16/24 21:00:00,0.1,,,,
2414,12/16/24 21:15:00,0.1,,,,
2415,12/16/24 21:30:00,0.1,,,,
2416,12/16/24 21:45:00,0.1,,,,
2417,12/16/24 22:00:00,0.1,,,,
2418,12/16/24 22:15:00,0.1,,,,
2419,12/16/24 22:30:00,0.1,,,,
2420,12/16/24 22:45:00,0.1,,,,
2421,12/16/24 23:00:00,0.1,,,,
2422,12/16/24 23:15:00,0.1,,,,
2423,12/16/24 23:30:00,0.1,,,,
2424,12/16/24 23:45:00,0.1,,,,
2425,12/17/24 00:00:00,0.1,,,,
2426,12/17/24 00:15:00,0.1,,,,
2427,12/17/24 00:30:00,0.1,,,,
2428,12/17/24 00:45:00,0.1,,,,
2429,12/17/24 01:00:00,0.1,,,,
2430,12/17/24 01:15:00,0.1,,,,
2431,12/17/24 01:30:00,0.1,,,,
2432,12/17/24 01:45:00,0.1,,,,
2433,12/17/24 02:00:00,0.1,,,,
2434,12/17/24 02:15:00,0.1,,,,
2435,12/17/24 02:30:00,0.1,,,,
2436,12/17/24 02:45:00,0.1,,,,
2437,12/17/24 03:00:00,0.1,,,,
2438,12/17/24 03:15:00,0.1,,,,
2439,12/17/24 03:30:00,0.1,,,,
2440,12/17/24 03:45:00,0.1,,,,
2441,12/17/24 04:00:00,0.1,,,,
2442,12/17/24 04:15:00,0.1,,,,
2443,12/17/24 04:30:00,0.1,,,,
2444,12/17/24 04:45:00,0.1,,,,
2445,12/17/24 05:00:00,0.1,,,,
2446,12/17/24 05:15:00,0.1,,,,
2447,12/17/24 05:30:00,0.1,,,,
2448,12/17/24 05:45:00,0.1,,,,
2449,12/17/24 06:00:00,0.1,,,,
2450,12/17/24 06:15:00,0.1,,,,
2451,12/17/24 06:30:00,0.1,,,,
2452,12/17/24 06:45:00,0.1,,,,
2453,12/17/24 07:00:00,0.1,,,,
2454,12/17/24 07:15:00,0.1,,,,
2455,12/17/24 07:30:00,0.1,,,,
2456,12/17/24 07:45:00,0.1,,,,
2457,12/17/24 08:00:00,0.1,,,,
2458,12/17/24 08:15:00,0.1,,,,
2459,12/17/24 08:30:00,0.1,,,,
2460,12/17/24 08:45:00,0.1,,,,
2461,12/17/24 09:00:00,0.1,,,,
2462,12/17/24 09:15:00,0.1,,,,
2463,12/17/24 09:30:00,0.1,,,,
2464,12/17/24 09:45:00,0.1,,,,
2465,12/17/24 10:00:00,0.1,,,,
2466,12/17/24 10:15:00,0.1,,,,
2467,12/17/24 10:30:00,0.1,,,,
2468,12/17/24 10:45:00,0.1,,,,
2469,12/17/24 11:00:00,0.1,,,,
2470,12/17/24 11:15:00,0.1,,,,
2471,12/17/24 11:30:00,0.1,,,,
2472,12/17/24 11:45:00,0.1,,,,
2473,12/17/24 12:00:00,0.1,,,,
2474,12/17/24 12:15:00,0.1,,,,
2475,12/17/24 12:30:00,0.1,,,,
2476,12/17/24 12:45:00,0.1,,,,
2477,12/17/24 13:00:00,0.1,,,,
2478,12/17/24 13:15:00,0.1,,,,
2479,12/17/24 13:30:00,0.1,,,,
2480,12/17/24 13:45:00,0.1,,,,
2481,12/17/24 14:00:00,0.1,,,,
2482,12/17/24 14:15:00,0.1,,,,
2483,12/17/24 14:30:00,0.1,,,,
2484,12/17/24 14:45:00,0.1,,,,
2485,12/17/24 15:00:00,0.1,,,,
2486,12/17/24 15:15:00,0.1,,,,
2487,12/17/24 15:30:00,0.1,,,,
2488,12/17/24 15:45:00,0.35,,,,
2489,12/17/24 16:00:00,0.35,,,,
2490,12/17/24 16:15:00,0.35,,,,
2491,12/17/24 16:30:00,0.35,,,,
2492,12/17/24 16:45:00,0.35,,,,
2493,12/17/24 17:00:00,0.35,,,,
2494,12/17/24 17:15:00,0.35,,,,
2495,12/17/24 17:30:00,0.35,,,,
2496,12/17/24 17:45:00,0.35,,,,
2497,12/17/24 18:00:00,0.35,,,,
2498,12/17/24 18:15:00,0.35,,,,
2499,12/17/24 18:30:00,0.35,,,,
2500,12/17/24 18:45:00,0.35,,,,
2501,12/17/24 19:00:00,0.35,,,,
2502,12/17/24 19:15:00,0.35,,,,
2503,12/17/24 19:30:00,0.35,,,,
2504,12/17/24 19:45:00,0.35,,,,
2505,12/17/24 20:00:00,0.35,,,,
2506,12/17/24 20:15:00,0.35,,,,
2507,12/17/24 20:30:00,0.35,,,,
2508,12/17/24 20:45:00,0.35,,,,
2509,12/17/24 21:00:00,0.325,,,,
2510,12/17/24 21:15:00,0.35,,,,
2511,12/17/24 21:30:00,0.35,,,,
2512,12/17/24 21:45:00,0.35,,,,
2513,12/17/24 22:00:00,0.35,,,,
2514,12/17/24 22:15:00,0.35,,,,
2515,12/17/24 22:30:00,0.35,,,,
2516,12/17/24 22:45:00,0.35,,,,
2517,12/17/24 23:00:00,0.35,,,,
2518,12/17/24 23:15:00,0.35,,,,
2519,12/17/24 23:30:00,0.35,,,,
2520,12/17/24 23:45:00,0.325,,,,
2521,12/18/24 00:00:00,0.35,,,,
2522,12/18/24 00:15:00,0.35,,,,
2523,12/18/24 00:30:00,0.35,,,,
2524,12/18/24 00:45:00,0.35,,,,
2525,12/18/24 01:00:00,0.35,,,,
2526,12/18/24 01:15:00,0.35,,,,
2527,12/18/24 01:30:00,0.35,,,,
2528,12/18/24 01:45:00,0.35,,,,
2529,12/18/24 02:00:00,0.35,,,,
2530,12/18/24 02:15:00,0.35,,,,
2531,12/18/24 02:30:00,0.35,,,,
2532,12/18/24 02:45:00,0.35,,,,
2533,12/18/24 03:00:00,0.35,,,,
2534,12/18/24 03:15:00,0.35,,,,
2535,12/18/24 03:30:00,0.35,,,,
2536,12/18/24 03:45:00,0.35,,,,
2537,12/18/24 04:00:00,0.35,,,,
2538,12/18/24 04:15:00,0.35,,,,
2539,12/18/24 04:30:00,0.35,,,,
2540,12/18/24 04:45:00,0.35,,,,
2541,12/18/24 05:00:00,0.35,,,,
2542,12/18/24 05:15:00,0.35,,,,
2543,12/18/24 05:30:00,0.35,,,,
2544,12/18/24 05:45:00,0.35,,,,
2545,12/18/24 06:00:00,0.35,,,,
2546,12/18/24 06:15:00,0.35,,,,
2547,12/18/24 06:30:00,0.35,,,,
2548,12/18/24 06:45:00,0.325,,,,
2549,12/18/24 07:00:00,0.325,,,,
2550,12/18/24 07:15:00,0.35,,,,
2551,12/18/24 07:30:00,0.35,,,,
2552,12/18/24 07:45:00,0.35,,,,
2553,12/18/24 08:00:00,0.35,,,,
2554,12/18/24 08:15:00,0.35,,,,
2555,12/18/24 08:30:00,0.35,,,,
2556,12/18/24 08:45:00,0.35,,,,
2557,12/18/24 09:00:00,0.35,,,,
2558,12/18/24 09:15:00,0.35,,,,
2559,12/18/24 09:30:00,0.325,,,,
2560,12/18/24 09:45:00,0.35,,,,
2561,12/18/24 10:00:00,0.325,,,,
2562,12/18/24 10:15:00,0.325,,,,
2563,12/18/24 10:30:00,0.075,,,,
2564,12/18/24 10:45:00,-0.525,,,,
2565,12/18/24 11:00:00,-0.625,,,,
2566,12/18/24 11:15:00,-0.7,,,,
2567,12/18/24 11:30:00,-0.65,,,,
2568,12/18/24 11:45:00,-0.525,,,,
2569,12/18/24 12:00:00,-0.6,,,,
2570,12/18/24 12:15:00,-0.625,,,,
2571,12/18/24 12:30:00,-0.5,,,,
2572,12/18/24 12:45:00,-0.5,,,,
2573,12/18/24 13:00:00,-0.675,,,,
2574,12/18/24 13:15:00,-0.65,,,,
2575,12/18/24 13:30:00,-0.525,,,,
2576,12/18/24 13:45:00,-0.55,,,,
2577,12/18/24 14:00:00,-0.55,,,,
2578,12/18/24 14:15:00,-0.075,,,,
2579,12/18/24 14:30:00,-0.025,,,,
2580,12/18/24 14:45:00,-0.025,,,,
2581,12/18/24 15:00:00,-0.025,,,,
2582,12/18/24 15:15:00,-0.025,,,,
2583,12/18/24 15:30:00,-0.025,,,,
2584,12/18/24 15:45:00,-0.025,,,,
2585,12/18/24 16:00:00,-0.025,,,,
2586,12/18/24 16:15:00,-0.025,,,,
2587,12/18/24 16:30:00,-0.025,,,,
2588,12/18/24 16:45:00,-0.025,,,,
2589,12/18/24 17:00:00,-0.025,,,,
2590,12/18/24 17:15:00,-0.025,,,,
2591,12/18/24 17:30:00,-0.025,,,,
2592,12/18/24 17:45:00,-0.025,,,,
2593,12/18/24 18:00:00,-0.025,,,,
2594,12/18/24 18:15:00,-0.025,,,,
2595,12/18/24 18:30:00,-0.025,,,,
2596,12/18/24 18:45:00,-0.025,,,,
2597,12/18/24 19:00:00,-0.025,,,,
2598,12/18/24 19:15:00,-0.025,,,,
2599,12/18/24 19:30:00,-0.025,,,,
2600,12/18/24 19:45:00,-0.025,,,,
2601,12/18/24 20:00:00,-0.025,,,,
2602,12/18/24 20:15:00,-0.025,,,,
2603,12/18/24 20:30:00,-0.025,,,,
2604,12/18/24 20:45:00,-0.025,,,,
2605,12/18/24 21:00:00,-0.025,,,,
2606,12/18/24 21:15:00,-0.025,,,,
2607,12/18/24 21:30:00,-0.025,,,,
2608,12/18/24 21:45:00,-0.025,,,,
2609,12/18/24 22:00:00,-0.025,,,,
2610,12/18/24 22:15:00,-0.025,,,,
2611,12/18/24 22:30:00,-0.025,,,,
2612,12/18/24 22:45:00,-0.025,,,,
2613,12/18/24 23:00:00,0,,,,
2614,12/18/24 23:15:00,-0.025,,,,
2615,12/18/24 23:30:00,-0.025,,,,
2616,12/18/24 23:45:00,-0.025,,,,
2617,12/19/24 00:00:00,-0.025,,,,
2618,12/19/24 00:15:00,-0.025,,,,
2619,12/19/24 00:30:00,0,,,,
2620,12/19/24 00:45:00,-0.025,,,,
2621,12/19/24 01:00:00,-0.025,,,,
2622,12/19/24 01:15:00,-0.025,,,,
2623,12/19/24 01:30:00,-0.025,,,,
2624,12/19/24 01:45:00,-0.025,,,,
2625,12/19/24 02:00:00,-0.025,,,,
2626,12/19/24 02:15:00,-0.025,,,,
2627,12/19/24 02:30:00,-0.025,,,,
2628,12/19/24 02:45:00,-0.025,,,,
2629,12/19/24 03:00:00,-0.025,,,,
2630,12/19/24 03:15:00,-0.025,,,,
2631,12/19/24 03:30:00,-0.025,,,,
2632,12/19/24 03:45:00,-0.025,,,,
2633,12/19/24 04:00:00,-0.025,,,,
2634,12/19/24 04:15:00,-0.025,,,,
2635,12/19/24 04:30:00,0,,,,
2636,12/19/24 04:45:00,-0.025,,,,
2637,12/19/24 05:00:00,-0.025,,,,
2638,12/19/24 05:15:00,-0.025,,,,
2639,12/19/24 05:30:00,-0.025,,,,
2640,12/19/24 05:45:00,-0.025,,,,
2641,12/19/24 06:00:00,-0.025,,,,
2642,12/19/24 06:15:00,-0.025,,,,
2643,12/19/24 06:30:00,-0.025,,,,
2644,12/19/24 06:45:00,-0.025,,,,
2645,12/19/24 07:00:00,-0.025,,,,
2646,12/19/24 07:15:00,-0.025,,,,
2647,12/19/24 07:30:00,0,,,,
2648,12/19/24 07:45:00,-0.025,,,,
2649,12/19/24 08:00:00,-0.025,,,,
2650,12/19/24 08:15:00,-0.025,,,,
2651,12/19/24 08:30:00,-0.025,,,,
2652,12/19/24 08:45:00,-0.025,,,,
2653,12/19/24 09:00:00,-0.025,,,,
2654,12/19/24 09:15:00,-0.025,,,,
2655,12/19/24 09:30:00,-0.025,,,,
2656,12/19/24 09:45:00,-0.025,,,,
2657,12/19/24 10:00:00,-0.025,,,,
2658,12/19/24 10:15:00,-0.025,,,,
2659,12/19/24 10:30:00,-0.025,,,,
2660,12/19/24 10:45:00,-0.025,,,,
2661,12/19/24 11:00:00,-0.025,,,,
2662,12/19/24 11:15:00,-0.025,,,,
2663,12/19/24 11:30:00,-0.025,,,,
2664,12/19/24 11:45:00,-0.025,,,,
2665,12/19/24 12:00:00,0.125,,,,
2666,12/19/24 12:15:00,0.125,,,,
2667,12/19/24 12:30:00,0.125,,,,
2668,12/19/24 12:45:00,0.125,,,,
2669,12/19/24 13:00:00,0.125,,,,
2670,12/19/24 13:15:00,-0.65,,,,
2671,12/19/24 13:30:00,-0.7,,,,
2672,12/19/24 13:45:00,-0.7,,,,
2673,12/19/24 14:00:00,-0.65,,,,
2674,12/19/24 14:15:00,0.05,,,,
2675,12/19/24 14:30:00,0.025,,,,
2676,12/19/24 14:45:00,0.025,,,,
2677,12/19/24 15:00:00,0.025,,,,
2678,12/19/24 15:15:00,0.025,,,,
2679,12/19/24 15:30:00,0.025,,,,
2680,12/19/24 15:45:00,0.025,,,,
2681,12/19/24 16:00:00,0.025,,,,
2682,12/19/24 16:15:00,0.025,,,,
2683,12/19/24 16:30:00,0.025,,,,
2684,12/19/24 16:45:00,0.125,,,,
2685,12/19/24 16:47:13,,Logged,Logged,,
2686,12/19/24 16:47:26,,,,Logged,Logged
